ticket_id,expected_sla_to_resolve,expected_sla_to_first_response,first_response_time,sla_for_first_response,resolution_time,sla_for_resolution,survey_results
2917,2023-08-23 07:01:38,2023-08-21 08:01:38,,SLA Violated,,SLA Violated,
2920,2023-08-23 06:49:00,2023-08-21 07:49:00,2023-08-21 07:09:57.278,Within SLA,2023-08-21 09:07:32.784,Within SLA,4.0
2921,2023-08-23 11:26:33,2023-08-21 12:26:33,2023-08-21 11:55:48.047,Within SLA,,SLA Violated,
2922,2023-08-22 11:51:18,2023-08-21 11:53:18,2023-08-21 11:53:12.996,Within SLA,,SLA Violated,
2923,2023-08-24 08:27:03,2023-08-22 09:27:03,2023-08-22 09:06:17.036,Within SLA,2023-08-23 10:39:22.044,Within SLA,
2924,2023-08-24 23:29:31,2023-08-23 00:29:31,2023-08-22 23:56:24.455,Within SLA,2023-08-24 10:07:35.302,Within SLA,
2926,2023-08-24 17:47:01,2023-08-22 18:47:01,2023-08-22 18:33:21.624,Within SLA,2023-08-23 04:31:15.670,Within SLA,
2927,2023-08-24 19:20:45,2023-08-22 20:20:45,2023-08-22 19:30:23.045,Within SLA,2023-08-27 05:55:43.816,SLA Violated,5.0
2928,2023-08-24 11:32:33,2023-08-22 12:32:33,2023-08-22 12:04:05.201,Within SLA,2023-08-24 04:56:03.685,Within SLA,
2929,2023-08-23 06:24:14,2023-08-22 06:26:14,2023-08-22 06:26:09.723,Within SLA,2023-08-23 02:18:07.157,Within SLA,5.0
2930,2023-08-24 03:11:45,2023-08-23 03:13:45,2023-08-23 03:11:46.372,Within SLA,2023-08-25 07:55:24.036,SLA Violated,3.0
2931,2023-08-23 07:00:56,2023-08-22 07:02:56,2023-08-22 07:02:12.281,Within SLA,2023-08-22 15:26:29.164,Within SLA,5.0
2932,2023-08-24 22:07:13,2023-08-22 23:07:13,2023-08-22 22:10:58.901,Within SLA,2023-08-23 23:04:47.800,Within SLA,4.0
2933,2023-08-24 22:04:49,2023-08-22 23:04:49,2023-08-22 22:10:14.812,Within SLA,2023-08-24 10:31:46.209,Within SLA,3.0
2934,2023-08-24 08:28:36,2023-08-22 08:30:36,2023-08-22 08:31:48.820,SLA Violated,2023-08-22 23:31:05.826,Within SLA,3.0
2935,2023-08-24 18:28:02,2023-08-23 18:30:02,2023-08-23 18:28:31.888,Within SLA,2023-08-28 08:44:55.406,SLA Violated,
2936,2023-08-25 21:19:57,2023-08-23 22:19:57,2023-08-23 22:17:05.638,Within SLA,2023-08-25 17:45:46.732,Within SLA,3.0
2937,2023-08-25 16:29:57,2023-08-23 17:29:57,2023-08-23 17:29:41.591,Within SLA,2023-08-24 04:34:09.625,Within SLA,
2938,2023-08-24 13:04:37,2023-08-23 13:06:37,2023-08-23 13:06:32.122,Within SLA,2023-08-24 08:20:45.001,Within SLA,
2939,2023-08-25 14:00:28,2023-08-23 15:00:28,2023-08-23 14:31:49.240,Within SLA,2023-08-24 00:05:52.084,Within SLA,
2940,2023-08-24 10:34:06,2023-08-23 10:36:06,2023-08-23 10:34:34.165,Within SLA,,SLA Violated,
2941,2023-08-25 06:51:32,2023-08-23 07:51:32,2023-08-23 08:03:56.107,SLA Violated,,SLA Violated,
2942,2023-08-25 13:34:18,2023-08-23 14:34:18,2023-08-23 13:35:52.744,Within SLA,2023-08-28 14:56:13.764,SLA Violated,
2943,2023-08-25 04:12:56,2023-08-23 05:12:56,2023-08-23 04:34:25.530,Within SLA,2023-08-26 22:56:39.254,SLA Violated,1.0
2944,2023-08-24 23:12:17,2023-08-23 23:14:17,2023-08-23 23:14:10.796,Within SLA,2023-08-24 11:12:14.693,Within SLA,1.0
2945,2023-08-24 22:56:26,2023-08-23 22:58:26,2023-08-23 22:57:38.832,Within SLA,2023-08-24 03:23:28.818,Within SLA,
2946,2023-08-26 05:23:22,2023-08-24 05:25:22,2023-08-24 05:23:47.419,Within SLA,2023-08-25 18:20:47.905,Within SLA,4.0
2947,2023-08-26 21:27:43,2023-08-24 22:27:43,2023-08-24 21:51:52.625,Within SLA,2023-08-26 07:40:21.543,Within SLA,1.0
2948,2023-08-25 20:51:43,2023-08-24 20:53:43,2023-08-24 20:52:03.431,Within SLA,2023-08-25 12:09:04.606,Within SLA,1.0
2949,2023-08-25 13:50:49,2023-08-24 13:52:49,2023-08-24 13:53:13.349,SLA Violated,2023-08-25 21:01:38.404,SLA Violated,
2950,2023-08-25 12:02:10,2023-08-24 12:04:10,2023-08-24 12:03:47.429,Within SLA,2023-08-24 22:43:57.625,Within SLA,2.0
2951,2023-08-26 22:11:52,2023-08-24 23:11:52,2023-08-24 22:39:53.609,Within SLA,2023-08-28 07:52:44.597,SLA Violated,
2952,2023-08-26 11:11:36,2023-08-24 12:11:36,2023-08-24 11:58:24.755,Within SLA,2023-08-26 07:09:55.415,Within SLA,4.0
2953,2023-08-26 10:44:24,2023-08-24 10:46:24,2023-08-24 10:46:05.074,Within SLA,,SLA Violated,
2954,2023-08-26 04:09:49,2023-08-24 05:09:49,2023-08-24 09:49:00.731,SLA Violated,2023-08-24 05:16:23.747,Within SLA,2.0
2955,2023-08-26 08:59:59,2023-08-24 09:59:59,2023-08-24 09:10:37.528,Within SLA,2023-08-25 14:26:23.620,Within SLA,
2956,2023-08-25 07:29:42,2023-08-24 07:31:42,2023-08-24 12:07:33.060,SLA Violated,2023-08-25 00:36:36.778,Within SLA,4.0
2957,2023-08-27 22:54:17,2023-08-25 23:54:17,2023-08-25 23:10:37.853,Within SLA,2023-08-27 04:36:22.619,Within SLA,3.0
2958,2023-08-26 23:31:27,2023-08-25 23:33:27,2023-08-25 23:32:56.498,Within SLA,2023-08-31 16:37:18.681,SLA Violated,4.0
2959,2023-08-28 01:09:36,2023-08-26 02:09:36,2023-08-26 01:50:24.277,Within SLA,2023-08-26 14:21:36.731,Within SLA,
2960,2023-08-28 00:56:12,2023-08-26 01:56:12,2023-08-26 01:21:57.539,Within SLA,2023-08-26 02:37:28.356,Within SLA,
2961,2023-08-28 02:55:35,2023-08-26 03:55:35,2023-08-26 03:18:33.108,Within SLA,2023-08-27 00:02:31.921,Within SLA,
2962,2023-08-27 05:17:34,2023-08-26 05:19:34,2023-08-26 05:18:43.553,Within SLA,2023-08-26 19:47:48.576,Within SLA,
2974,2023-08-28 16:53:28,2023-08-27 16:55:28,2023-08-27 16:54:21.244,Within SLA,2023-08-27 20:18:22.583,Within SLA,3.0
2975,2023-08-29 16:42:24,2023-08-27 17:42:24,2023-08-27 17:08:21.213,Within SLA,2023-08-29 02:19:12.955,Within SLA,5.0
2976,2023-08-29 16:32:47,2023-08-28 16:34:47,2023-08-28 16:34:29.354,Within SLA,,SLA Violated,
2977,2023-08-31 01:46:09,2023-08-29 01:48:09,2023-08-29 01:47:19.640,Within SLA,2023-08-30 00:48:49.850,Within SLA,
2978,2023-08-30 16:12:43,2023-08-28 17:12:43,2023-08-28 16:19:39.779,Within SLA,,SLA Violated,
2979,2023-08-29 09:34:03,2023-08-28 09:36:03,2023-08-28 09:34:23.825,Within SLA,2023-08-29 16:19:37.513,SLA Violated,
2980,2023-08-30 05:24:31,2023-08-28 06:24:31,2023-08-28 06:03:10.609,Within SLA,2023-08-29 12:50:12.878,Within SLA,4.0
2981,2023-08-29 13:07:20,2023-08-28 13:09:20,2023-08-28 13:12:47.159,SLA Violated,2023-08-29 11:38:16.312,Within SLA,
2982,2023-08-30 14:05:38,2023-08-28 15:05:38,2023-08-28 14:21:37.872,Within SLA,,SLA Violated,
2983,2023-08-30 23:45:35,2023-08-28 23:47:35,2023-08-28 23:50:54.506,SLA Violated,,SLA Violated,
2984,2023-08-31 12:29:05,2023-08-29 13:29:05,2023-08-29 12:55:17.858,Within SLA,2023-08-31 04:22:21.580,Within SLA,4.0
2985,2023-08-31 10:58:39,2023-08-29 11:58:39,2023-08-29 11:15:23.530,Within SLA,,SLA Violated,
2986,2023-08-31 15:45:15,2023-08-29 16:45:15,2023-08-29 15:59:05.487,Within SLA,2023-08-31 11:00:12.733,Within SLA,3.0
2987,2023-08-30 09:25:56,2023-08-29 09:27:56,2023-08-29 09:26:50.379,Within SLA,2023-08-31 09:38:12.317,SLA Violated,
2988,2023-08-30 12:19:53,2023-08-29 12:21:53,2023-08-29 12:25:33.214,SLA Violated,2023-08-30 00:58:18.473,Within SLA,
2989,2023-08-31 09:38:56,2023-08-29 10:38:56,2023-08-29 09:58:09.154,Within SLA,2023-08-29 16:09:41.522,Within SLA,
2990,2023-09-01 02:00:38,2023-08-30 03:00:38,2023-08-30 02:48:24.797,Within SLA,2023-08-30 10:38:54.938,Within SLA,2.0
2991,2023-09-02 01:41:11,2023-08-31 02:41:11,2023-08-31 02:33:12.320,Within SLA,2023-09-01 10:32:19.640,Within SLA,5.0
2992,2023-09-01 21:06:02,2023-08-30 21:08:02,2023-08-30 21:07:10.898,Within SLA,2023-08-31 22:10:36.213,Within SLA,3.0
2993,2023-09-01 14:31:49,2023-08-30 15:31:49,2023-08-30 15:27:56.507,Within SLA,2023-09-02 04:27:51.646,SLA Violated,3.0
2994,2023-09-01 03:45:05,2023-08-31 03:47:05,2023-08-31 03:46:51.629,Within SLA,2023-09-04 08:57:09.349,SLA Violated,5.0
2995,2023-09-01 16:44:26,2023-08-30 17:44:26,2023-08-30 17:13:59.271,Within SLA,2023-08-31 01:25:56.596,Within SLA,4.0
2996,2023-08-31 13:09:49,2023-08-30 13:11:49,2023-08-30 13:10:43.432,Within SLA,2023-08-30 13:48:23.927,Within SLA,1.0
2997,2023-08-31 23:32:54,2023-08-30 23:34:54,2023-08-30 23:33:08.894,Within SLA,,SLA Violated,
2998,2023-08-31 08:21:13,2023-08-30 08:23:13,2023-08-30 08:21:44.193,Within SLA,2023-08-31 06:01:37.328,Within SLA,
2999,2023-09-01 09:34:14,2023-08-30 10:34:14,2023-08-30 09:52:40.188,Within SLA,2023-09-02 08:34:12.359,SLA Violated,
3000,2023-09-02 06:16:21,2023-08-31 06:18:21,2023-08-31 06:18:19.415,Within SLA,,SLA Violated,
3001,2023-09-02 21:03:27,2023-08-31 22:03:27,2023-09-01 02:45:13.543,SLA Violated,2023-09-02 00:34:27.763,Within SLA,4.0
3002,2023-09-03 02:11:35,2023-09-01 03:11:35,2023-09-01 02:32:55.908,Within SLA,2023-09-03 02:06:58.003,Within SLA,
3003,2023-09-02 20:32:43,2023-08-31 20:34:43,2023-08-31 20:34:37.355,Within SLA,2023-09-01 09:33:45.373,Within SLA,
3004,2023-09-01 21:52:50,2023-08-31 21:54:50,2023-08-31 21:54:35.901,Within SLA,,SLA Violated,
3005,2023-09-01 10:04:03,2023-08-31 10:06:03,2023-08-31 10:05:48.663,Within SLA,2023-09-01 07:26:39.726,Within SLA,3.0
3006,2023-09-02 12:10:53,2023-08-31 13:10:53,2023-08-31 12:48:27.897,Within SLA,2023-09-05 07:26:58.715,SLA Violated,5.0
3007,2023-09-02 22:47:17,2023-08-31 23:47:17,2023-08-31 23:02:06.816,Within SLA,2023-09-01 19:09:03.311,Within SLA,4.0
3008,2023-09-04 01:09:41,2023-09-02 02:09:41,2023-09-02 01:28:34.531,Within SLA,2023-09-02 17:06:09.868,Within SLA,5.0
3009,2023-09-04 03:33:18,2023-09-02 04:33:18,2023-09-02 04:10:50.690,Within SLA,2023-09-06 14:42:38.218,SLA Violated,3.0
3010,2023-09-04 00:08:06,2023-09-02 01:08:06,2023-09-02 00:28:43.564,Within SLA,2023-09-03 01:15:18.618,Within SLA,
3011,2023-09-03 15:39:17,2023-09-01 15:41:17,2023-09-01 15:40:57.346,Within SLA,2023-09-01 21:16:52.618,Within SLA,
3012,2023-09-03 15:16:05,2023-09-01 16:16:05,2023-09-01 15:51:09.768,Within SLA,2023-09-02 03:46:04.070,Within SLA,
3013,2023-09-03 08:42:18,2023-09-01 09:42:18,2023-09-01 09:03:28.978,Within SLA,2023-09-02 10:13:10.219,Within SLA,
3014,2023-09-03 18:27:41,2023-09-01 19:27:41,2023-09-01 19:21:20.949,Within SLA,2023-09-01 21:35:30.214,Within SLA,1.0
3015,2023-09-03 19:08:51,2023-09-01 20:08:51,2023-09-01 19:51:54.778,Within SLA,2023-09-04 14:33:14.263,SLA Violated,3.0
3020,2023-09-04 21:49:22,2023-09-02 22:49:22,2023-09-02 22:28:41.818,Within SLA,2023-09-07 17:37:27.598,SLA Violated,
3021,2023-09-03 06:22:49,2023-09-02 06:24:49,2023-09-02 06:23:50.906,Within SLA,2023-09-05 00:20:28.283,SLA Violated,5.0
3022,2023-09-04 20:18:23,2023-09-03 20:20:23,2023-09-03 20:18:47.956,Within SLA,2023-09-04 11:07:23.317,Within SLA,4.0
3023,2023-09-04 12:27:59,2023-09-03 12:29:59,2023-09-03 12:29:36.415,Within SLA,2023-09-03 20:02:16.019,Within SLA,
3024,2023-09-04 18:17:38,2023-09-03 18:19:38,2023-09-03 18:19:03.382,Within SLA,2023-09-08 12:46:18.339,SLA Violated,
3025,2023-09-05 15:23:01,2023-09-03 16:23:01,2023-09-03 15:48:05.660,Within SLA,2023-09-04 21:15:40.116,Within SLA,1.0
3026,2023-09-06 00:05:09,2023-09-05 00:07:09,2023-09-05 00:05:40.042,Within SLA,2023-09-05 02:39:16.729,Within SLA,5.0
3027,2023-09-06 02:18:03,2023-09-05 02:20:03,2023-09-05 02:19:18.328,Within SLA,2023-09-05 16:33:37.427,Within SLA,
3028,2023-09-06 05:34:53,2023-09-04 05:36:53,2023-09-04 05:40:51.054,SLA Violated,2023-09-06 17:01:40.881,SLA Violated,5.0
3029,2023-09-07 03:39:26,2023-09-05 04:39:26,2023-09-05 03:48:27.566,Within SLA,2023-09-06 20:11:46.442,Within SLA,1.0
3030,2023-09-05 14:55:40,2023-09-04 14:57:40,2023-09-04 14:56:32.081,Within SLA,2023-09-05 07:16:41.243,Within SLA,
3031,2023-09-05 14:51:23,2023-09-04 14:53:23,2023-09-04 14:52:23.851,Within SLA,,SLA Violated,
3032,2023-09-06 19:27:00,2023-09-04 20:27:00,2023-09-04 19:45:33.205,Within SLA,2023-09-06 00:58:53.850,Within SLA,
3033,2023-09-06 10:07:30,2023-09-05 10:09:30,2023-09-05 10:09:09.554,Within SLA,2023-09-06 06:35:53.191,Within SLA,5.0
3034,2023-09-06 07:58:35,2023-09-05 08:00:35,2023-09-05 07:59:03.445,Within SLA,2023-09-09 11:52:41.277,SLA Violated,1.0
3035,2023-09-06 18:43:52,2023-09-05 18:45:52,2023-09-05 18:44:36.741,Within SLA,2023-09-06 06:18:09.160,Within SLA,4.0
3036,2023-09-08 20:42:58,2023-09-06 21:42:58,2023-09-06 21:23:57.615,Within SLA,2023-09-09 21:34:18.199,SLA Violated,3.0
3037,2023-09-08 21:04:33,2023-09-06 22:04:33,2023-09-06 21:42:34.411,Within SLA,2023-09-08 15:12:19.732,Within SLA,5.0
3038,2023-09-07 06:29:17,2023-09-06 06:31:17,2023-09-06 06:30:36.055,Within SLA,2023-09-06 16:41:39.578,Within SLA,
3039,2023-09-07 19:30:44,2023-09-06 19:32:44,2023-09-06 19:31:51.380,Within SLA,2023-09-07 06:04:07.539,Within SLA,4.0
3040,2023-09-09 03:22:01,2023-09-07 04:22:01,2023-09-07 03:45:19.811,Within SLA,2023-09-10 03:58:03.288,SLA Violated,4.0
3041,2023-09-08 06:31:53,2023-09-06 07:31:53,2023-09-07 10:24:36.621,SLA Violated,,SLA Violated,
3042,2023-09-08 10:16:22,2023-09-06 11:16:22,2023-09-06 10:46:58.515,Within SLA,2023-09-11 03:22:59.533,SLA Violated,
3043,2023-09-08 14:11:05,2023-09-07 14:13:05,2023-09-07 14:12:22.824,Within SLA,2023-09-07 22:21:55.600,Within SLA,2.0
3044,2023-09-08 04:48:48,2023-09-07 04:50:48,2023-09-07 04:49:59.853,Within SLA,2023-09-08 00:48:24.889,Within SLA,5.0
3045,2023-09-09 14:33:10,2023-09-07 14:35:10,2023-09-07 14:34:02.893,Within SLA,2023-09-08 06:19:43.887,Within SLA,5.0
3046,2023-09-09 18:17:03,2023-09-07 19:17:03,2023-09-07 18:40:32.399,Within SLA,2023-09-07 18:56:00.179,Within SLA,4.0
3047,2023-09-09 06:32:34,2023-09-07 06:34:34,2023-09-07 06:32:34.610,Within SLA,2023-09-08 08:10:45.390,Within SLA,3.0
3048,2023-09-08 12:39:28,2023-09-07 12:41:28,2023-09-07 12:41:13.372,Within SLA,2023-09-08 11:24:13.574,Within SLA,5.0
3049,2023-09-08 15:21:45,2023-09-07 15:23:45,2023-09-07 15:22:47.807,Within SLA,2023-09-13 00:35:51.312,SLA Violated,
3050,2023-09-09 10:40:11,2023-09-08 10:42:11,2023-09-08 10:41:04.590,Within SLA,,SLA Violated,
3051,2023-09-09 13:52:38,2023-09-08 13:54:38,2023-09-08 13:54:36.979,Within SLA,2023-09-09 08:34:42.410,Within SLA,4.0
3052,2023-09-10 12:22:08,2023-09-08 13:22:08,2023-09-08 13:08:48.256,Within SLA,2023-09-13 14:23:22.316,SLA Violated,
3053,2023-09-11 02:51:17,2023-09-09 03:51:17,2023-09-09 03:27:09.192,Within SLA,2023-09-10 20:49:02.186,Within SLA,4.0
3054,2023-09-10 00:21:49,2023-09-09 00:23:49,2023-09-09 00:21:56.031,Within SLA,,SLA Violated,
3055,2023-09-11 17:21:44,2023-09-09 17:23:44,2023-09-09 17:22:12.304,Within SLA,,SLA Violated,
3056,2023-09-11 19:22:52,2023-09-09 20:22:52,2023-09-09 19:32:08.513,Within SLA,,SLA Violated,
3057,2023-09-10 11:08:07,2023-09-09 11:10:07,2023-09-09 11:08:27.908,Within SLA,2023-09-09 18:46:44.446,Within SLA,
3058,2023-09-11 10:14:30,2023-09-09 10:16:30,2023-09-09 10:15:53.092,Within SLA,2023-09-10 23:59:48.552,Within SLA,2.0
3068,2023-09-11 13:12:48,2023-09-10 13:14:48,2023-09-10 13:14:34.332,Within SLA,,SLA Violated,
3069,2023-09-11 07:13:55,2023-09-10 07:15:55,2023-09-10 07:19:46.349,SLA Violated,2023-09-10 09:16:13.378,Within SLA,5.0
3070,2023-09-12 00:22:38,2023-09-11 00:24:38,2023-09-11 00:24:12.708,Within SLA,2023-09-11 17:21:39.623,Within SLA,
3071,2023-09-11 10:36:03,2023-09-10 10:38:03,2023-09-10 10:36:14.376,Within SLA,2023-09-11 05:00:25.798,Within SLA,
3072,2023-09-12 16:01:46,2023-09-11 16:03:46,2023-09-11 16:02:31.341,Within SLA,,SLA Violated,
3073,2023-09-13 10:29:45,2023-09-11 11:29:45,2023-09-11 11:09:56.491,Within SLA,2023-09-16 22:25:50.665,SLA Violated,5.0
3074,2023-09-12 09:40:59,2023-09-11 09:42:59,2023-09-11 09:41:12.078,Within SLA,2023-09-12 01:48:04.664,Within SLA,5.0
3075,2023-09-14 03:52:07,2023-09-12 04:52:07,2023-09-12 04:29:58.643,Within SLA,2023-09-17 07:02:18.067,SLA Violated,
3076,2023-09-12 11:01:21,2023-09-11 11:03:21,2023-09-11 11:02:06.244,Within SLA,2023-09-11 18:15:28.211,Within SLA,
3077,2023-09-13 04:39:37,2023-09-11 05:39:37,2023-09-11 05:36:09.414,Within SLA,2023-09-12 01:09:09.479,Within SLA,
3078,2023-09-13 05:52:30,2023-09-11 06:52:30,2023-09-11 06:47:22.749,Within SLA,2023-09-11 22:22:18.250,Within SLA,5.0
3079,2023-09-13 20:12:48,2023-09-11 21:12:48,2023-09-11 21:22:53.917,SLA Violated,2023-09-15 08:22:40.166,SLA Violated,4.0
3080,2023-09-13 19:14:55,2023-09-12 19:16:55,2023-09-12 19:16:09.724,Within SLA,2023-09-12 21:40:36.828,Within SLA,5.0
3081,2023-09-14 03:05:55,2023-09-13 03:07:55,2023-09-13 03:10:40.473,SLA Violated,2023-09-13 13:25:52.168,Within SLA,
3082,2023-09-13 17:30:51,2023-09-12 17:32:51,2023-09-12 17:30:53.904,Within SLA,2023-09-14 10:04:12.874,SLA Violated,
3083,2023-09-13 05:42:27,2023-09-12 05:44:27,2023-09-12 05:43:05.717,Within SLA,2023-09-12 14:53:40.480,Within SLA,4.0
3084,2023-09-15 01:51:21,2023-09-13 02:51:21,2023-09-13 02:12:13.942,Within SLA,2023-09-14 21:06:18.339,Within SLA,4.0
3085,2023-09-13 09:30:01,2023-09-12 09:32:01,2023-09-12 09:30:19.564,Within SLA,2023-09-12 18:05:41.191,Within SLA,5.0
3086,2023-09-13 11:10:41,2023-09-12 11:12:41,2023-09-12 11:10:50.680,Within SLA,,SLA Violated,
3087,2023-09-15 12:10:13,2023-09-13 13:10:13,2023-09-13 12:17:34.606,Within SLA,2023-09-15 00:28:32.179,Within SLA,
3088,2023-09-15 11:27:37,2023-09-13 12:27:37,2023-09-13 11:52:03.781,Within SLA,2023-09-15 08:46:52.186,Within SLA,
3089,2023-09-16 02:49:49,2023-09-14 03:49:49,2023-09-14 03:39:43.642,Within SLA,2023-09-15 16:53:26.442,Within SLA,
3090,2023-09-15 22:38:56,2023-09-13 23:38:56,2023-09-13 23:31:26.220,Within SLA,2023-09-18 06:53:51.312,SLA Violated,2.0
3091,2023-09-15 09:38:34,2023-09-13 10:38:34,2023-09-13 09:48:28.023,Within SLA,2023-09-14 11:09:31.195,Within SLA,1.0
3092,2023-09-15 06:24:22,2023-09-14 06:26:22,2023-09-14 06:30:21.280,SLA Violated,2023-09-15 04:20:30.572,Within SLA,4.0
3093,2023-09-16 20:22:03,2023-09-14 21:22:03,2023-09-14 21:18:30.317,Within SLA,2023-09-16 16:27:22.202,Within SLA,2.0
3094,2023-09-16 05:53:12,2023-09-14 06:53:12,2023-09-14 06:04:37.329,Within SLA,2023-09-15 01:40:06.257,Within SLA,
3095,2023-09-16 16:58:10,2023-09-14 17:58:10,2023-09-14 17:27:52.488,Within SLA,,SLA Violated,
3096,2023-09-17 06:21:22,2023-09-15 07:21:22,2023-09-15 06:33:21.676,Within SLA,2023-09-15 18:11:00.026,Within SLA,5.0
3097,2023-09-17 03:13:37,2023-09-16 03:15:37,2023-09-16 03:13:56.628,Within SLA,,SLA Violated,
3098,2023-09-16 13:52:42,2023-09-15 13:54:42,2023-09-15 13:52:49.449,Within SLA,2023-09-19 10:30:02.521,SLA Violated,4.0
3099,2023-09-16 06:34:04,2023-09-15 06:36:04,2023-09-15 06:34:46.675,Within SLA,2023-09-16 02:05:19.458,Within SLA,2.0
3100,2023-09-17 16:12:26,2023-09-15 16:14:26,2023-09-15 16:13:39.679,Within SLA,2023-09-15 23:33:43.525,Within SLA,
3101,2023-09-16 11:31:17,2023-09-15 11:33:17,2023-09-15 11:31:29.380,Within SLA,2023-09-20 20:16:51.251,SLA Violated,3.0
3102,2023-09-16 13:48:58,2023-09-15 13:50:58,2023-09-15 13:50:46.511,Within SLA,2023-09-16 00:28:44.418,Within SLA,4.0
3103,2023-09-17 17:32:04,2023-09-15 17:34:04,2023-09-15 17:34:24.604,SLA Violated,2023-09-16 15:18:41.820,Within SLA,5.0
3104,2023-09-18 01:36:50,2023-09-17 01:38:50,2023-09-17 01:38:37.369,Within SLA,2023-09-20 01:43:43.908,SLA Violated,
3105,2023-09-18 07:27:45,2023-09-16 08:27:45,2023-09-16 08:11:39.547,Within SLA,2023-09-16 15:23:53.626,Within SLA,1.0
3120,2023-09-18 08:00:18,2023-09-17 08:02:18,2023-09-17 08:01:33.335,Within SLA,2023-09-17 23:22:26.293,Within SLA,
3122,2023-09-19 11:39:25,2023-09-17 12:39:25,2023-09-17 12:29:38.953,Within SLA,2023-09-18 23:40:12.701,Within SLA,1.0
3124,2023-09-21 01:59:50,2023-09-19 02:59:50,2023-09-19 02:30:57.994,Within SLA,2023-09-19 06:32:02.352,Within SLA,5.0
3125,2023-09-19 22:47:16,2023-09-18 22:49:16,2023-09-18 22:47:20.147,Within SLA,2023-09-19 03:03:28.688,Within SLA,3.0
3126,2023-09-20 06:37:37,2023-09-18 07:37:37,2023-09-18 06:57:41.883,Within SLA,2023-09-19 21:43:58.025,Within SLA,1.0
3127,2023-09-20 14:26:53,2023-09-18 15:26:53,2023-09-18 15:12:26.385,Within SLA,2023-09-20 05:50:52.007,Within SLA,2.0
3128,2023-09-19 23:11:54,2023-09-18 23:13:54,2023-09-18 23:11:56.873,Within SLA,2023-09-22 14:01:30.035,SLA Violated,3.0
3130,2023-09-21 02:00:02,2023-09-19 03:00:02,2023-09-19 02:12:46.255,Within SLA,2023-09-20 05:54:29.531,Within SLA,
3132,2023-09-19 10:51:24,2023-09-18 10:53:24,2023-09-18 10:54:54.742,SLA Violated,2023-09-21 07:38:34.501,SLA Violated,2.0
3133,2023-09-20 15:31:34,2023-09-18 16:31:34,2023-09-18 19:25:29.741,SLA Violated,2023-09-19 00:58:58.036,Within SLA,5.0
3134,2023-09-20 18:49:08,2023-09-18 19:49:08,2023-09-18 18:51:20.588,Within SLA,2023-09-20 21:39:53.064,SLA Violated,4.0
3135,2023-09-21 15:41:28,2023-09-19 16:41:28,2023-09-19 15:59:26.444,Within SLA,,SLA Violated,
3136,2023-09-21 11:00:57,2023-09-19 12:00:57,2023-09-19 11:57:24.468,Within SLA,2023-09-21 00:49:37.655,Within SLA,4.0
3137,2023-09-20 09:34:04,2023-09-19 09:36:04,2023-09-19 09:34:36.794,Within SLA,2023-09-20 07:17:57.688,Within SLA,
3138,2023-09-22 05:36:50,2023-09-20 06:36:50,2023-09-20 05:52:15.840,Within SLA,2023-09-21 08:46:41.321,Within SLA,1.0
3139,2023-09-22 09:23:18,2023-09-20 10:23:18,2023-09-20 10:23:17.930,Within SLA,2023-09-22 05:56:50.760,Within SLA,1.0
3141,2023-09-22 15:15:58,2023-09-20 15:17:58,2023-09-20 15:20:17.566,SLA Violated,2023-09-20 17:19:07.271,Within SLA,
3142,2023-09-21 19:41:51,2023-09-20 19:43:51,2023-09-20 19:42:55.204,Within SLA,,SLA Violated,
3143,2023-09-21 04:42:32,2023-09-20 04:44:32,2023-09-20 04:44:01.795,Within SLA,2023-09-21 00:25:11.862,Within SLA,3.0
3144,2023-09-23 19:52:27,2023-09-21 20:52:27,2023-09-21 20:50:20.524,Within SLA,2023-09-22 04:53:20.800,Within SLA,2.0
3145,2023-09-23 02:13:48,2023-09-22 02:15:48,2023-09-22 02:15:36.792,Within SLA,2023-09-22 08:20:05.365,Within SLA,
3146,2023-09-24 03:10:40,2023-09-22 04:10:40,2023-09-22 04:06:16.672,Within SLA,2023-09-23 19:42:23.352,Within SLA,3.0
3147,2023-09-23 18:23:24,2023-09-21 18:25:24,2023-09-21 18:24:49.866,Within SLA,2023-09-22 14:27:56.964,Within SLA,5.0
3148,2023-09-23 11:49:40,2023-09-21 12:49:40,2023-09-21 12:20:44.071,Within SLA,2023-09-26 05:47:18.196,SLA Violated,3.0
3149,2023-09-23 23:00:10,2023-09-21 23:02:10,2023-09-21 23:01:53.011,Within SLA,2023-09-22 22:38:30.088,Within SLA,2.0
3150,2023-09-23 20:36:25,2023-09-21 20:38:25,2023-09-21 20:37:33.873,Within SLA,2023-09-24 21:45:03.005,SLA Violated,4.0
3151,2023-09-23 14:25:35,2023-09-21 14:27:35,2023-09-21 14:29:59.195,SLA Violated,2023-09-23 12:50:53.597,Within SLA,5.0
3152,2023-09-23 05:23:47,2023-09-22 05:25:47,2023-09-22 05:29:28.774,SLA Violated,2023-09-22 19:35:24.916,Within SLA,4.0
3153,2023-09-23 19:53:36,2023-09-22 19:55:36,2023-09-22 19:53:56.581,Within SLA,2023-09-25 20:13:56.776,SLA Violated,5.0
3154,2023-09-24 08:05:12,2023-09-22 09:05:12,2023-09-22 08:48:27.497,Within SLA,2023-09-23 02:10:31.154,Within SLA,1.0
3155,2023-09-24 09:52:08,2023-09-22 09:54:08,2023-09-22 09:53:50.453,Within SLA,2023-09-23 00:15:40.650,Within SLA,
3156,2023-09-25 03:23:44,2023-09-23 03:25:44,2023-09-23 03:24:15.693,Within SLA,2023-09-23 05:05:46.678,Within SLA,5.0
3157,2023-09-24 01:49:23,2023-09-23 01:51:23,2023-09-23 01:50:19.341,Within SLA,2023-09-23 10:59:05.760,Within SLA,
3158,2023-09-23 23:56:13,2023-09-22 23:58:13,2023-09-22 23:56:38.205,Within SLA,2023-09-28 19:01:59.015,SLA Violated,5.0
3159,2023-09-24 05:37:21,2023-09-22 06:37:21,2023-09-22 05:50:37.937,Within SLA,2023-09-25 14:33:14.409,SLA Violated,
3160,2023-09-24 13:32:02,2023-09-22 13:34:02,2023-09-22 13:32:42.226,Within SLA,2023-09-24 09:36:07.484,Within SLA,3.0
3161,2023-09-23 04:55:01,2023-09-22 04:57:01,2023-09-22 04:55:40.756,Within SLA,2023-09-22 18:14:26.417,Within SLA,
3162,2023-09-25 20:45:45,2023-09-23 21:45:45,2023-09-23 20:55:13.380,Within SLA,2023-09-27 09:04:32.910,SLA Violated,1.0
3163,2023-09-25 04:34:40,2023-09-23 05:34:40,2023-09-23 05:32:32.826,Within SLA,2023-09-25 03:12:16.932,Within SLA,4.0
3164,2023-09-25 05:32:55,2023-09-23 06:32:55,2023-09-23 06:00:10.025,Within SLA,2023-09-24 11:19:51.672,Within SLA,4.0
3178,2023-09-26 23:44:22,2023-09-25 00:44:22,2023-09-25 00:33:08.531,Within SLA,,SLA Violated,
3179,2023-09-25 07:25:42,2023-09-24 07:27:42,2023-09-24 07:27:06.310,Within SLA,2023-09-25 05:19:16.206,Within SLA,5.0
3180,2023-09-26 01:16:42,2023-09-25 01:18:42,2023-09-25 01:18:30.211,Within SLA,,SLA Violated,
3181,2023-09-26 14:35:13,2023-09-25 14:37:13,2023-09-25 14:36:35.532,Within SLA,2023-09-26 06:54:57.669,Within SLA,4.0
3182,2023-09-27 19:13:39,2023-09-25 20:13:39,2023-09-25 19:40:02.766,Within SLA,2023-09-26 23:59:33.591,Within SLA,5.0
3183,2023-09-27 05:25:06,2023-09-25 06:25:06,2023-09-25 05:27:56.215,Within SLA,,SLA Violated,
3184,2023-09-26 07:28:54,2023-09-25 07:30:54,2023-09-25 07:30:36.041,Within SLA,2023-09-25 18:49:06.655,Within SLA,
3185,2023-09-27 07:57:29,2023-09-25 07:59:29,2023-09-25 08:03:16.187,SLA Violated,2023-09-27 23:05:46.846,SLA Violated,
3186,2023-09-27 09:24:37,2023-09-25 09:26:37,2023-09-25 09:25:35.296,Within SLA,2023-09-25 21:23:42.673,Within SLA,
3187,2023-09-26 19:07:49,2023-09-25 19:09:49,2023-09-25 19:09:36.810,Within SLA,2023-09-26 08:31:53.608,Within SLA,1.0
3188,2023-09-27 13:47:27,2023-09-25 13:49:27,2023-09-25 13:47:36.221,Within SLA,2023-09-25 22:31:02.832,Within SLA,4.0
3189,2023-09-26 19:40:01,2023-09-25 19:42:01,2023-09-25 19:41:08.409,Within SLA,2023-09-26 10:33:03.445,Within SLA,
3190,2023-09-29 02:51:15,2023-09-27 03:51:15,2023-09-27 03:07:18.118,Within SLA,2023-09-27 11:56:17.333,Within SLA,3.0
3191,2023-09-28 19:34:41,2023-09-26 20:34:41,2023-09-26 20:24:49.837,Within SLA,2023-10-01 13:36:10.537,SLA Violated,5.0
3192,2023-09-28 21:16:49,2023-09-26 22:16:49,2023-09-26 21:53:48.929,Within SLA,2023-09-27 10:30:46.995,Within SLA,1.0
3193,2023-09-28 15:00:11,2023-09-26 15:02:11,2023-09-26 15:00:21.447,Within SLA,2023-09-28 07:55:06.818,Within SLA,4.0
3194,2023-09-28 16:56:07,2023-09-26 17:56:07,2023-09-26 17:15:00.390,Within SLA,,SLA Violated,
3196,2023-09-29 05:56:05,2023-09-27 06:56:05,2023-09-27 06:42:28.193,Within SLA,2023-09-28 08:08:42.299,Within SLA,
3197,2023-09-30 02:45:17,2023-09-28 03:45:17,2023-09-28 03:26:03.672,Within SLA,,SLA Violated,
3198,2023-09-28 09:29:59,2023-09-27 09:31:59,2023-09-27 09:33:14.077,SLA Violated,2023-09-30 16:01:11.557,SLA Violated,1.0
3200,2023-09-28 10:14:51,2023-09-27 10:16:51,2023-09-27 10:19:46.101,SLA Violated,2023-09-28 01:31:15.238,Within SLA,5.0
3201,2023-09-28 09:52:12,2023-09-27 09:54:12,2023-09-27 09:54:09.016,Within SLA,2023-10-03 08:32:54.382,SLA Violated,5.0
3202,2023-09-28 13:00:12,2023-09-27 13:02:12,2023-09-27 13:01:38.154,Within SLA,2023-09-28 05:56:50.372,Within SLA,
3203,2023-09-28 14:58:40,2023-09-27 15:00:40,2023-09-27 15:00:23.701,Within SLA,,SLA Violated,
3204,2023-09-29 04:18:02,2023-09-27 05:18:02,2023-09-27 04:49:09.982,Within SLA,2023-09-28 09:08:57.833,Within SLA,4.0
3205,2023-09-29 18:36:20,2023-09-27 19:36:20,2023-09-27 19:13:43.393,Within SLA,2023-09-29 08:48:29.819,Within SLA,3.0
3206,2023-09-29 15:38:17,2023-09-28 15:40:17,2023-09-28 15:40:12.158,Within SLA,,SLA Violated,
3207,2023-09-29 06:28:25,2023-09-28 06:30:25,2023-09-28 06:33:31.470,SLA Violated,2023-09-28 14:03:24.849,Within SLA,4.0
3208,2023-09-30 12:07:52,2023-09-28 13:07:52,2023-09-28 12:43:24.997,Within SLA,2023-09-29 15:54:36.872,Within SLA,
3209,2023-09-30 18:43:00,2023-09-28 19:43:00,2023-09-28 19:12:18.804,Within SLA,2023-10-03 01:26:33.233,SLA Violated,3.0
3210,2023-09-30 22:54:26,2023-09-28 23:54:26,2023-09-28 22:56:27.790,Within SLA,2023-10-01 20:54:06.980,SLA Violated,1.0
3211,2023-09-29 11:43:20,2023-09-28 11:45:20,2023-09-28 11:43:57.880,Within SLA,2023-09-28 15:39:35.016,Within SLA,3.0
3212,2023-09-29 22:52:08,2023-09-28 22:54:08,2023-09-28 22:52:16.648,Within SLA,,SLA Violated,
3214,2023-10-01 05:39:42,2023-09-29 06:39:42,2023-09-29 06:14:56.572,Within SLA,2023-09-29 22:55:59.280,Within SLA,2.0
3215,2023-10-02 03:41:14,2023-09-30 04:41:14,2023-09-30 04:14:07.764,Within SLA,2023-09-30 04:24:51.569,Within SLA,5.0
3216,2023-10-01 13:45:58,2023-09-29 14:45:58,2023-09-29 14:37:03.248,Within SLA,2023-09-30 18:43:47.313,Within SLA,
3218,2023-10-02 05:21:38,2023-09-30 06:21:38,2023-09-30 05:59:58.150,Within SLA,2023-10-05 02:54:07.567,SLA Violated,5.0
3219,2023-10-02 06:53:40,2023-09-30 06:55:40,2023-09-30 06:59:13.773,SLA Violated,2023-10-05 16:12:59.208,SLA Violated,
3220,2023-10-02 20:21:10,2023-09-30 21:21:10,2023-09-30 21:09:31.892,Within SLA,2023-10-01 00:48:13.405,Within SLA,1.0
3228,2023-10-03 16:32:53,2023-10-01 16:34:53,2023-10-01 16:34:07.055,Within SLA,2023-10-03 16:04:41.840,Within SLA,
3229,2023-10-04 06:28:15,2023-10-02 06:30:15,2023-10-02 06:29:17.224,Within SLA,2023-10-06 14:24:06.352,SLA Violated,
3230,2023-10-04 22:04:18,2023-10-02 23:04:18,2023-10-03 01:28:48.523,SLA Violated,2023-10-02 22:39:20.745,Within SLA,
3231,2023-10-03 12:19:12,2023-10-02 12:21:12,2023-10-02 12:19:59.283,Within SLA,2023-10-03 06:05:09.493,Within SLA,
3232,2023-10-04 00:30:48,2023-10-03 00:32:48,2023-10-03 00:32:38.955,Within SLA,2023-10-03 09:55:23.267,Within SLA,
3233,2023-10-04 10:05:57,2023-10-02 10:07:57,2023-10-02 10:06:45.307,Within SLA,2023-10-04 05:30:26.117,Within SLA,2.0
3234,2023-10-05 03:15:59,2023-10-03 04:15:59,2023-10-03 03:55:47.070,Within SLA,2023-10-06 10:21:34.711,SLA Violated,
3235,2023-10-04 07:14:09,2023-10-02 07:16:09,2023-10-02 07:19:14.916,SLA Violated,2023-10-03 09:36:35.414,Within SLA,3.0
3236,2023-10-05 05:21:20,2023-10-03 06:21:20,2023-10-03 05:49:32.920,Within SLA,2023-10-04 12:40:49.878,Within SLA,
3237,2023-10-04 12:47:28,2023-10-03 12:49:28,2023-10-03 12:50:32.764,SLA Violated,2023-10-04 12:40:20.230,Within SLA,4.0
3238,2023-10-04 06:51:22,2023-10-03 06:53:22,2023-10-03 06:53:08.374,Within SLA,2023-10-04 04:17:37.943,Within SLA,
3239,2023-10-05 06:21:32,2023-10-03 07:21:32,2023-10-03 06:38:44.157,Within SLA,2023-10-04 23:30:32.471,Within SLA,3.0
3240,2023-10-05 02:55:49,2023-10-04 02:57:49,2023-10-04 02:56:58.325,Within SLA,2023-10-07 19:01:05.068,SLA Violated,
3241,2023-10-05 20:05:53,2023-10-03 21:05:53,2023-10-03 20:53:53.421,Within SLA,,SLA Violated,
3242,2023-10-04 16:16:58,2023-10-03 16:18:58,2023-10-03 16:18:21.917,Within SLA,2023-10-08 05:25:14.699,SLA Violated,4.0
3243,2023-10-06 05:11:12,2023-10-04 06:11:12,2023-10-04 05:17:30.182,Within SLA,,SLA Violated,
3244,2023-10-07 01:18:44,2023-10-05 02:18:44,2023-10-05 02:10:39.919,Within SLA,2023-10-05 07:01:25.394,Within SLA,2.0
3245,2023-10-06 07:45:47,2023-10-04 08:45:47,2023-10-04 08:19:29.756,Within SLA,2023-10-05 17:18:38.232,Within SLA,3.0
3246,2023-10-06 17:30:44,2023-10-04 18:30:44,2023-10-04 18:12:43.077,Within SLA,2023-10-08 08:11:59.845,SLA Violated,3.0
3247,2023-10-05 04:32:04,2023-10-04 04:34:04,2023-10-04 04:33:57.349,Within SLA,2023-10-04 15:25:15.305,Within SLA,
3248,2023-10-06 11:03:44,2023-10-04 12:03:44,2023-10-04 11:28:29.135,Within SLA,2023-10-04 19:51:43.446,Within SLA,
3249,2023-10-06 13:31:24,2023-10-04 14:31:24,2023-10-04 13:48:32.991,Within SLA,2023-10-06 02:59:17.737,Within SLA,
3250,2023-10-07 09:10:40,2023-10-05 10:10:40,2023-10-05 09:41:14.126,Within SLA,,SLA Violated,
3251,2023-10-07 20:45:56,2023-10-05 20:47:56,2023-10-05 20:47:09.330,Within SLA,2023-10-06 11:56:17.783,Within SLA,
3252,2023-10-07 08:06:05,2023-10-05 09:06:05,2023-10-05 08:19:47.820,Within SLA,2023-10-10 17:03:56.932,SLA Violated,5.0
3253,2023-10-07 16:30:40,2023-10-05 17:30:40,2023-10-05 16:59:34.199,Within SLA,2023-10-06 08:48:43.989,Within SLA,4.0
3254,2023-10-08 01:48:09,2023-10-06 02:48:09,2023-10-06 02:32:03.601,Within SLA,2023-10-07 11:49:16.706,Within SLA,
3255,2023-10-07 10:04:33,2023-10-05 11:04:33,2023-10-05 10:16:40.976,Within SLA,,SLA Violated,
3256,2023-10-06 10:44:05,2023-10-05 10:46:05,2023-10-05 10:45:27.303,Within SLA,2023-10-09 22:23:04.320,SLA Violated,4.0
3257,2023-10-08 07:18:41,2023-10-06 08:18:41,2023-10-06 07:38:39.252,Within SLA,2023-10-06 12:11:06.678,Within SLA,
3258,2023-10-08 12:01:52,2023-10-06 12:03:52,2023-10-06 12:03:15.052,Within SLA,2023-10-07 04:10:29.465,Within SLA,3.0
3259,2023-10-09 01:17:46,2023-10-07 02:17:46,2023-10-07 01:24:07.238,Within SLA,2023-10-08 23:30:53.770,Within SLA,2.0
3260,2023-10-07 18:38:41,2023-10-06 18:40:41,2023-10-06 18:39:33.142,Within SLA,,SLA Violated,
3261,2023-10-07 11:23:29,2023-10-06 11:25:29,2023-10-06 11:24:38.611,Within SLA,2023-10-06 20:18:49.543,Within SLA,3.0
3262,2023-10-08 09:55:08,2023-10-06 09:57:08,2023-10-06 09:56:29.156,Within SLA,2023-10-07 22:51:07.295,Within SLA,
3263,2023-10-08 07:10:41,2023-10-06 08:10:41,2023-10-06 07:24:29.525,Within SLA,2023-10-10 21:56:55.934,SLA Violated,3.0
3264,2023-10-07 04:29:50,2023-10-06 04:31:50,2023-10-06 04:33:25.532,SLA Violated,2023-10-10 23:34:09.880,SLA Violated,3.0
3265,2023-10-09 03:57:46,2023-10-07 04:57:46,2023-10-07 04:55:57.347,Within SLA,2023-10-08 21:05:11.647,Within SLA,2.0
3266,2023-10-08 22:47:37,2023-10-06 23:47:37,2023-10-07 03:07:41.264,SLA Violated,2023-10-07 23:24:33.711,Within SLA,
3267,2023-10-08 21:08:31,2023-10-07 21:10:31,2023-10-07 21:09:32.834,Within SLA,2023-10-08 06:27:11.519,Within SLA,
3269,2023-10-08 10:00:57,2023-10-07 10:02:57,2023-10-07 10:02:53.270,Within SLA,2023-10-07 15:02:55.148,Within SLA,1.0
3271,2023-10-09 07:30:54,2023-10-07 08:30:54,2023-10-07 08:00:32.757,Within SLA,,SLA Violated,
3272,2023-10-08 20:37:00,2023-10-07 20:39:00,2023-10-07 20:37:33.540,Within SLA,2023-10-09 06:48:55.600,SLA Violated,4.0
3279,2023-10-09 13:20:28,2023-10-08 13:22:28,2023-10-08 13:20:39.053,Within SLA,2023-10-09 02:05:13.097,Within SLA,5.0
3281,2023-10-10 11:02:33,2023-10-09 11:04:33,2023-10-09 11:03:12.335,Within SLA,2023-10-13 10:13:42.813,SLA Violated,5.0
3282,2023-10-11 19:02:45,2023-10-09 20:02:45,2023-10-09 19:38:42.135,Within SLA,2023-10-09 19:25:26.915,Within SLA,5.0
3283,2023-10-11 11:10:47,2023-10-09 12:10:47,2023-10-09 11:41:54.318,Within SLA,2023-10-11 03:24:23.748,Within SLA,
3284,2023-10-10 08:28:25,2023-10-09 08:30:25,2023-10-09 08:30:16.066,Within SLA,2023-10-12 04:56:43.041,SLA Violated,5.0
3285,2023-10-11 22:03:15,2023-10-09 23:03:15,2023-10-09 22:29:02.628,Within SLA,2023-10-10 19:01:07.208,Within SLA,5.0
3286,2023-10-10 11:04:52,2023-10-09 11:06:52,2023-10-09 11:06:05.470,Within SLA,2023-10-09 22:53:30.064,Within SLA,3.0
3287,2023-10-11 10:15:04,2023-10-09 11:15:04,2023-10-09 10:22:13.245,Within SLA,2023-10-15 02:20:32.880,SLA Violated,5.0
3288,2023-10-11 19:56:53,2023-10-09 20:56:53,2023-10-09 20:10:56.606,Within SLA,2023-10-10 13:58:54.275,Within SLA,
3290,2023-10-12 05:54:53,2023-10-10 05:56:53,2023-10-10 05:56:51.995,Within SLA,2023-10-11 16:47:09.417,Within SLA,5.0
3291,2023-10-12 11:14:04,2023-10-10 12:14:04,2023-10-10 12:07:36.286,Within SLA,2023-10-12 07:20:48.192,Within SLA,
3292,2023-10-12 20:12:48,2023-10-10 21:12:48,2023-10-10 20:40:38.149,Within SLA,2023-10-14 04:09:34.934,SLA Violated,4.0
3293,2023-10-11 11:50:07,2023-10-10 11:52:07,2023-10-10 11:55:58.042,SLA Violated,2023-10-13 18:09:32.804,SLA Violated,
3294,2023-10-11 19:50:53,2023-10-10 19:52:53,2023-10-10 19:52:41.734,Within SLA,2023-10-10 23:38:24.518,Within SLA,
3295,2023-10-12 17:40:00,2023-10-11 17:42:00,2023-10-11 17:41:52.471,Within SLA,2023-10-11 22:55:49.699,Within SLA,
3296,2023-10-12 21:19:03,2023-10-11 21:21:03,2023-10-11 21:19:16.105,Within SLA,2023-10-12 14:35:28.030,Within SLA,
3297,2023-10-13 12:14:02,2023-10-11 13:14:02,2023-10-11 13:12:06.779,Within SLA,2023-10-13 01:41:02.125,Within SLA,
3298,2023-10-13 14:04:30,2023-10-11 15:04:30,2023-10-11 14:07:36.896,Within SLA,2023-10-12 18:47:22.753,Within SLA,3.0
3299,2023-10-13 12:09:16,2023-10-11 13:09:16,2023-10-11 12:25:58.123,Within SLA,2023-10-16 00:41:09.558,SLA Violated,5.0
3300,2023-10-12 21:24:55,2023-10-11 21:26:55,2023-10-11 21:26:27.867,Within SLA,2023-10-12 00:26:57.728,Within SLA,3.0
3301,2023-10-13 05:12:43,2023-10-11 05:14:43,2023-10-11 05:14:12.659,Within SLA,,SLA Violated,
3302,2023-10-12 09:25:30,2023-10-11 09:27:30,2023-10-11 09:27:26.936,Within SLA,2023-10-11 17:18:52.657,Within SLA,4.0
3303,2023-10-13 19:08:18,2023-10-12 19:10:18,2023-10-12 19:08:55.288,Within SLA,2023-10-13 11:27:09.723,Within SLA,3.0
3304,2023-10-13 08:25:20,2023-10-12 08:27:20,2023-10-12 08:26:47.418,Within SLA,2023-10-12 16:55:18.284,Within SLA,
3305,2023-10-13 16:33:45,2023-10-12 16:35:45,2023-10-12 16:35:37.505,Within SLA,2023-10-14 09:29:04.902,SLA Violated,
3306,2023-10-14 19:03:01,2023-10-12 20:03:01,2023-10-12 19:27:46.995,Within SLA,2023-10-14 18:11:07.059,Within SLA,4.0
3307,2023-10-14 23:25:20,2023-10-13 00:25:20,2023-10-12 23:35:32.157,Within SLA,,SLA Violated,
3308,2023-10-13 23:02:17,2023-10-12 23:04:17,2023-10-12 23:04:00.787,Within SLA,2023-10-13 18:04:52.532,Within SLA,2.0
3309,2023-10-14 16:47:43,2023-10-12 17:47:43,2023-10-12 17:10:13.856,Within SLA,2023-10-14 06:09:27.014,Within SLA,1.0
3310,2023-10-14 22:46:46,2023-10-12 23:46:46,2023-10-12 23:31:01.014,Within SLA,2023-10-13 07:24:20.466,Within SLA,3.0
3311,2023-10-14 20:13:18,2023-10-13 20:15:18,2023-10-13 20:14:39.068,Within SLA,,SLA Violated,
3312,2023-10-16 02:23:31,2023-10-14 02:25:31,2023-10-14 02:24:01.226,Within SLA,2023-10-16 00:41:24.967,Within SLA,5.0
3313,2023-10-14 16:25:20,2023-10-13 16:27:20,2023-10-13 16:26:46.089,Within SLA,,SLA Violated,
3314,2023-10-15 21:04:50,2023-10-13 22:04:50,2023-10-13 21:41:12.090,Within SLA,2023-10-16 07:26:44.739,SLA Violated,5.0
3315,2023-10-15 23:17:47,2023-10-14 23:19:47,2023-10-14 23:23:38.127,SLA Violated,2023-10-20 17:19:30.615,SLA Violated,
3316,2023-10-16 17:17:57,2023-10-14 18:17:57,2023-10-14 17:52:20.141,Within SLA,2023-10-14 20:38:18.812,Within SLA,2.0
3317,2023-10-16 23:40:35,2023-10-15 00:40:35,2023-10-15 00:12:54.159,Within SLA,,SLA Violated,
3318,2023-10-15 19:22:51,2023-10-14 19:24:51,2023-10-14 19:23:45.358,Within SLA,2023-10-15 13:47:48.536,Within SLA,
3319,2023-10-15 11:59:49,2023-10-14 12:01:49,2023-10-14 12:01:21.769,Within SLA,2023-10-18 00:41:22.185,SLA Violated,2.0
3331,2023-10-18 13:32:25,2023-10-16 14:32:25,2023-10-16 14:11:30.395,Within SLA,2023-10-17 05:05:13.167,Within SLA,
3332,2023-10-18 18:25:07,2023-10-16 19:25:07,2023-10-16 18:42:19.828,Within SLA,,SLA Violated,
3333,2023-10-18 18:14:49,2023-10-16 18:16:49,2023-10-16 18:16:19.422,Within SLA,,SLA Violated,
3334,2023-10-18 16:38:37,2023-10-16 17:38:37,2023-10-16 17:11:14.076,Within SLA,,SLA Violated,
3335,2023-10-19 02:24:26,2023-10-17 03:24:26,2023-10-17 02:51:50.309,Within SLA,2023-10-19 00:58:32.353,Within SLA,
3336,2023-10-17 08:17:14,2023-10-16 08:19:14,2023-10-16 08:17:39.048,Within SLA,2023-10-16 12:00:46.567,Within SLA,
3337,2023-10-17 17:54:00,2023-10-16 17:56:00,2023-10-16 17:54:23.592,Within SLA,2023-10-21 06:00:55.181,SLA Violated,
3338,2023-10-17 22:14:13,2023-10-16 22:16:13,2023-10-16 22:15:28.073,Within SLA,2023-10-17 16:29:16.364,Within SLA,3.0
3339,2023-10-18 23:22:47,2023-10-17 00:22:47,2023-10-17 00:08:05.722,Within SLA,2023-10-17 12:40:55.559,Within SLA,
3340,2023-10-17 04:12:58,2023-10-16 04:14:58,2023-10-16 04:17:25.487,SLA Violated,2023-10-17 00:04:44.091,Within SLA,
3341,2023-10-18 04:32:59,2023-10-16 05:32:59,2023-10-16 05:30:34.655,Within SLA,2023-10-17 20:43:40.914,Within SLA,2.0
3342,2023-10-18 04:49:10,2023-10-16 05:49:10,2023-10-16 05:10:53.381,Within SLA,2023-10-18 00:34:46.270,Within SLA,4.0
3343,2023-10-19 04:10:03,2023-10-17 05:10:03,2023-10-17 04:44:55.352,Within SLA,2023-10-17 10:02:52.774,Within SLA,
3344,2023-10-19 01:43:36,2023-10-18 01:45:36,2023-10-18 01:43:37.691,Within SLA,2023-10-20 10:08:05.792,SLA Violated,5.0
3345,2023-10-19 12:26:50,2023-10-17 13:26:50,2023-10-17 13:25:11.118,Within SLA,2023-10-18 14:56:04.886,Within SLA,5.0
3346,2023-10-19 15:44:38,2023-10-17 16:44:38,2023-10-17 16:00:15.224,Within SLA,2023-10-19 05:09:11.796,Within SLA,
3347,2023-10-20 00:29:49,2023-10-18 01:29:49,2023-10-18 01:26:40.412,Within SLA,2023-10-18 08:12:09.071,Within SLA,
3348,2023-10-19 10:00:33,2023-10-17 11:00:33,2023-10-17 16:47:01.005,SLA Violated,2023-10-21 19:58:32.252,SLA Violated,4.0
3349,2023-10-20 12:08:28,2023-10-18 13:08:28,2023-10-18 12:51:54.292,Within SLA,2023-10-22 09:48:06.024,SLA Violated,
3350,2023-10-20 14:05:07,2023-10-18 14:07:07,2023-10-18 14:05:44.559,Within SLA,2023-10-22 12:14:45.725,SLA Violated,
3351,2023-10-20 01:51:40,2023-10-19 01:53:40,2023-10-19 01:53:19.915,Within SLA,,SLA Violated,
3352,2023-10-19 09:39:02,2023-10-18 09:41:02,2023-10-18 09:39:13.281,Within SLA,2023-10-18 21:50:54.689,Within SLA,
3353,2023-10-20 19:35:58,2023-10-18 20:35:58,2023-10-18 20:28:27.768,Within SLA,2023-10-19 10:56:50.372,Within SLA,2.0
3354,2023-10-20 21:52:22,2023-10-18 21:54:22,2023-10-18 21:55:09.692,SLA Violated,2023-10-23 04:32:16.033,SLA Violated,2.0
3355,2023-10-19 06:49:03,2023-10-18 06:51:03,2023-10-18 06:49:05.577,Within SLA,2023-10-18 19:47:01.863,Within SLA,
3356,2023-10-21 00:38:28,2023-10-19 01:38:28,2023-10-19 01:20:24.367,Within SLA,2023-10-19 15:56:08.660,Within SLA,2.0
3357,2023-10-21 02:51:28,2023-10-19 03:51:28,2023-10-19 03:22:04.047,Within SLA,2023-10-23 07:32:47.250,SLA Violated,
3358,2023-10-20 15:15:29,2023-10-18 15:17:29,2023-10-18 15:17:58.063,SLA Violated,2023-10-19 19:47:55.036,Within SLA,
3359,2023-10-19 19:22:51,2023-10-18 19:24:51,2023-10-18 19:24:42.041,Within SLA,2023-10-19 17:09:57.057,Within SLA,
3360,2023-10-21 00:36:54,2023-10-19 01:36:54,2023-10-19 01:11:38.055,Within SLA,2023-10-20 22:55:25.273,Within SLA,4.0
3361,2023-10-20 07:46:11,2023-10-18 08:46:11,2023-10-18 08:30:57.229,Within SLA,,SLA Violated,
3363,2023-10-20 01:11:59,2023-10-19 01:13:59,2023-10-19 01:13:12.649,Within SLA,2023-10-19 20:59:09.925,Within SLA,3.0
3364,2023-10-20 04:20:33,2023-10-18 05:20:33,2023-10-18 04:54:04.485,Within SLA,,SLA Violated,
3365,2023-10-21 10:16:32,2023-10-19 11:16:32,2023-10-19 10:36:18.444,Within SLA,,SLA Violated,
3366,2023-10-20 21:45:48,2023-10-19 21:47:48,2023-10-19 21:47:05.767,Within SLA,2023-10-20 00:33:37.869,Within SLA,5.0
3367,2023-10-21 08:44:14,2023-10-19 09:44:14,2023-10-19 09:28:31.270,Within SLA,2023-10-22 22:09:09.343,SLA Violated,
3368,2023-10-20 16:01:28,2023-10-19 16:03:28,2023-10-19 16:03:02.251,Within SLA,2023-10-24 13:10:37.687,SLA Violated,5.0
3369,2023-10-20 04:51:54,2023-10-19 04:53:54,2023-10-19 04:52:39.618,Within SLA,2023-10-19 18:06:11.151,Within SLA,2.0
3370,2023-10-22 01:34:41,2023-10-20 02:34:41,2023-10-20 01:58:20.249,Within SLA,2023-10-20 16:27:03.458,Within SLA,
3371,2023-10-20 08:33:51,2023-10-19 08:35:51,2023-10-19 08:33:55.427,Within SLA,2023-10-19 14:10:32.396,Within SLA,
3372,2023-10-21 20:15:29,2023-10-19 21:15:29,2023-10-19 20:27:35.228,Within SLA,2023-10-20 23:20:02.736,Within SLA,
3373,2023-10-21 17:57:38,2023-10-19 18:57:38,2023-10-19 18:00:27.393,Within SLA,,SLA Violated,
3374,2023-10-21 05:14:55,2023-10-19 06:14:55,2023-10-19 05:46:53.802,Within SLA,2023-10-21 08:04:36.122,SLA Violated,4.0
3376,2023-10-20 07:54:58,2023-10-19 07:56:58,2023-10-19 07:55:07.146,Within SLA,2023-10-20 10:16:39.546,SLA Violated,2.0
3377,2023-10-22 17:53:50,2023-10-20 18:53:50,2023-10-20 21:47:32.962,SLA Violated,2023-10-21 16:14:31.198,Within SLA,
3379,2023-10-22 16:13:33,2023-10-20 17:13:33,2023-10-20 16:52:03.987,Within SLA,2023-10-21 07:34:40.618,Within SLA,
3380,2023-10-22 10:09:17,2023-10-20 11:09:17,2023-10-20 10:15:56.345,Within SLA,2023-10-20 12:40:51.792,Within SLA,
3381,2023-10-22 15:45:43,2023-10-20 16:45:43,2023-10-20 15:59:56.676,Within SLA,,SLA Violated,
3383,2023-10-22 19:50:36,2023-10-20 20:50:36,2023-10-20 19:57:05.547,Within SLA,2023-10-21 01:04:24.260,Within SLA,3.0
3384,2023-10-24 00:51:44,2023-10-22 01:51:44,2023-10-22 01:31:36.569,Within SLA,2023-10-23 03:05:18.756,Within SLA,
3385,2023-10-23 08:11:08,2023-10-21 09:11:08,2023-10-21 08:32:58.826,Within SLA,2023-10-22 22:31:52.389,Within SLA,4.0
3386,2023-10-23 13:09:40,2023-10-21 13:11:40,2023-10-21 13:09:59.103,Within SLA,2023-10-24 11:20:24.611,SLA Violated,5.0
3398,2023-10-23 04:18:43,2023-10-22 04:20:43,2023-10-22 04:24:04.860,SLA Violated,,SLA Violated,
3399,2023-10-24 20:51:22,2023-10-22 21:51:22,2023-10-22 21:45:30.393,Within SLA,2023-10-23 19:09:36.163,Within SLA,
3400,2023-10-24 18:43:58,2023-10-22 19:43:58,2023-10-22 19:26:59.869,Within SLA,2023-10-24 07:19:32.929,Within SLA,
3401,2023-10-23 15:24:23,2023-10-22 15:26:23,2023-10-22 15:25:44.796,Within SLA,2023-10-22 16:45:12.399,Within SLA,4.0
3402,2023-10-24 06:32:15,2023-10-22 07:32:15,2023-10-22 09:27:03.387,SLA Violated,2023-10-24 13:35:10.736,SLA Violated,5.0
3403,2023-10-24 12:47:17,2023-10-22 12:49:17,2023-10-22 12:48:34.191,Within SLA,2023-10-22 14:16:13.363,Within SLA,1.0
3404,2023-10-24 04:01:46,2023-10-23 04:03:46,2023-10-23 04:02:24.957,Within SLA,2023-10-28 15:32:27.868,SLA Violated,3.0
3405,2023-10-25 21:28:34,2023-10-23 22:28:34,2023-10-23 21:57:13.244,Within SLA,2023-10-24 03:56:24.289,Within SLA,
3406,2023-10-25 18:41:25,2023-10-23 19:41:25,2023-10-23 19:27:36.391,Within SLA,2023-10-24 16:00:18.374,Within SLA,4.0
3407,2023-10-25 08:03:21,2023-10-23 09:03:21,2023-10-23 08:15:53.771,Within SLA,2023-10-24 14:59:43.806,Within SLA,5.0
3408,2023-10-26 04:55:28,2023-10-24 05:55:28,2023-10-24 05:34:47.421,Within SLA,2023-10-25 18:10:06.342,Within SLA,
3409,2023-10-26 20:57:50,2023-10-24 21:57:50,2023-10-24 21:31:17.366,Within SLA,2023-10-29 03:40:48.970,SLA Violated,2.0
3410,2023-10-25 09:56:10,2023-10-24 09:58:10,2023-10-24 09:58:00.040,Within SLA,2023-10-30 05:35:44.630,SLA Violated,3.0
3411,2023-10-25 13:33:56,2023-10-24 13:35:56,2023-10-24 13:35:17.703,Within SLA,2023-10-24 18:46:27.649,Within SLA,4.0
3412,2023-10-27 00:01:39,2023-10-25 01:01:39,2023-10-25 00:32:30.571,Within SLA,2023-10-26 21:40:33.868,Within SLA,5.0
3413,2023-10-27 03:54:58,2023-10-25 04:54:58,2023-10-25 03:56:01.804,Within SLA,2023-10-26 06:49:52.417,Within SLA,
3414,2023-10-25 15:54:36,2023-10-24 15:56:36,2023-10-24 15:56:34.375,Within SLA,2023-10-24 23:32:59.292,Within SLA,3.0
3415,2023-10-28 03:08:17,2023-10-26 04:08:17,2023-10-26 03:09:32.067,Within SLA,2023-10-27 21:24:38.591,Within SLA,4.0
3416,2023-10-26 13:24:24,2023-10-25 13:26:24,2023-10-25 13:24:40.478,Within SLA,2023-10-27 00:53:57.823,SLA Violated,
3417,2023-10-27 14:48:25,2023-10-25 15:48:25,2023-10-25 15:30:48.755,Within SLA,2023-10-25 16:07:39.982,Within SLA,1.0
3418,2023-10-27 08:04:02,2023-10-25 09:04:02,2023-10-25 08:20:43.165,Within SLA,,SLA Violated,
3419,2023-10-28 03:34:43,2023-10-26 04:34:43,2023-10-26 04:09:14.520,Within SLA,2023-10-26 12:45:29.731,Within SLA,
3420,2023-10-26 05:13:47,2023-10-25 05:15:47,2023-10-25 05:14:14.905,Within SLA,2023-10-25 18:07:41.706,Within SLA,
3421,2023-10-27 13:44:19,2023-10-26 13:46:19,2023-10-26 13:46:16.865,Within SLA,2023-10-26 14:08:05.473,Within SLA,4.0
3422,2023-10-27 06:28:01,2023-10-26 06:30:01,2023-10-26 06:30:35.888,SLA Violated,2023-10-31 00:24:59.011,SLA Violated,
3423,2023-10-28 09:47:17,2023-10-26 10:47:17,2023-10-26 10:28:54.571,Within SLA,2023-10-28 08:22:48.020,Within SLA,
3424,2023-10-27 05:39:42,2023-10-26 05:41:42,2023-10-26 05:39:58.855,Within SLA,2023-10-26 07:53:06.458,Within SLA,4.0
3425,2023-10-28 19:13:20,2023-10-26 19:15:20,2023-10-26 19:13:52.348,Within SLA,,SLA Violated,
3426,2023-10-29 02:22:25,2023-10-27 03:22:25,2023-10-27 03:00:02.780,Within SLA,2023-10-27 12:33:44.680,Within SLA,
3427,2023-10-28 20:21:45,2023-10-26 21:21:45,2023-10-26 20:26:55.888,Within SLA,2023-10-30 20:05:18.022,SLA Violated,4.0
3428,2023-10-28 20:46:44,2023-10-26 21:46:44,2023-10-26 21:24:03.907,Within SLA,2023-10-28 06:05:37.564,Within SLA,
3429,2023-10-28 22:56:11,2023-10-26 23:56:11,2023-10-26 23:10:21.038,Within SLA,,SLA Violated,
3430,2023-10-28 02:52:28,2023-10-27 02:54:28,2023-10-27 02:53:14.361,Within SLA,2023-10-27 20:52:08.822,Within SLA,2.0
3431,2023-10-28 15:33:45,2023-10-27 15:35:45,2023-10-27 15:35:19.573,Within SLA,2023-10-29 01:01:49.819,SLA Violated,4.0
3432,2023-10-29 12:22:15,2023-10-27 13:22:15,2023-10-27 16:22:21.184,SLA Violated,2023-10-29 06:02:26.937,Within SLA,
3433,2023-10-29 14:10:33,2023-10-27 15:10:33,2023-10-27 15:08:57.282,Within SLA,2023-10-28 23:11:27.498,Within SLA,
3434,2023-10-29 16:03:12,2023-10-27 17:03:12,2023-10-27 16:41:09.074,Within SLA,2023-10-29 01:19:07.262,Within SLA,3.0
3435,2023-10-29 18:44:55,2023-10-27 19:44:55,2023-10-27 19:26:38.855,Within SLA,2023-10-28 07:36:35.098,Within SLA,4.0
3436,2023-10-29 23:01:06,2023-10-28 00:01:06,2023-10-27 23:37:30.202,Within SLA,2023-10-31 08:48:03.327,SLA Violated,
3437,2023-10-28 14:31:50,2023-10-27 14:33:50,2023-10-27 14:33:15.620,Within SLA,2023-10-28 11:54:35.232,Within SLA,4.0
3438,2023-10-28 04:25:35,2023-10-27 04:27:35,2023-10-27 04:26:59.330,Within SLA,2023-11-01 03:09:30.503,SLA Violated,
3439,2023-10-30 03:17:33,2023-10-28 04:17:33,2023-10-28 03:58:52.823,Within SLA,2023-10-29 05:01:23.104,Within SLA,
3440,2023-10-28 23:19:17,2023-10-27 23:21:17,2023-10-27 23:21:44.742,SLA Violated,2023-10-28 19:06:04.102,Within SLA,4.0
3441,2023-10-29 10:45:31,2023-10-27 11:45:31,2023-10-27 11:35:24.954,Within SLA,2023-10-28 02:35:09.261,Within SLA,
3442,2023-10-28 21:22:00,2023-10-27 21:24:00,2023-10-27 21:23:31.977,Within SLA,2023-10-30 01:29:26.788,SLA Violated,
3443,2023-10-30 23:28:01,2023-10-28 23:30:01,2023-10-28 23:28:42.498,Within SLA,2023-11-02 10:58:52.652,SLA Violated,5.0
3444,2023-10-29 16:32:42,2023-10-28 16:34:42,2023-10-28 16:33:41.423,Within SLA,,SLA Violated,
3445,2023-10-30 19:48:50,2023-10-28 19:50:50,2023-10-28 19:49:38.518,Within SLA,2023-10-28 20:18:09.540,Within SLA,3.0
3457,2023-10-31 04:45:51,2023-10-29 05:45:51,2023-10-29 05:28:19.235,Within SLA,,SLA Violated,
3458,2023-10-31 19:26:21,2023-10-29 20:26:21,2023-10-29 19:26:33.390,Within SLA,2023-10-31 11:09:39.148,Within SLA,5.0
3459,2023-10-31 07:14:50,2023-10-29 08:14:50,2023-10-29 08:01:53.965,Within SLA,2023-10-29 12:16:52.411,Within SLA,4.0
3460,2023-10-31 20:10:14,2023-10-30 20:12:14,2023-10-30 20:11:27.010,Within SLA,2023-10-31 10:09:26.997,Within SLA,5.0
3461,2023-10-31 10:39:12,2023-10-30 10:41:12,2023-10-30 10:40:01.496,Within SLA,2023-10-30 19:33:14.599,Within SLA,3.0
3462,2023-11-01 22:13:05,2023-10-30 23:13:05,2023-10-30 22:46:01.455,Within SLA,2023-10-30 22:15:03.985,Within SLA,4.0
3463,2023-11-01 23:30:50,2023-10-31 00:30:50,2023-10-31 00:07:02.266,Within SLA,2023-11-02 01:56:58.323,SLA Violated,3.0
3464,2023-11-02 03:33:23,2023-10-31 04:33:23,2023-10-31 03:52:16.850,Within SLA,2023-10-31 15:53:32.428,Within SLA,
3465,2023-11-01 09:51:10,2023-10-30 10:51:10,2023-10-30 10:04:03.988,Within SLA,,SLA Violated,
3466,2023-10-31 20:02:03,2023-10-30 20:04:03,2023-10-30 20:03:30.224,Within SLA,2023-11-04 06:37:42.588,SLA Violated,5.0
3467,2023-11-01 19:07:33,2023-10-31 19:09:33,2023-10-31 19:07:51.456,Within SLA,2023-10-31 19:26:10.147,Within SLA,
3468,2023-11-02 14:07:30,2023-10-31 14:09:30,2023-10-31 14:09:10.385,Within SLA,2023-11-02 20:18:08.389,SLA Violated,4.0
3469,2023-11-03 00:58:47,2023-11-01 01:58:47,2023-11-01 01:05:32.536,Within SLA,,SLA Violated,
3470,2023-11-02 04:37:49,2023-10-31 04:39:49,2023-10-31 04:38:45.056,Within SLA,2023-11-01 02:58:04.967,Within SLA,1.0
3471,2023-11-02 11:06:15,2023-10-31 12:06:15,2023-10-31 11:38:49.680,Within SLA,2023-11-01 06:35:45.491,Within SLA,4.0
3472,2023-11-01 20:06:51,2023-10-31 20:08:51,2023-10-31 20:06:54.890,Within SLA,,SLA Violated,
3473,2023-11-01 04:29:39,2023-10-31 04:31:39,2023-10-31 04:31:17.391,Within SLA,2023-10-31 16:12:37.188,Within SLA,5.0
3474,2023-11-02 04:34:03,2023-10-31 04:36:03,2023-10-31 04:35:11.750,Within SLA,2023-11-02 23:34:51.784,SLA Violated,5.0
3475,2023-11-03 04:06:49,2023-11-01 05:06:49,2023-11-01 04:40:10.045,Within SLA,2023-11-02 09:39:05.610,Within SLA,4.0
3476,2023-11-03 03:01:47,2023-11-02 03:03:47,2023-11-02 03:03:04.340,Within SLA,2023-11-02 21:50:40.430,Within SLA,4.0
3477,2023-11-02 13:20:37,2023-11-01 13:22:37,2023-11-01 13:25:13.131,SLA Violated,2023-11-02 05:35:37.773,Within SLA,4.0
3478,2023-11-03 01:15:52,2023-11-02 01:17:52,2023-11-02 01:17:50.062,Within SLA,2023-11-05 17:42:48.657,SLA Violated,
3479,2023-11-03 22:55:11,2023-11-01 23:55:11,2023-11-01 23:35:41.544,Within SLA,2023-11-06 04:42:31.327,SLA Violated,4.0
3480,2023-11-02 17:07:28,2023-11-01 17:09:28,2023-11-01 17:07:32.719,Within SLA,2023-11-02 02:57:27.027,Within SLA,5.0
3481,2023-11-04 03:54:55,2023-11-02 04:54:55,2023-11-02 04:26:48.528,Within SLA,2023-11-03 10:21:11.284,Within SLA,
3482,2023-11-03 14:21:54,2023-11-01 15:21:54,2023-11-01 14:52:35.485,Within SLA,,SLA Violated,
3483,2023-11-02 19:23:00,2023-11-01 19:25:00,2023-11-01 19:28:04.035,SLA Violated,2023-11-02 12:19:20.235,Within SLA,4.0
3484,2023-11-03 12:18:40,2023-11-01 13:18:40,2023-11-01 12:36:03.491,Within SLA,,SLA Violated,
3485,2023-11-03 11:01:08,2023-11-01 11:03:08,2023-11-01 11:03:02.869,Within SLA,2023-11-02 19:16:06.457,Within SLA,2.0
3486,2023-11-04 23:25:27,2023-11-03 00:25:27,2023-11-03 00:37:39.880,SLA Violated,,SLA Violated,
3487,2023-11-04 10:12:26,2023-11-02 11:12:26,2023-11-02 11:09:05.753,Within SLA,2023-11-02 14:10:59.528,Within SLA,
3488,2023-11-03 05:48:46,2023-11-02 05:50:46,2023-11-02 05:49:27.508,Within SLA,2023-11-04 14:10:47.480,SLA Violated,5.0
3489,2023-11-03 15:02:27,2023-11-02 15:04:27,2023-11-02 15:04:03.573,Within SLA,2023-11-02 21:00:40.918,Within SLA,4.0
3490,2023-11-04 06:48:53,2023-11-02 07:48:53,2023-11-02 07:43:19.921,Within SLA,,SLA Violated,
3491,2023-11-03 16:46:43,2023-11-02 16:48:43,2023-11-02 16:48:07.641,Within SLA,2023-11-03 03:30:39.703,Within SLA,4.0
3492,2023-11-04 19:45:40,2023-11-02 20:45:40,2023-11-02 20:11:14.427,Within SLA,2023-11-07 07:46:44.174,SLA Violated,1.0
3493,2023-11-04 12:00:12,2023-11-02 13:00:12,2023-11-02 12:19:33.674,Within SLA,2023-11-02 18:22:37.331,Within SLA,
3494,2023-11-03 19:27:33,2023-11-02 19:29:33,2023-11-02 19:29:27.624,Within SLA,,SLA Violated,
3495,2023-11-04 10:29:35,2023-11-02 11:29:35,2023-11-02 11:16:19.757,Within SLA,2023-11-03 02:23:08.811,Within SLA,5.0
3496,2023-11-04 21:47:09,2023-11-03 21:49:09,2023-11-03 21:47:30.385,Within SLA,2023-11-04 19:48:20.610,Within SLA,5.0
3497,2023-11-05 23:35:52,2023-11-03 23:35:52,2023-11-03 22:47:21.227,Within SLA,2023-11-04 02:03:37.668,Within SLA,3.0
3498,2023-11-04 23:42:56,2023-11-03 23:44:56,2023-11-03 23:43:40.718,Within SLA,2023-11-08 11:51:55.469,SLA Violated,4.0
3499,2023-11-05 18:33:40,2023-11-03 17:35:40,2023-11-03 17:34:22.712,Within SLA,2023-11-04 03:04:45.905,Within SLA,3.0
3500,2023-11-05 20:51:20,2023-11-03 20:51:20,2023-11-03 20:13:17.894,Within SLA,2023-11-04 12:45:13.325,Within SLA,5.0
3501,2023-11-04 09:18:59,2023-11-03 09:20:59,2023-11-03 09:20:58.920,Within SLA,2023-11-04 14:38:26.609,SLA Violated,1.0
3502,2023-11-05 21:58:19,2023-11-03 21:58:19,2023-11-03 21:07:57.957,Within SLA,2023-11-07 08:48:15.508,SLA Violated,4.0
3503,2023-11-04 14:23:40,2023-11-03 14:25:40,2023-11-03 14:23:41.405,Within SLA,2023-11-08 23:45:03.576,SLA Violated,3.0
3504,2023-11-04 13:23:39,2023-11-03 13:25:39,2023-11-03 13:27:45.695,SLA Violated,2023-11-03 18:51:08.633,Within SLA,4.0
3505,2023-11-04 10:23:01,2023-11-03 10:25:01,2023-11-03 10:24:43.114,Within SLA,2023-11-03 20:53:33.161,Within SLA,4.0
3506,2023-11-05 20:02:09,2023-11-04 19:04:09,2023-11-04 19:04:08.403,Within SLA,2023-11-05 14:40:22.972,Within SLA,4.0
3507,2023-11-05 23:21:44,2023-11-04 22:23:44,2023-11-04 22:23:02.611,Within SLA,,SLA Violated,
3508,2023-11-06 02:16:05,2023-11-05 01:18:05,2023-11-05 01:16:09.057,Within SLA,2023-11-05 21:35:00.708,Within SLA,4.0
3522,2023-11-06 05:43:17,2023-11-05 04:45:17,2023-11-05 04:43:53.260,Within SLA,2023-11-07 19:26:18.400,SLA Violated,5.0
3523,2023-11-06 21:52:21,2023-11-05 21:54:21,2023-11-05 21:54:15.946,Within SLA,,SLA Violated,
3524,2023-11-06 17:30:09,2023-11-05 17:32:09,2023-11-05 17:30:59.892,Within SLA,2023-11-05 21:38:58.643,Within SLA,1.0
3525,2023-11-07 14:52:57,2023-11-06 14:54:57,2023-11-06 14:54:40.644,Within SLA,2023-11-07 03:56:31.249,Within SLA,4.0
3526,2023-11-08 14:49:23,2023-11-06 15:49:23,2023-11-06 15:28:05.355,Within SLA,,SLA Violated,
3527,2023-11-08 18:18:19,2023-11-06 19:18:19,2023-11-06 18:55:58.836,Within SLA,2023-11-07 23:50:13.051,Within SLA,3.0
3528,2023-11-07 12:26:31,2023-11-06 12:28:31,2023-11-06 12:27:10.470,Within SLA,2023-11-06 15:44:51.746,Within SLA,4.0
3529,2023-11-09 04:48:23,2023-11-07 05:48:23,2023-11-07 05:09:06.658,Within SLA,2023-11-07 14:17:12.605,Within SLA,2.0
3530,2023-11-07 21:35:57,2023-11-06 21:37:57,2023-11-06 21:39:09.815,SLA Violated,2023-11-10 22:41:52.311,SLA Violated,4.0
3531,2023-11-09 00:21:09,2023-11-07 01:21:09,2023-11-07 01:05:28.836,Within SLA,2023-11-07 06:34:14.756,Within SLA,3.0
3532,2023-11-08 05:36:36,2023-11-06 06:36:36,2023-11-06 06:03:24.721,Within SLA,,SLA Violated,
3533,2023-11-09 17:46:42,2023-11-07 18:46:42,2023-11-07 18:14:50.895,Within SLA,2023-11-09 02:32:07.510,Within SLA,5.0
3534,2023-11-09 05:28:30,2023-11-07 06:28:30,2023-11-07 05:47:40.464,Within SLA,2023-11-13 01:42:53.730,SLA Violated,
3535,2023-11-08 06:41:16,2023-11-07 06:43:16,2023-11-07 06:42:28.038,Within SLA,2023-11-07 21:52:24.234,Within SLA,4.0
3536,2023-11-09 06:05:48,2023-11-07 07:05:48,2023-11-07 12:09:23.095,SLA Violated,2023-11-07 13:43:26.368,Within SLA,1.0
3537,2023-11-10 00:22:24,2023-11-08 01:22:24,2023-11-08 00:28:40.324,Within SLA,2023-11-11 18:16:25.149,SLA Violated,5.0
3538,2023-11-08 10:07:18,2023-11-07 10:09:18,2023-11-07 10:07:40.072,Within SLA,2023-11-07 11:33:10.456,Within SLA,2.0
3539,2023-11-08 05:47:28,2023-11-07 05:49:28,2023-11-07 05:47:51.516,Within SLA,2023-11-07 13:30:36.137,Within SLA,5.0
3540,2023-11-10 12:10:23,2023-11-08 13:10:23,2023-11-08 12:53:52.584,Within SLA,2023-11-13 12:52:06.428,SLA Violated,3.0
3542,2023-11-11 01:42:42,2023-11-09 02:42:42,2023-11-09 02:29:41.409,Within SLA,2023-11-09 01:43:52.503,Within SLA,
3543,2023-11-11 03:46:35,2023-11-09 04:46:35,2023-11-09 03:56:38.398,Within SLA,2023-11-09 05:42:28.268,Within SLA,
3544,2023-11-10 06:13:09,2023-11-08 07:13:09,2023-11-08 07:00:19.498,Within SLA,2023-11-09 23:35:28.414,Within SLA,
3545,2023-11-10 06:34:12,2023-11-08 07:34:12,2023-11-08 07:26:43.829,Within SLA,2023-11-09 22:06:52.892,Within SLA,4.0
3546,2023-11-10 12:43:08,2023-11-08 13:43:08,2023-11-08 13:13:30.319,Within SLA,2023-11-08 22:05:36.650,Within SLA,3.0
3547,2023-11-09 07:07:36,2023-11-08 07:09:36,2023-11-08 07:13:27.299,SLA Violated,2023-11-08 23:25:53.531,Within SLA,
2274,2023-06-07 08:41:14,2023-06-05 09:41:14,2023-06-05 08:53:29.991,Within SLA,2023-06-07 02:59:56.317,Within SLA,1.0
2275,2023-06-06 09:03:31,2023-06-05 09:05:31,2023-06-05 09:04:46.437,Within SLA,2023-06-06 03:44:40.533,Within SLA,
2276,2023-06-06 13:11:50,2023-06-05 13:13:50,2023-06-05 13:13:13.955,Within SLA,,SLA Violated,
2277,2023-06-06 05:52:10,2023-06-05 05:54:10,2023-06-05 05:54:07.472,Within SLA,2023-06-08 20:01:22.620,SLA Violated,3.0
2278,2023-06-08 18:36:33,2023-06-06 19:36:33,2023-06-06 19:05:14.012,Within SLA,2023-06-06 19:35:24.215,Within SLA,5.0
2279,2023-06-08 05:49:25,2023-06-06 06:49:25,2023-06-06 06:31:18.018,Within SLA,2023-06-06 17:23:41.355,Within SLA,4.0
2280,2023-06-08 04:04:57,2023-06-06 05:04:57,2023-06-06 04:59:37.429,Within SLA,2023-06-06 13:35:54.523,Within SLA,5.0
2281,2023-06-08 15:24:39,2023-06-06 16:24:39,2023-06-06 16:08:10.475,Within SLA,2023-06-11 08:04:30.793,SLA Violated,5.0
2282,2023-06-09 01:13:59,2023-06-07 01:15:59,2023-06-07 01:18:15.661,SLA Violated,2023-06-07 19:28:43.330,Within SLA,
2283,2023-06-07 21:27:40,2023-06-06 21:29:40,2023-06-06 21:32:08.462,SLA Violated,,SLA Violated,
2284,2023-06-09 01:50:46,2023-06-07 01:52:46,2023-06-07 01:52:39.412,Within SLA,2023-06-07 23:08:34.210,Within SLA,
2285,2023-06-08 10:29:54,2023-06-06 10:31:54,2023-06-06 10:30:07.989,Within SLA,2023-06-07 23:55:28.240,Within SLA,2.0
2287,2023-06-08 17:23:19,2023-06-06 18:23:19,2023-06-06 17:35:01.801,Within SLA,2023-06-07 16:50:55.908,Within SLA,5.0
2288,2023-06-07 15:06:41,2023-06-06 15:08:41,2023-06-06 15:06:52.578,Within SLA,2023-06-07 09:14:52.075,Within SLA,
2289,2023-06-08 23:00:40,2023-06-07 23:02:40,2023-06-07 23:02:10.922,Within SLA,2023-06-08 19:23:14.297,Within SLA,4.0
2290,2023-06-09 22:11:08,2023-06-07 23:11:08,2023-06-07 22:34:09.579,Within SLA,2023-06-07 23:13:20.210,Within SLA,
2291,2023-06-10 00:16:46,2023-06-08 01:16:46,2023-06-08 07:57:38.325,SLA Violated,2023-06-08 07:43:35.095,Within SLA,4.0
2293,2023-06-09 18:19:45,2023-06-07 19:19:45,2023-06-07 19:09:42.801,Within SLA,2023-06-07 23:33:40.299,Within SLA,5.0
2294,2023-06-09 00:19:54,2023-06-08 00:21:54,2023-06-08 00:21:30.339,Within SLA,,SLA Violated,
2295,2023-06-08 14:55:09,2023-06-07 14:57:09,2023-06-07 14:56:35.208,Within SLA,,SLA Violated,
2296,2023-06-09 15:43:39,2023-06-07 16:43:39,2023-06-07 16:37:01.018,Within SLA,2023-06-07 22:16:19.845,Within SLA,
2297,2023-06-08 04:04:06,2023-06-07 04:06:06,2023-06-07 04:04:11.338,Within SLA,2023-06-07 10:54:04.544,Within SLA,
2298,2023-06-09 06:16:11,2023-06-07 07:16:11,2023-06-07 07:03:18.105,Within SLA,,SLA Violated,
2299,2023-06-10 19:54:13,2023-06-08 20:54:13,2023-06-08 20:20:50.505,Within SLA,2023-06-10 05:10:01.279,Within SLA,4.0
2300,2023-06-10 07:34:17,2023-06-08 08:34:17,2023-06-08 07:44:08.813,Within SLA,2023-06-09 09:49:31.680,Within SLA,2.0
2301,2023-06-10 20:52:30,2023-06-08 21:52:30,2023-06-08 21:48:38.638,Within SLA,2023-06-14 08:55:54.469,SLA Violated,4.0
2302,2023-06-09 04:17:24,2023-06-08 04:19:24,2023-06-08 04:18:02.610,Within SLA,,SLA Violated,
2304,2023-06-12 00:18:40,2023-06-10 01:18:40,2023-06-10 01:00:30.099,Within SLA,,SLA Violated,
2305,2023-06-11 19:57:03,2023-06-09 20:57:03,2023-06-09 20:12:30.599,Within SLA,2023-06-11 15:37:38.155,Within SLA,5.0
2306,2023-06-11 03:12:15,2023-06-10 03:14:15,2023-06-10 03:13:57.418,Within SLA,2023-06-10 06:15:40.402,Within SLA,3.0
2307,2023-06-11 04:30:42,2023-06-09 05:30:42,2023-06-09 04:36:53.195,Within SLA,,SLA Violated,
2309,2023-06-10 19:51:47,2023-06-09 19:53:47,2023-06-09 19:54:22.214,SLA Violated,2023-06-10 04:04:18.344,Within SLA,3.0
2310,2023-06-10 17:39:42,2023-06-09 17:41:42,2023-06-09 17:41:25.081,Within SLA,2023-06-09 20:01:08.467,Within SLA,3.0
2311,2023-06-11 19:21:40,2023-06-09 20:21:40,2023-06-09 19:37:05.488,Within SLA,2023-06-10 05:55:26.131,Within SLA,5.0
2313,2023-06-12 07:28:37,2023-06-10 08:28:37,2023-06-10 07:36:28.009,Within SLA,,SLA Violated,
2321,2023-06-11 09:14:08,2023-06-10 09:16:08,2023-06-10 09:15:56.977,Within SLA,2023-06-10 20:07:44.737,Within SLA,
2322,2023-06-11 19:57:39,2023-06-10 19:59:39,2023-06-10 19:59:34.109,Within SLA,2023-06-11 14:32:41.482,Within SLA,
2323,2023-06-12 06:58:45,2023-06-10 07:58:45,2023-06-10 14:20:28.641,SLA Violated,2023-06-11 19:01:23.488,Within SLA,5.0
2324,2023-06-12 07:37:03,2023-06-10 07:39:03,2023-06-10 07:38:58.600,Within SLA,2023-06-10 13:37:15.668,Within SLA,
2325,2023-06-13 21:44:56,2023-06-11 22:44:56,2023-06-11 22:11:38.518,Within SLA,2023-06-13 08:25:02.733,Within SLA,
2332,2023-06-13 22:07:44,2023-06-12 22:09:44,2023-06-12 22:09:42.534,Within SLA,2023-06-13 03:16:38.136,Within SLA,4.0
2333,2023-06-13 12:43:13,2023-06-12 12:45:13,2023-06-12 12:44:40.365,Within SLA,2023-06-13 10:10:37.003,Within SLA,1.0
2334,2023-06-13 22:04:14,2023-06-12 22:06:14,2023-06-12 22:05:44.419,Within SLA,2023-06-16 10:26:09.114,SLA Violated,
2335,2023-06-14 18:05:37,2023-06-12 19:05:37,2023-06-12 18:16:40.584,Within SLA,2023-06-13 23:56:43.473,Within SLA,5.0
2336,2023-06-14 08:41:42,2023-06-12 09:41:42,2023-06-12 09:32:52.551,Within SLA,,SLA Violated,
2337,2023-06-14 00:04:14,2023-06-13 00:06:14,2023-06-13 00:05:32.430,Within SLA,,SLA Violated,
2338,2023-06-13 21:39:34,2023-06-12 21:41:34,2023-06-12 21:41:15.217,Within SLA,2023-06-13 14:42:42.231,Within SLA,
2339,2023-06-14 06:59:16,2023-06-12 07:59:16,2023-06-12 07:54:00.297,Within SLA,2023-06-13 11:09:26.155,Within SLA,3.0
2340,2023-06-15 15:58:37,2023-06-13 16:58:37,2023-06-13 16:28:38.598,Within SLA,2023-06-14 23:51:19.462,Within SLA,2.0
2341,2023-06-14 19:33:31,2023-06-13 19:35:31,2023-06-13 19:35:15.649,Within SLA,2023-06-13 23:30:08.253,Within SLA,
2342,2023-06-15 11:16:46,2023-06-13 12:16:46,2023-06-13 14:44:36.930,SLA Violated,2023-06-14 22:46:17.045,Within SLA,4.0
2343,2023-06-15 12:41:04,2023-06-13 13:41:04,2023-06-13 13:30:05.128,Within SLA,2023-06-15 20:27:17.187,SLA Violated,5.0
2344,2023-06-14 21:13:06,2023-06-13 21:15:06,2023-06-13 21:14:23.646,Within SLA,2023-06-14 18:51:07.317,Within SLA,5.0
2345,2023-06-15 13:35:27,2023-06-13 14:35:27,2023-06-13 13:55:01.602,Within SLA,2023-06-14 14:40:55.305,Within SLA,4.0
2346,2023-06-15 17:58:40,2023-06-13 18:58:40,2023-06-13 18:20:11.537,Within SLA,2023-06-15 03:28:30.516,Within SLA,
2347,2023-06-15 05:46:10,2023-06-13 06:46:10,2023-06-13 05:54:22.408,Within SLA,2023-06-14 00:42:09.972,Within SLA,4.0
2348,2023-06-15 07:36:59,2023-06-14 07:38:59,2023-06-14 07:38:12.267,Within SLA,2023-06-15 07:32:19.971,Within SLA,4.0
2349,2023-06-16 09:05:18,2023-06-14 09:07:18,2023-06-14 09:10:53.137,SLA Violated,2023-06-15 05:06:42.140,Within SLA,
2350,2023-06-16 18:13:32,2023-06-14 19:13:32,2023-06-14 19:01:12.471,Within SLA,2023-06-15 08:54:36.719,Within SLA,
2351,2023-06-16 11:37:55,2023-06-14 11:39:55,2023-06-14 11:39:17.588,Within SLA,2023-06-15 15:12:43.806,Within SLA,1.0
2352,2023-06-16 23:25:36,2023-06-15 00:25:36,2023-06-14 23:27:39.931,Within SLA,2023-06-19 19:23:09.191,SLA Violated,
2353,2023-06-16 12:44:11,2023-06-14 13:44:11,2023-06-14 15:05:24.967,SLA Violated,2023-06-16 15:16:15.410,SLA Violated,3.0
2354,2023-06-16 07:27:43,2023-06-14 08:27:43,2023-06-14 07:38:56.967,Within SLA,2023-06-15 23:29:35.596,Within SLA,4.0
2355,2023-06-16 11:44:22,2023-06-15 11:46:22,2023-06-15 11:45:53.276,Within SLA,,SLA Violated,
2356,2023-06-16 13:33:18,2023-06-15 13:35:18,2023-06-15 13:38:33.077,SLA Violated,2023-06-16 06:03:48.314,Within SLA,3.0
2357,2023-06-17 07:11:42,2023-06-15 08:11:42,2023-06-15 07:36:31.562,Within SLA,,SLA Violated,
2358,2023-06-17 23:11:03,2023-06-16 00:11:03,2023-06-16 00:05:41.448,Within SLA,2023-06-16 20:58:36.187,Within SLA,1.0
2359,2023-06-16 07:22:26,2023-06-15 07:24:26,2023-06-15 07:24:14.005,Within SLA,2023-06-15 14:47:43.548,Within SLA,3.0
2360,2023-06-16 16:47:13,2023-06-15 16:49:13,2023-06-15 16:48:22.758,Within SLA,2023-06-16 12:59:24.434,Within SLA,4.0
2361,2023-06-17 05:48:45,2023-06-15 06:48:45,2023-06-15 06:17:08.247,Within SLA,2023-06-15 09:51:55.956,Within SLA,
2362,2023-06-18 01:46:17,2023-06-16 02:46:17,2023-06-16 02:31:50.413,Within SLA,2023-06-17 12:17:10.177,Within SLA,2.0
2363,2023-06-17 04:54:40,2023-06-15 05:54:40,2023-06-15 05:43:03.907,Within SLA,2023-06-17 00:27:13.644,Within SLA,
2364,2023-06-19 01:52:30,2023-06-17 02:52:30,2023-06-17 02:45:22.744,Within SLA,2023-06-21 17:03:25.824,SLA Violated,
2365,2023-06-18 15:53:56,2023-06-16 16:53:56,2023-06-16 16:23:33.525,Within SLA,2023-06-18 05:37:18.569,Within SLA,4.0
2366,2023-06-18 19:52:33,2023-06-16 20:52:33,2023-06-16 20:28:42.319,Within SLA,2023-06-18 18:06:05.272,Within SLA,5.0
2367,2023-06-17 13:59:53,2023-06-16 14:01:53,2023-06-16 14:01:28.658,Within SLA,2023-06-16 18:30:21.974,Within SLA,4.0
2368,2023-06-18 20:30:16,2023-06-16 21:30:16,2023-06-16 21:35:48.650,SLA Violated,2023-06-20 08:22:07.346,SLA Violated,
2369,2023-06-17 10:07:53,2023-06-16 10:09:53,2023-06-16 10:09:10.194,Within SLA,,SLA Violated,
2370,2023-06-18 18:52:30,2023-06-16 19:52:30,2023-06-16 19:42:36.200,Within SLA,2023-06-17 15:22:04.936,Within SLA,4.0
2371,2023-06-18 22:36:18,2023-06-16 23:36:18,2023-06-16 22:46:24.604,Within SLA,,SLA Violated,
2372,2023-06-17 22:14:15,2023-06-16 22:16:15,2023-06-16 22:14:55.205,Within SLA,2023-06-17 08:48:38.936,Within SLA,
2373,2023-06-18 07:03:28,2023-06-16 08:03:28,2023-06-16 08:01:06.115,Within SLA,2023-06-17 08:24:55.290,Within SLA,4.0
2374,2023-06-19 17:06:16,2023-06-17 18:06:16,2023-06-17 17:36:16.047,Within SLA,2023-06-18 11:10:38.935,Within SLA,2.0
2375,2023-06-19 10:29:35,2023-06-17 11:29:35,2023-06-17 11:26:15.434,Within SLA,2023-06-18 04:09:34.684,Within SLA,4.0
2376,2023-06-18 10:31:32,2023-06-17 10:33:32,2023-06-17 10:37:18.816,SLA Violated,,SLA Violated,
2381,2023-06-19 22:13:48,2023-06-18 22:15:48,2023-06-18 22:14:17.005,Within SLA,2023-06-20 11:45:44.823,SLA Violated,
2382,2023-06-19 18:10:22,2023-06-18 18:12:22,2023-06-18 18:10:46.982,Within SLA,2023-06-18 23:08:10.019,Within SLA,3.0
2383,2023-06-20 11:11:25,2023-06-19 11:13:25,2023-06-19 11:13:43.664,SLA Violated,,SLA Violated,
2384,2023-06-20 14:06:01,2023-06-19 14:08:01,2023-06-19 14:07:05.875,Within SLA,2023-06-20 12:41:31.953,Within SLA,4.0
2385,2023-06-21 06:56:47,2023-06-19 07:56:47,2023-06-19 07:19:46.645,Within SLA,,SLA Violated,
2386,2023-06-21 13:47:32,2023-06-19 14:47:32,2023-06-19 14:25:29.499,Within SLA,2023-06-20 09:32:37.189,Within SLA,5.0
2387,2023-06-21 19:00:04,2023-06-19 20:00:04,2023-06-19 19:04:13.722,Within SLA,,SLA Violated,
2388,2023-06-21 22:56:11,2023-06-19 23:56:11,2023-06-19 23:55:42.995,Within SLA,,SLA Violated,
2389,2023-06-21 17:19:08,2023-06-19 18:19:08,2023-06-19 17:32:28.836,Within SLA,2023-06-20 00:41:51.551,Within SLA,
2390,2023-06-22 09:58:21,2023-06-20 10:58:21,2023-06-20 10:03:16.850,Within SLA,2023-06-22 05:44:26.795,Within SLA,5.0
2391,2023-06-21 07:21:33,2023-06-20 07:23:33,2023-06-20 07:22:39.769,Within SLA,,SLA Violated,
2392,2023-06-22 04:42:46,2023-06-20 05:42:46,2023-06-20 05:41:53.286,Within SLA,2023-06-23 19:17:53.004,SLA Violated,2.0
2393,2023-06-22 07:00:12,2023-06-20 07:02:12,2023-06-20 07:00:49.593,Within SLA,2023-06-21 14:31:17.533,Within SLA,3.0
2394,2023-06-21 08:41:46,2023-06-20 08:43:46,2023-06-20 08:43:05.749,Within SLA,2023-06-21 03:55:56.728,Within SLA,4.0
2395,2023-06-23 23:25:13,2023-06-22 00:25:13,2023-06-21 23:40:16.454,Within SLA,2023-06-22 20:57:48.036,Within SLA,1.0
2396,2023-06-23 21:34:47,2023-06-21 22:34:47,2023-06-21 22:09:39.661,Within SLA,2023-06-23 11:58:31.417,Within SLA,
2397,2023-06-23 09:06:53,2023-06-21 10:06:53,2023-06-21 09:32:02.043,Within SLA,2023-06-22 12:11:45.070,Within SLA,
2398,2023-06-23 23:47:41,2023-06-22 00:47:41,2023-06-21 23:50:00.684,Within SLA,2023-06-22 17:39:42.319,Within SLA,5.0
2399,2023-06-22 14:02:44,2023-06-21 14:04:44,2023-06-21 14:03:27.836,Within SLA,2023-06-22 21:22:18.622,SLA Violated,3.0
2400,2023-06-23 02:56:11,2023-06-22 02:58:11,2023-06-22 02:57:40.323,Within SLA,2023-06-27 23:57:56.387,SLA Violated,3.0
2401,2023-06-22 22:25:14,2023-06-21 22:27:14,2023-06-21 22:28:56.863,SLA Violated,2023-06-22 19:59:52.150,Within SLA,
2402,2023-06-24 03:30:20,2023-06-22 04:30:20,2023-06-22 04:20:36.960,Within SLA,2023-06-23 00:43:42.698,Within SLA,5.0
2403,2023-06-22 15:31:28,2023-06-21 15:33:28,2023-06-21 15:32:38.178,Within SLA,2023-06-21 15:39:04.925,Within SLA,
2404,2023-06-23 12:31:17,2023-06-21 13:31:17,2023-06-21 12:52:45.281,Within SLA,2023-06-22 01:32:34.318,Within SLA,3.0
2405,2023-06-23 22:46:11,2023-06-21 23:46:11,2023-06-21 23:34:19.469,Within SLA,,SLA Violated,
2406,2023-06-23 19:15:00,2023-06-21 20:15:00,2023-06-21 19:57:38.559,Within SLA,,SLA Violated,
2407,2023-06-23 19:13:01,2023-06-21 20:13:01,2023-06-21 19:51:50.811,Within SLA,2023-06-23 06:46:06.195,Within SLA,
2408,2023-06-23 19:24:15,2023-06-21 19:26:15,2023-06-21 19:25:00.435,Within SLA,2023-06-27 12:48:41.028,SLA Violated,4.0
2409,2023-06-23 11:58:57,2023-06-21 12:58:57,2023-06-21 12:53:02.917,Within SLA,,SLA Violated,
2410,2023-06-23 18:09:56,2023-06-21 18:11:56,2023-06-21 18:13:03.615,SLA Violated,2023-06-22 02:35:13.223,Within SLA,2.0
2411,2023-06-25 01:31:03,2023-06-23 02:31:03,2023-06-23 01:36:58.243,Within SLA,2023-06-23 15:02:12.548,Within SLA,
2412,2023-06-24 13:19:42,2023-06-22 13:21:42,2023-06-22 13:22:03.604,SLA Violated,,SLA Violated,
2413,2023-06-24 01:24:24,2023-06-23 01:26:24,2023-06-23 01:25:52.814,Within SLA,2023-06-23 12:25:47.428,Within SLA,
2414,2023-06-24 19:10:05,2023-06-22 20:10:05,2023-06-23 01:32:04.914,SLA Violated,2023-06-23 05:28:52.653,Within SLA,5.0
2415,2023-06-24 13:31:15,2023-06-22 14:31:15,2023-06-22 14:12:13.866,Within SLA,,SLA Violated,
2416,2023-06-23 07:14:48,2023-06-22 07:16:48,2023-06-22 07:16:00.543,Within SLA,2023-06-22 12:24:31.902,Within SLA,4.0
2417,2023-06-23 09:33:00,2023-06-22 09:35:00,2023-06-22 09:36:01.055,SLA Violated,,SLA Violated,
2418,2023-06-24 19:20:02,2023-06-22 20:20:02,2023-06-22 19:36:47.277,Within SLA,2023-06-25 05:52:58.007,SLA Violated,4.0
2419,2023-06-24 19:17:57,2023-06-22 19:19:57,2023-06-22 19:18:07.592,Within SLA,2023-06-24 10:43:14.339,Within SLA,3.0
2420,2023-06-23 14:16:27,2023-06-22 14:18:27,2023-06-22 14:20:45.647,SLA Violated,2023-06-22 18:53:00.216,Within SLA,4.0
2421,2023-06-25 06:51:48,2023-06-23 06:53:48,2023-06-23 06:52:10.570,Within SLA,2023-06-23 20:17:03.654,Within SLA,
2422,2023-06-25 06:00:34,2023-06-23 06:02:34,2023-06-23 06:04:43.405,SLA Violated,2023-06-24 01:33:51.256,Within SLA,
2423,2023-06-25 15:18:18,2023-06-23 16:18:18,2023-06-23 16:10:12.318,Within SLA,2023-06-24 03:12:52.451,Within SLA,3.0
2425,2023-06-25 17:46:19,2023-06-23 18:46:19,2023-06-23 18:10:55.009,Within SLA,2023-06-25 03:07:51.019,Within SLA,4.0
2426,2023-06-26 00:46:30,2023-06-24 01:46:30,2023-06-24 01:26:43.787,Within SLA,,SLA Violated,
2429,2023-06-26 02:09:46,2023-06-24 03:09:46,2023-06-24 02:20:05.369,Within SLA,2023-06-25 04:32:47.972,Within SLA,
2431,2023-06-26 11:16:23,2023-06-24 12:16:23,2023-06-24 11:52:49.550,Within SLA,2023-06-30 08:11:11.694,SLA Violated,4.0
2433,2023-06-25 22:39:33,2023-06-24 22:41:33,2023-06-24 22:40:25.542,Within SLA,2023-06-25 16:35:39.930,Within SLA,2.0
2446,2023-06-26 20:40:38,2023-06-25 20:42:38,2023-06-25 20:42:36.679,Within SLA,2023-06-26 17:32:29.708,Within SLA,4.0
2447,2023-06-26 15:26:56,2023-06-25 15:28:56,2023-06-25 15:28:22.601,Within SLA,2023-06-25 17:44:35.799,Within SLA,
2448,2023-06-29 02:38:22,2023-06-27 03:38:22,2023-06-27 09:46:54.590,SLA Violated,2023-06-28 04:49:29.267,Within SLA,4.0
2449,2023-06-28 14:41:45,2023-06-26 15:41:45,2023-06-26 15:30:50.265,Within SLA,,SLA Violated,
2450,2023-06-28 09:34:44,2023-06-26 09:36:44,2023-06-26 09:35:20.020,Within SLA,2023-06-27 21:15:09.650,Within SLA,
2451,2023-06-28 16:51:02,2023-06-26 16:53:02,2023-06-26 16:52:11.772,Within SLA,2023-06-27 16:39:07.426,Within SLA,3.0
2452,2023-06-28 09:51:24,2023-06-26 09:53:24,2023-06-26 09:53:35.532,SLA Violated,2023-06-28 07:04:16.943,Within SLA,5.0
2453,2023-06-28 15:00:12,2023-06-26 16:00:12,2023-06-26 15:24:52.048,Within SLA,2023-06-30 23:00:36.742,SLA Violated,3.0
2454,2023-06-28 15:40:47,2023-06-26 15:42:47,2023-06-26 15:42:18.992,Within SLA,,SLA Violated,
2455,2023-06-29 00:30:04,2023-06-27 01:30:04,2023-06-27 00:44:26.591,Within SLA,,SLA Violated,
2456,2023-06-28 11:54:40,2023-06-26 11:56:40,2023-06-26 12:00:32.028,SLA Violated,2023-06-27 22:20:54.288,Within SLA,5.0
2457,2023-06-27 12:29:45,2023-06-26 12:31:45,2023-06-26 12:31:00.763,Within SLA,2023-06-27 11:18:20.873,Within SLA,4.0
2458,2023-06-28 07:46:35,2023-06-26 08:46:35,2023-06-26 07:52:57.744,Within SLA,2023-06-30 03:39:56.007,SLA Violated,
2459,2023-06-30 03:17:53,2023-06-28 04:17:53,2023-06-28 03:34:01.575,Within SLA,2023-06-28 19:33:12.414,Within SLA,2.0
2460,2023-06-28 16:16:37,2023-06-27 16:18:37,2023-06-27 16:17:31.010,Within SLA,2023-06-27 23:53:52.239,Within SLA,1.0
2461,2023-06-28 12:00:05,2023-06-27 12:02:05,2023-06-27 12:00:37.818,Within SLA,2023-06-27 19:01:38.242,Within SLA,4.0
2462,2023-06-29 02:45:24,2023-06-28 02:47:24,2023-06-28 02:48:15.691,SLA Violated,,SLA Violated,
2463,2023-06-30 01:39:49,2023-06-28 01:41:49,2023-06-28 01:40:30.864,Within SLA,2023-06-28 22:14:25.823,Within SLA,2.0
2464,2023-06-29 10:19:27,2023-06-27 11:19:27,2023-06-27 10:31:45.771,Within SLA,2023-07-01 18:54:34.530,SLA Violated,
2465,2023-06-28 10:27:31,2023-06-27 10:29:31,2023-06-27 10:29:31.427,SLA Violated,2023-07-01 07:25:59.551,SLA Violated,
2466,2023-06-29 05:10:56,2023-06-27 06:10:56,2023-06-27 05:50:11.180,Within SLA,2023-06-27 06:52:02.005,Within SLA,
2467,2023-06-29 23:26:27,2023-06-28 00:26:27,2023-06-27 23:45:38.696,Within SLA,2023-06-28 09:55:06.051,Within SLA,
2468,2023-06-29 09:59:15,2023-06-28 10:01:15,2023-06-28 10:00:09.545,Within SLA,2023-06-28 19:31:47.960,Within SLA,4.0
2469,2023-06-30 13:54:25,2023-06-28 14:54:25,2023-06-28 13:55:25.612,Within SLA,2023-06-29 17:39:00.578,Within SLA,5.0
2470,2023-06-29 16:57:26,2023-06-28 16:59:26,2023-06-28 16:58:58.577,Within SLA,2023-06-29 01:24:25.158,Within SLA,3.0
2471,2023-06-29 16:31:36,2023-06-28 16:33:36,2023-06-28 16:31:37.464,Within SLA,2023-06-28 18:39:38.787,Within SLA,
2473,2023-06-30 05:59:56,2023-06-28 06:59:56,2023-06-28 08:06:07.773,SLA Violated,2023-06-28 08:16:02.457,Within SLA,
2475,2023-06-29 09:47:38,2023-06-28 09:49:38,2023-06-28 09:49:34.275,Within SLA,2023-07-02 12:50:52.648,SLA Violated,
2476,2023-06-29 14:12:07,2023-06-28 14:14:07,2023-06-28 14:15:07.132,SLA Violated,2023-06-28 17:12:04.117,Within SLA,3.0
2477,2023-06-29 22:31:59,2023-06-28 22:33:59,2023-06-28 22:33:07.510,Within SLA,,SLA Violated,
2478,2023-06-29 22:37:55,2023-06-28 22:39:55,2023-06-28 22:38:45.680,Within SLA,,SLA Violated,
2479,2023-06-30 08:10:43,2023-06-28 09:10:43,2023-06-28 09:08:58.321,Within SLA,2023-06-30 06:42:20.607,Within SLA,
2481,2023-07-01 00:05:17,2023-06-30 00:07:17,2023-06-30 00:05:22.761,Within SLA,2023-06-30 19:22:54.837,Within SLA,
2482,2023-07-01 06:01:11,2023-06-29 07:01:11,2023-06-29 06:56:51.645,Within SLA,2023-06-29 19:53:37.994,Within SLA,5.0
2483,2023-07-01 12:11:33,2023-06-29 13:11:33,2023-06-29 12:48:39.096,Within SLA,2023-07-02 08:26:55.126,SLA Violated,
2484,2023-07-02 03:48:01,2023-06-30 04:48:01,2023-06-30 04:35:39.126,Within SLA,2023-07-01 20:55:34.925,Within SLA,
2485,2023-07-01 05:15:34,2023-06-29 06:15:34,2023-06-29 05:56:03.330,Within SLA,2023-06-30 08:38:43.945,Within SLA,
2486,2023-07-02 15:38:07,2023-06-30 15:40:07,2023-06-30 15:38:38.184,Within SLA,2023-07-01 01:04:35.834,Within SLA,
2487,2023-07-01 05:01:06,2023-06-30 05:03:06,2023-06-30 05:02:50.694,Within SLA,2023-07-01 01:26:04.954,Within SLA,
2488,2023-07-01 04:30:35,2023-06-30 04:32:35,2023-06-30 04:31:12.697,Within SLA,2023-07-01 02:15:28.954,Within SLA,3.0
2489,2023-07-01 15:55:24,2023-06-30 15:57:24,2023-06-30 15:57:20.474,Within SLA,2023-06-30 23:39:20.760,Within SLA,3.0
2490,2023-07-02 07:26:27,2023-06-30 08:26:27,2023-06-30 08:12:24.107,Within SLA,2023-07-01 02:59:00.729,Within SLA,4.0
2491,2023-07-01 15:16:15,2023-06-30 15:18:15,2023-06-30 15:19:23.109,SLA Violated,2023-06-30 20:23:33.454,Within SLA,5.0
2492,2023-07-02 05:18:00,2023-06-30 06:18:00,2023-06-30 06:03:00.657,Within SLA,,SLA Violated,
2493,2023-07-02 12:43:31,2023-06-30 13:43:31,2023-06-30 13:31:16.291,Within SLA,2023-07-02 16:41:34.908,SLA Violated,3.0
2494,2023-07-01 22:51:17,2023-06-30 22:53:17,2023-06-30 22:52:54.710,Within SLA,,SLA Violated,
2495,2023-07-02 15:48:13,2023-06-30 16:48:13,2023-06-30 16:07:48.871,Within SLA,2023-07-05 15:34:09.468,SLA Violated,
2496,2023-07-02 11:56:05,2023-06-30 12:56:05,2023-06-30 11:58:35.338,Within SLA,2023-07-02 10:30:19.067,Within SLA,2.0
2497,2023-07-03 23:34:25,2023-07-02 00:34:25,2023-07-01 23:48:12.540,Within SLA,,SLA Violated,
2498,2023-07-02 08:08:10,2023-07-01 08:10:10,2023-07-01 08:09:13.967,Within SLA,2023-07-01 09:42:51.119,Within SLA,5.0
2508,2023-07-04 15:43:22,2023-07-02 15:45:22,2023-07-02 15:43:44.044,Within SLA,2023-07-08 09:52:44.459,SLA Violated,
2509,2023-07-03 19:34:25,2023-07-02 19:36:25,2023-07-02 19:36:18.361,Within SLA,2023-07-03 16:17:19.994,Within SLA,4.0
2510,2023-07-04 16:17:52,2023-07-02 16:19:52,2023-07-02 16:19:37.422,Within SLA,,SLA Violated,
2511,2023-07-04 16:38:49,2023-07-03 16:40:49,2023-07-03 16:42:53.124,SLA Violated,,SLA Violated,
2512,2023-07-05 09:38:12,2023-07-03 10:38:12,2023-07-03 09:56:44.486,Within SLA,2023-07-04 07:37:19.737,Within SLA,
2513,2023-07-06 02:38:16,2023-07-04 03:38:16,2023-07-04 02:53:31.488,Within SLA,,SLA Violated,
2514,2023-07-05 04:50:51,2023-07-03 05:50:51,2023-07-03 05:39:05.538,Within SLA,,SLA Violated,
2515,2023-07-04 23:13:13,2023-07-03 23:15:13,2023-07-03 23:14:27.372,Within SLA,,SLA Violated,
2516,2023-07-07 03:47:01,2023-07-05 04:47:01,2023-07-05 04:07:29.096,Within SLA,2023-07-05 17:06:08.299,Within SLA,
2517,2023-07-05 06:36:13,2023-07-04 06:38:13,2023-07-04 06:36:41.922,Within SLA,2023-07-04 23:31:19.455,Within SLA,2.0
2518,2023-07-06 04:39:52,2023-07-04 05:39:52,2023-07-04 05:08:13.640,Within SLA,2023-07-05 14:13:45.710,Within SLA,
2519,2023-07-06 14:01:39,2023-07-04 14:03:39,2023-07-04 14:01:52.846,Within SLA,2023-07-06 04:51:07.618,Within SLA,3.0
2520,2023-07-05 17:14:19,2023-07-04 17:16:19,2023-07-04 17:16:13.886,Within SLA,,SLA Violated,
2521,2023-07-06 05:40:31,2023-07-04 06:40:31,2023-07-04 08:13:22.444,SLA Violated,2023-07-05 15:19:49.687,Within SLA,5.0
2522,2023-07-06 07:48:41,2023-07-04 08:48:41,2023-07-04 08:48:24.876,Within SLA,2023-07-04 09:00:10.949,Within SLA,1.0
2523,2023-07-05 19:19:33,2023-07-04 19:21:33,2023-07-04 19:20:28.158,Within SLA,,SLA Violated,
2525,2023-07-06 16:47:04,2023-07-05 16:49:04,2023-07-05 16:52:06.016,SLA Violated,2023-07-06 01:54:27.783,Within SLA,1.0
2526,2023-07-06 19:03:26,2023-07-05 19:05:26,2023-07-05 19:08:08.326,SLA Violated,2023-07-06 03:40:48.337,Within SLA,
2527,2023-07-08 03:01:55,2023-07-06 04:01:55,2023-07-06 03:18:19.852,Within SLA,2023-07-07 05:06:24.849,Within SLA,
2528,2023-07-08 01:03:38,2023-07-06 02:03:38,2023-07-06 01:13:43.400,Within SLA,2023-07-07 14:11:44.110,Within SLA,
2529,2023-07-07 02:10:12,2023-07-06 02:12:12,2023-07-06 02:11:46.841,Within SLA,2023-07-06 21:00:02.836,Within SLA,
2530,2023-07-06 21:10:41,2023-07-05 21:12:41,2023-07-05 21:10:58.804,Within SLA,,SLA Violated,
2532,2023-07-07 18:30:43,2023-07-05 19:30:43,2023-07-05 18:36:49.992,Within SLA,2023-07-05 21:41:47.268,Within SLA,1.0
2535,2023-07-07 06:48:03,2023-07-06 06:50:03,2023-07-06 06:49:33.393,Within SLA,2023-07-07 05:49:32.481,Within SLA,
2536,2023-07-07 23:49:27,2023-07-06 23:51:27,2023-07-06 23:49:46.347,Within SLA,,SLA Violated,
2537,2023-07-07 14:23:03,2023-07-06 14:25:03,2023-07-06 14:24:37.944,Within SLA,2023-07-07 08:25:55.308,Within SLA,5.0
2539,2023-07-08 17:22:22,2023-07-06 18:22:22,2023-07-06 18:09:11.957,Within SLA,2023-07-08 09:15:47.159,Within SLA,4.0
2540,2023-07-08 05:26:59,2023-07-06 06:26:59,2023-07-06 05:30:39.801,Within SLA,2023-07-06 17:02:45.258,Within SLA,
2541,2023-07-07 20:59:58,2023-07-06 21:01:58,2023-07-06 21:05:49.517,SLA Violated,2023-07-08 14:12:08.599,SLA Violated,4.0
2543,2023-07-08 12:04:13,2023-07-06 12:06:13,2023-07-06 12:07:20.759,SLA Violated,2023-07-08 09:22:10.688,Within SLA,4.0
2544,2023-07-08 18:05:11,2023-07-06 19:05:11,2023-07-06 18:10:24.266,Within SLA,2023-07-07 06:40:53.058,Within SLA,4.0
2545,2023-07-07 06:12:09,2023-07-06 06:14:09,2023-07-06 06:13:31.042,Within SLA,2023-07-07 01:17:02.563,Within SLA,4.0
2546,2023-07-09 03:36:06,2023-07-07 04:36:06,2023-07-07 03:45:31.545,Within SLA,2023-07-10 13:17:57.194,SLA Violated,
2547,2023-07-09 04:03:58,2023-07-07 05:03:58,2023-07-07 04:23:27.979,Within SLA,2023-07-07 21:42:20.484,Within SLA,
2548,2023-07-09 17:22:46,2023-07-07 18:22:46,2023-07-07 17:55:06.150,Within SLA,2023-07-09 07:13:08.987,Within SLA,
2549,2023-07-08 15:51:04,2023-07-07 15:53:04,2023-07-07 15:51:24.378,Within SLA,2023-07-07 22:46:17.448,Within SLA,
2550,2023-07-08 18:51:18,2023-07-07 18:53:18,2023-07-07 18:53:11.344,Within SLA,,SLA Violated,
2551,2023-07-09 16:22:32,2023-07-07 17:22:32,2023-07-07 16:48:37.304,Within SLA,2023-07-13 16:00:23.316,SLA Violated,
2552,2023-07-10 03:08:26,2023-07-08 04:08:26,2023-07-08 03:26:35.704,Within SLA,2023-07-09 14:13:16.478,Within SLA,5.0
2553,2023-07-10 02:58:06,2023-07-08 03:00:06,2023-07-08 02:59:37.686,Within SLA,2023-07-09 02:15:20.632,Within SLA,
2554,2023-07-09 19:00:47,2023-07-07 20:00:47,2023-07-07 19:08:31.685,Within SLA,2023-07-11 14:23:21.996,SLA Violated,
2555,2023-07-08 14:28:20,2023-07-07 14:30:20,2023-07-07 14:29:39.882,Within SLA,2023-07-08 06:34:15.317,Within SLA,4.0
2556,2023-07-09 04:06:17,2023-07-07 04:08:17,2023-07-07 04:06:30.636,Within SLA,2023-07-08 02:47:36.799,Within SLA,
2557,2023-07-10 04:15:43,2023-07-08 05:15:43,2023-07-08 04:57:32.974,Within SLA,2023-07-08 08:50:41.865,Within SLA,3.0
2558,2023-07-09 09:06:51,2023-07-08 09:08:51,2023-07-08 09:07:02.208,Within SLA,2023-07-08 20:56:16.847,Within SLA,3.0
2559,2023-07-10 21:02:18,2023-07-09 21:04:18,2023-07-09 21:03:41.803,Within SLA,2023-07-10 02:11:36.468,Within SLA,2.0
2566,2023-07-11 18:19:39,2023-07-09 18:21:39,2023-07-09 18:20:00.844,Within SLA,2023-07-11 00:27:33.675,Within SLA,
2567,2023-07-11 12:37:29,2023-07-09 13:37:29,2023-07-09 13:08:45.243,Within SLA,2023-07-10 18:27:24.677,Within SLA,
2568,2023-07-12 02:06:34,2023-07-10 03:06:34,2023-07-10 03:03:41.342,Within SLA,2023-07-10 20:37:38.795,Within SLA,
2569,2023-07-11 10:08:41,2023-07-10 10:10:41,2023-07-10 10:09:08.934,Within SLA,2023-07-10 10:32:23.995,Within SLA,2.0
2570,2023-07-12 23:01:46,2023-07-11 00:01:46,2023-07-10 23:36:11.315,Within SLA,2023-07-11 00:14:48.536,Within SLA,
2571,2023-07-12 22:34:35,2023-07-10 23:34:35,2023-07-10 22:52:17.100,Within SLA,2023-07-16 06:30:06.588,SLA Violated,1.0
2572,2023-07-12 09:59:09,2023-07-10 10:59:09,2023-07-10 10:13:23.921,Within SLA,2023-07-16 01:26:02.666,SLA Violated,4.0
2573,2023-07-11 18:32:40,2023-07-10 18:34:40,2023-07-10 18:34:17.285,Within SLA,2023-07-14 19:26:52.693,SLA Violated,
2574,2023-07-12 08:02:53,2023-07-10 08:04:53,2023-07-10 08:04:06.859,Within SLA,2023-07-10 20:54:18.744,Within SLA,4.0
2575,2023-07-12 08:15:42,2023-07-10 09:15:42,2023-07-10 08:32:10.574,Within SLA,2023-07-11 05:11:46.132,Within SLA,5.0
2576,2023-07-12 21:17:26,2023-07-10 21:19:26,2023-07-10 21:20:57.259,SLA Violated,,SLA Violated,
2577,2023-07-11 11:34:10,2023-07-10 11:36:10,2023-07-10 11:36:47.106,SLA Violated,2023-07-10 15:02:02.346,Within SLA,
2578,2023-07-12 01:04:00,2023-07-11 01:06:00,2023-07-11 01:05:40.636,Within SLA,2023-07-11 05:00:14.264,Within SLA,
2579,2023-07-12 11:54:18,2023-07-10 12:54:18,2023-07-10 12:16:30.935,Within SLA,2023-07-11 05:19:08.598,Within SLA,
2580,2023-07-12 15:07:20,2023-07-10 16:07:20,2023-07-10 15:44:30.751,Within SLA,2023-07-15 23:27:58.404,SLA Violated,
2581,2023-07-12 14:05:38,2023-07-11 14:07:38,2023-07-11 14:06:23.006,Within SLA,,SLA Violated,
2582,2023-07-13 09:02:47,2023-07-11 10:02:47,2023-07-11 09:05:15.238,Within SLA,2023-07-12 19:21:49.471,Within SLA,
2583,2023-07-13 01:40:15,2023-07-12 01:42:15,2023-07-12 01:40:51.980,Within SLA,2023-07-12 17:40:37.312,Within SLA,2.0
2584,2023-07-14 02:04:08,2023-07-12 03:04:08,2023-07-12 03:02:16.688,Within SLA,2023-07-13 02:56:27.147,Within SLA,3.0
2585,2023-07-13 04:09:17,2023-07-11 04:11:17,2023-07-11 04:11:07.142,Within SLA,2023-07-12 11:52:55.478,Within SLA,2.0
2586,2023-07-12 05:59:56,2023-07-11 06:01:56,2023-07-11 06:01:36.782,Within SLA,2023-07-17 01:10:37.487,SLA Violated,
2587,2023-07-13 08:59:45,2023-07-11 09:59:45,2023-07-11 09:33:15.196,Within SLA,2023-07-12 23:18:21.649,Within SLA,3.0
2588,2023-07-13 05:35:33,2023-07-11 06:35:33,2023-07-11 06:27:02.148,Within SLA,,SLA Violated,
2589,2023-07-12 07:05:44,2023-07-11 07:07:44,2023-07-11 07:06:29.829,Within SLA,2023-07-11 16:47:02.076,Within SLA,
2590,2023-07-14 20:05:06,2023-07-12 21:05:06,2023-07-12 20:59:40.228,Within SLA,2023-07-17 21:37:53.207,SLA Violated,3.0
2591,2023-07-14 11:32:06,2023-07-12 12:32:06,2023-07-12 11:51:01.996,Within SLA,,SLA Violated,
2592,2023-07-13 20:04:48,2023-07-12 20:06:48,2023-07-12 20:07:27.392,SLA Violated,2023-07-12 21:09:45.325,Within SLA,3.0
2593,2023-07-13 08:04:43,2023-07-12 08:06:43,2023-07-12 08:06:16.624,Within SLA,2023-07-12 17:15:21.836,Within SLA,4.0
2594,2023-07-14 21:46:44,2023-07-12 22:46:44,2023-07-12 22:23:47.441,Within SLA,,SLA Violated,
2595,2023-07-14 00:49:18,2023-07-13 00:51:18,2023-07-13 00:50:52.283,Within SLA,2023-07-13 15:18:20.589,Within SLA,3.0
2596,2023-07-15 01:28:34,2023-07-13 01:30:34,2023-07-13 01:29:28.936,Within SLA,2023-07-18 15:17:14.776,SLA Violated,4.0
2597,2023-07-13 19:40:30,2023-07-12 19:42:30,2023-07-12 19:42:14.772,Within SLA,2023-07-13 05:03:48.695,Within SLA,4.0
2598,2023-07-13 21:30:29,2023-07-12 21:32:29,2023-07-12 21:34:43.221,SLA Violated,2023-07-13 02:31:55.042,Within SLA,
2599,2023-07-15 21:14:29,2023-07-13 21:16:29,2023-07-13 21:15:06.577,Within SLA,,SLA Violated,
2600,2023-07-15 11:02:40,2023-07-13 11:04:40,2023-07-13 11:04:06.958,Within SLA,2023-07-14 01:58:44.571,Within SLA,
2601,2023-07-14 11:09:10,2023-07-13 11:11:10,2023-07-13 11:09:19.645,Within SLA,2023-07-14 00:38:04.330,Within SLA,3.0
2602,2023-07-14 09:54:51,2023-07-13 09:56:51,2023-07-13 09:56:39.048,Within SLA,2023-07-18 21:20:26.523,SLA Violated,4.0
2603,2023-07-15 14:58:35,2023-07-13 15:58:35,2023-07-13 15:22:46.595,Within SLA,2023-07-14 17:21:05.191,Within SLA,
2604,2023-07-16 20:19:04,2023-07-14 21:19:04,2023-07-14 20:33:48.599,Within SLA,,SLA Violated,
2605,2023-07-15 23:58:41,2023-07-15 00:00:41,2023-07-14 23:58:50.239,Within SLA,2023-07-15 16:07:09.974,Within SLA,4.0
2606,2023-07-15 21:35:23,2023-07-14 21:37:23,2023-07-14 21:36:12.959,Within SLA,2023-07-15 21:01:49.443,Within SLA,4.0
2607,2023-07-15 21:14:34,2023-07-14 21:16:34,2023-07-14 21:16:57.288,SLA Violated,2023-07-15 07:26:56.519,Within SLA,4.0
2608,2023-07-16 17:34:59,2023-07-14 18:34:59,2023-07-14 18:11:27.611,Within SLA,2023-07-18 12:29:55.680,SLA Violated,
2610,2023-07-17 02:52:14,2023-07-15 03:52:14,2023-07-15 03:10:29.716,Within SLA,,SLA Violated,
2611,2023-07-16 15:31:32,2023-07-14 16:31:32,2023-07-14 19:46:25.516,SLA Violated,2023-07-15 14:58:55.684,Within SLA,
2612,2023-07-15 07:21:31,2023-07-14 07:23:31,2023-07-14 07:22:59.761,Within SLA,2023-07-18 16:04:33.750,SLA Violated,4.0
2613,2023-07-16 12:22:07,2023-07-14 13:22:07,2023-07-14 12:45:18.400,Within SLA,2023-07-14 19:32:51.879,Within SLA,3.0
2619,2023-07-17 16:50:12,2023-07-15 17:50:12,2023-07-15 17:16:26.160,Within SLA,2023-07-19 23:58:23.433,SLA Violated,
2620,2023-07-17 18:25:25,2023-07-15 19:25:25,2023-07-15 18:58:46.800,Within SLA,,SLA Violated,
2621,2023-07-17 03:31:21,2023-07-16 03:33:21,2023-07-16 03:32:28.915,Within SLA,2023-07-17 00:19:54.421,Within SLA,3.0
2622,2023-07-19 01:55:32,2023-07-17 02:55:32,2023-07-17 02:04:17.420,Within SLA,2023-07-17 17:43:44.515,Within SLA,4.0
2632,2023-07-17 21:54:40,2023-07-16 21:56:40,2023-07-16 21:55:43.288,Within SLA,2023-07-18 11:55:55.087,SLA Violated,5.0
2633,2023-07-19 16:33:06,2023-07-17 17:33:06,2023-07-17 17:08:24.232,Within SLA,2023-07-17 21:04:48.335,Within SLA,3.0
2634,2023-07-18 17:46:45,2023-07-17 17:48:45,2023-07-17 17:48:06.769,Within SLA,,SLA Violated,
2635,2023-07-19 13:30:38,2023-07-17 14:30:38,2023-07-17 13:31:47.625,Within SLA,,SLA Violated,
2636,2023-07-20 01:54:07,2023-07-18 02:54:07,2023-07-18 02:08:27.322,Within SLA,2023-07-19 19:45:21.095,Within SLA,3.0
2637,2023-07-19 08:29:36,2023-07-17 09:29:36,2023-07-17 08:52:32.594,Within SLA,2023-07-17 13:15:09.051,Within SLA,5.0
2638,2023-07-19 20:26:17,2023-07-17 21:26:17,2023-07-17 21:14:39.161,Within SLA,2023-07-23 12:26:17.406,SLA Violated,2.0
2639,2023-07-19 19:47:15,2023-07-17 20:47:15,2023-07-17 20:37:33.254,Within SLA,,SLA Violated,
2640,2023-07-19 18:31:34,2023-07-17 19:31:34,2023-07-17 19:12:37.356,Within SLA,,SLA Violated,
2641,2023-07-19 19:53:10,2023-07-17 20:53:10,2023-07-17 20:35:58.955,Within SLA,2023-07-17 22:31:33.103,Within SLA,
2642,2023-07-19 06:49:14,2023-07-18 06:51:14,2023-07-18 06:50:23.516,Within SLA,2023-07-19 01:49:49.863,Within SLA,4.0
2643,2023-07-20 18:57:27,2023-07-18 19:57:27,2023-07-18 19:30:41.270,Within SLA,2023-07-19 04:00:03.506,Within SLA,
2644,2023-07-19 20:29:27,2023-07-18 20:31:27,2023-07-18 20:30:23.516,Within SLA,2023-07-19 02:15:58.859,Within SLA,3.0
2645,2023-07-20 17:46:00,2023-07-18 18:46:00,2023-07-18 17:53:41.408,Within SLA,2023-07-18 22:31:10.793,Within SLA,1.0
2646,2023-07-20 11:16:47,2023-07-18 12:16:47,2023-07-18 11:51:02.148,Within SLA,2023-07-19 02:09:06.354,Within SLA,
2647,2023-07-20 21:01:00,2023-07-18 22:01:00,2023-07-18 21:07:21.649,Within SLA,2023-07-21 00:34:56.739,SLA Violated,2.0
2648,2023-07-20 08:21:06,2023-07-18 09:21:06,2023-07-18 08:46:42.005,Within SLA,,SLA Violated,
2649,2023-07-20 09:16:14,2023-07-18 10:16:14,2023-07-18 09:29:30.573,Within SLA,,SLA Violated,
2650,2023-07-20 11:18:05,2023-07-18 12:18:05,2023-07-18 11:47:46.075,Within SLA,2023-07-19 18:04:06.262,Within SLA,5.0
2651,2023-07-21 00:24:58,2023-07-20 00:26:58,2023-07-20 00:26:38.857,Within SLA,,SLA Violated,
2652,2023-07-20 07:50:42,2023-07-19 07:52:42,2023-07-19 07:52:34.677,Within SLA,2023-07-21 23:59:26.007,SLA Violated,3.0
2653,2023-07-20 04:38:21,2023-07-19 04:40:21,2023-07-19 04:42:42.467,SLA Violated,2023-07-24 07:49:06.157,SLA Violated,5.0
2654,2023-07-20 08:58:14,2023-07-19 09:00:14,2023-07-19 09:01:04.803,SLA Violated,2023-07-19 13:48:52.253,Within SLA,3.0
2655,2023-07-21 20:27:31,2023-07-19 21:27:31,2023-07-19 20:44:24.136,Within SLA,2023-07-20 14:35:34.063,Within SLA,
2656,2023-07-21 05:55:33,2023-07-19 06:55:33,2023-07-19 06:54:33.714,Within SLA,2023-07-21 02:30:47.656,Within SLA,3.0
2657,2023-07-20 15:40:11,2023-07-19 15:42:11,2023-07-19 15:41:04.616,Within SLA,2023-07-21 13:43:27.771,SLA Violated,5.0
2658,2023-07-20 11:01:23,2023-07-19 11:03:23,2023-07-19 11:02:10.808,Within SLA,2023-07-19 15:02:59.172,Within SLA,
2659,2023-07-21 01:29:08,2023-07-20 01:31:08,2023-07-20 01:30:48.257,Within SLA,2023-07-20 07:07:03.049,Within SLA,4.0
2660,2023-07-21 00:35:55,2023-07-20 00:37:55,2023-07-20 00:37:08.372,Within SLA,2023-07-20 07:19:47.976,Within SLA,
2661,2023-07-21 14:17:32,2023-07-19 15:17:32,2023-07-19 14:24:46.890,Within SLA,2023-07-21 00:43:40.382,Within SLA,1.0
2662,2023-07-21 09:38:45,2023-07-20 09:40:45,2023-07-20 09:39:06.791,Within SLA,2023-07-21 08:17:45.754,Within SLA,
2663,2023-07-22 13:57:06,2023-07-20 14:57:06,2023-07-20 14:01:29.696,Within SLA,2023-07-24 12:53:58.098,SLA Violated,3.0
2664,2023-07-22 11:52:58,2023-07-20 12:52:58,2023-07-20 12:38:34.225,Within SLA,2023-07-20 23:28:56.308,Within SLA,
2665,2023-07-23 03:02:26,2023-07-21 04:02:26,2023-07-21 03:37:51.825,Within SLA,2023-07-21 22:22:57.909,Within SLA,
2667,2023-07-22 04:51:47,2023-07-20 05:51:47,2023-07-20 05:20:37.655,Within SLA,2023-07-20 16:00:49.700,Within SLA,5.0
2669,2023-07-22 09:31:42,2023-07-20 10:31:42,2023-07-20 15:05:20.094,SLA Violated,2023-07-20 14:37:32.682,Within SLA,
2670,2023-07-22 12:29:44,2023-07-20 13:29:44,2023-07-20 13:24:29.174,Within SLA,,SLA Violated,
2671,2023-07-21 14:48:21,2023-07-20 14:50:21,2023-07-20 14:49:05.970,Within SLA,,SLA Violated,
2672,2023-07-21 07:48:19,2023-07-20 07:50:19,2023-07-20 07:50:13.498,Within SLA,2023-07-21 11:47:32.683,SLA Violated,2.0
2673,2023-07-22 19:35:25,2023-07-20 20:35:25,2023-07-20 19:57:36.260,Within SLA,2023-07-21 00:15:07.064,Within SLA,
2674,2023-07-23 21:17:52,2023-07-21 22:17:52,2023-07-21 21:54:59.606,Within SLA,2023-07-23 11:02:34.146,Within SLA,
2675,2023-07-22 08:14:58,2023-07-21 08:16:58,2023-07-21 08:16:00.845,Within SLA,2023-07-23 21:12:33.046,SLA Violated,4.0
2676,2023-07-24 01:58:38,2023-07-22 02:58:38,2023-07-22 02:25:47.941,Within SLA,2023-07-22 03:49:28.095,Within SLA,
2677,2023-07-23 03:58:59,2023-07-22 04:00:59,2023-07-22 04:04:42.063,SLA Violated,2023-07-23 02:48:29.863,Within SLA,
2678,2023-07-23 05:52:21,2023-07-21 06:52:21,2023-07-21 06:37:43.499,Within SLA,2023-07-23 00:39:50.401,Within SLA,5.0
2680,2023-07-22 12:59:53,2023-07-21 13:01:53,2023-07-21 13:00:17.246,Within SLA,2023-07-22 00:40:45.465,Within SLA,
2681,2023-07-23 13:55:59,2023-07-22 13:57:59,2023-07-22 13:57:43.636,Within SLA,2023-07-27 04:14:54.297,SLA Violated,4.0
2682,2023-07-24 11:28:38,2023-07-22 12:28:38,2023-07-22 12:10:22.879,Within SLA,2023-07-27 01:54:44.153,SLA Violated,2.0
2683,2023-07-23 06:02:02,2023-07-22 06:04:02,2023-07-22 06:02:14.021,Within SLA,2023-07-22 20:46:19.368,Within SLA,3.0
2694,2023-07-24 12:50:08,2023-07-23 12:52:08,2023-07-23 12:50:40.757,Within SLA,2023-07-24 02:33:01.583,Within SLA,5.0
2695,2023-07-24 07:45:32,2023-07-23 07:47:32,2023-07-23 07:45:39.814,Within SLA,,SLA Violated,
2696,2023-07-26 02:55:17,2023-07-24 03:55:17,2023-07-24 03:21:52.848,Within SLA,2023-07-24 13:28:53.303,Within SLA,
2697,2023-07-27 00:47:04,2023-07-25 01:47:04,2023-07-25 01:23:03.852,Within SLA,2023-07-25 19:24:37.442,Within SLA,4.0
2698,2023-07-27 03:11:01,2023-07-25 04:11:01,2023-07-25 03:57:15.895,Within SLA,2023-07-26 13:41:59.053,Within SLA,
2699,2023-07-26 12:12:56,2023-07-24 12:14:56,2023-07-24 12:13:05.096,Within SLA,,SLA Violated,
2700,2023-07-25 09:12:30,2023-07-24 09:14:30,2023-07-24 09:14:07.567,Within SLA,,SLA Violated,
2701,2023-07-27 02:56:30,2023-07-25 03:56:30,2023-07-25 03:42:23.913,Within SLA,2023-07-25 14:40:05.932,Within SLA,4.0
2702,2023-07-25 10:35:05,2023-07-24 10:37:05,2023-07-24 10:35:25.699,Within SLA,2023-07-30 00:10:32.781,SLA Violated,4.0
2703,2023-07-25 09:17:06,2023-07-24 09:19:06,2023-07-24 09:17:12.352,Within SLA,2023-07-29 02:09:28.293,SLA Violated,1.0
2704,2023-07-26 23:22:39,2023-07-25 00:22:39,2023-07-25 00:13:09.198,Within SLA,2023-07-26 14:18:25.808,Within SLA,5.0
2705,2023-07-27 23:01:01,2023-07-26 00:01:01,2023-07-25 23:52:42.365,Within SLA,2023-07-26 06:17:23.295,Within SLA,5.0
2706,2023-07-27 09:19:24,2023-07-25 09:21:24,2023-07-25 09:20:05.561,Within SLA,,SLA Violated,
2707,2023-07-26 12:24:38,2023-07-25 12:26:38,2023-07-25 12:24:49.155,Within SLA,,SLA Violated,
2708,2023-07-26 14:09:51,2023-07-25 14:11:51,2023-07-25 14:11:08.675,Within SLA,2023-07-31 07:44:38.856,SLA Violated,
2709,2023-07-27 16:41:56,2023-07-25 17:41:56,2023-07-25 17:13:22.560,Within SLA,2023-07-27 00:54:09.899,Within SLA,
2710,2023-07-26 20:03:58,2023-07-25 20:05:58,2023-07-25 20:05:28.467,Within SLA,2023-07-25 21:00:31.693,Within SLA,3.0
2711,2023-07-27 02:00:01,2023-07-26 02:02:01,2023-07-26 02:01:38.990,Within SLA,2023-07-27 00:00:15.818,Within SLA,1.0
2712,2023-07-28 09:17:19,2023-07-26 09:19:19,2023-07-26 09:20:38.622,SLA Violated,2023-07-30 00:15:44.926,SLA Violated,5.0
2713,2023-07-27 21:48:10,2023-07-26 21:50:10,2023-07-26 21:49:01.197,Within SLA,2023-07-27 20:00:45.455,Within SLA,
2714,2023-07-28 21:37:56,2023-07-26 22:37:56,2023-07-26 22:36:14.635,Within SLA,,SLA Violated,
2715,2023-07-27 15:56:52,2023-07-26 15:58:52,2023-07-26 15:59:02.864,SLA Violated,2023-07-27 15:38:29.769,Within SLA,5.0
2716,2023-07-28 10:23:09,2023-07-26 11:23:09,2023-07-26 10:28:24.497,Within SLA,,SLA Violated,
2717,2023-07-28 14:12:34,2023-07-26 15:12:34,2023-07-26 14:57:29.849,Within SLA,2023-07-26 21:06:47.541,Within SLA,3.0
2718,2023-07-28 14:23:04,2023-07-26 15:23:04,2023-07-26 15:22:52.168,Within SLA,2023-08-01 03:26:34.594,SLA Violated,
2719,2023-07-28 18:24:32,2023-07-26 19:24:32,2023-07-26 18:48:57.009,Within SLA,,SLA Violated,
2720,2023-07-29 16:52:28,2023-07-27 17:52:28,2023-07-27 17:48:22.002,Within SLA,2023-07-27 17:13:19.727,Within SLA,
2721,2023-07-29 21:15:18,2023-07-27 21:17:18,2023-07-27 21:15:21.325,Within SLA,2023-07-29 12:12:01.916,Within SLA,2.0
2722,2023-07-29 02:45:55,2023-07-28 02:47:55,2023-07-28 02:50:25.027,SLA Violated,2023-07-28 02:49:53.217,Within SLA,4.0
2723,2023-07-30 01:40:02,2023-07-28 02:40:02,2023-07-28 01:57:35.671,Within SLA,2023-07-28 18:02:17.499,Within SLA,
2724,2023-07-28 05:06:34,2023-07-27 05:08:34,2023-07-27 05:07:55.881,Within SLA,2023-07-28 03:58:59.728,Within SLA,3.0
2725,2023-07-30 14:17:18,2023-07-28 15:17:18,2023-07-28 14:19:22.767,Within SLA,2023-08-02 03:24:17.075,SLA Violated,
2726,2023-07-30 20:21:54,2023-07-28 21:21:54,2023-07-28 20:34:34.101,Within SLA,2023-07-29 20:38:43.133,Within SLA,5.0
2728,2023-07-30 08:55:49,2023-07-28 09:55:49,2023-07-28 13:10:04.782,SLA Violated,2023-07-29 22:39:10.557,Within SLA,
2729,2023-07-29 09:07:43,2023-07-28 09:09:43,2023-07-28 09:08:56.051,Within SLA,2023-08-02 23:57:03.182,SLA Violated,3.0
2730,2023-07-29 07:03:13,2023-07-28 07:05:13,2023-07-28 07:05:09.108,Within SLA,2023-07-28 20:24:57.013,Within SLA,
2731,2023-07-31 20:35:02,2023-07-29 21:35:02,2023-07-29 20:48:55.695,Within SLA,2023-07-30 21:23:45.849,Within SLA,
2732,2023-07-31 20:26:33,2023-07-29 21:26:33,2023-07-29 20:39:43.478,Within SLA,2023-07-31 14:53:59.484,Within SLA,5.0
2734,2023-07-30 16:07:53,2023-07-29 16:09:53,2023-07-29 16:08:16.305,Within SLA,2023-07-29 23:34:41.951,Within SLA,4.0
2746,2023-07-31 04:43:24,2023-07-30 04:45:24,2023-07-30 04:44:17.935,Within SLA,2023-07-30 11:47:26.745,Within SLA,
2748,2023-08-02 01:40:00,2023-07-31 02:40:00,2023-07-31 01:51:19.292,Within SLA,2023-07-31 03:00:35.048,Within SLA,1.0
2749,2023-08-01 15:52:27,2023-07-30 16:52:27,2023-07-30 16:10:04.880,Within SLA,2023-07-31 08:41:33.502,Within SLA,4.0
2750,2023-08-03 01:21:00,2023-08-01 02:21:00,2023-08-01 07:51:41.674,SLA Violated,,SLA Violated,
2751,2023-08-01 04:14:49,2023-07-31 04:16:49,2023-07-31 04:14:54.937,Within SLA,2023-08-01 15:36:11.735,SLA Violated,
2752,2023-08-01 13:46:25,2023-07-31 13:48:25,2023-07-31 13:47:53.601,Within SLA,2023-08-01 09:09:43.047,Within SLA,4.0
2753,2023-08-01 23:50:06,2023-07-31 23:52:06,2023-07-31 23:53:50.682,SLA Violated,2023-08-01 15:07:04.826,Within SLA,
2754,2023-08-02 08:29:20,2023-07-31 09:29:20,2023-07-31 08:39:49.607,Within SLA,2023-07-31 11:46:08.718,Within SLA,4.0
2755,2023-08-02 23:38:58,2023-08-01 00:38:58,2023-08-01 00:21:20.308,Within SLA,2023-08-01 22:05:10.763,Within SLA,4.0
2756,2023-08-02 19:54:19,2023-07-31 20:54:19,2023-07-31 20:49:59.126,Within SLA,2023-08-02 09:37:52.081,Within SLA,3.0
2757,2023-08-01 19:07:17,2023-07-31 19:09:17,2023-07-31 19:07:33.363,Within SLA,2023-08-01 04:32:00.147,Within SLA,2.0
2758,2023-08-01 23:18:02,2023-07-31 23:20:02,2023-07-31 23:19:36.295,Within SLA,2023-08-01 22:03:27.557,Within SLA,2.0
2759,2023-08-02 22:58:53,2023-07-31 23:58:53,2023-07-31 23:18:24.522,Within SLA,2023-08-01 17:01:45.621,Within SLA,
2760,2023-08-01 12:56:35,2023-07-31 12:58:35,2023-07-31 12:57:35.414,Within SLA,2023-08-02 07:55:12.449,SLA Violated,5.0
2761,2023-08-02 13:43:34,2023-07-31 14:43:34,2023-07-31 13:47:04.546,Within SLA,2023-08-01 15:59:09.223,Within SLA,4.0
2762,2023-08-02 08:34:57,2023-08-01 08:36:57,2023-08-01 08:36:13.383,Within SLA,2023-08-02 05:36:45.220,Within SLA,5.0
2763,2023-08-02 19:29:12,2023-08-01 19:31:12,2023-08-01 19:30:56.344,Within SLA,2023-08-02 01:25:57.481,Within SLA,
2764,2023-08-04 00:01:50,2023-08-02 01:01:50,2023-08-02 00:45:23.654,Within SLA,2023-08-02 04:09:18.521,Within SLA,
2765,2023-08-03 15:55:41,2023-08-01 16:55:41,2023-08-01 15:59:10.867,Within SLA,,SLA Violated,
2766,2023-08-03 07:21:52,2023-08-01 08:21:52,2023-08-01 08:08:42.790,Within SLA,2023-08-01 08:27:42.556,Within SLA,
2768,2023-08-03 08:44:54,2023-08-01 09:44:54,2023-08-01 09:34:42.960,Within SLA,2023-08-06 23:45:17.143,SLA Violated,3.0
2769,2023-08-04 11:41:06,2023-08-02 12:41:06,2023-08-02 11:46:46.140,Within SLA,2023-08-02 16:25:11.661,Within SLA,3.0
2771,2023-08-04 15:18:10,2023-08-02 16:18:10,2023-08-02 15:32:08.848,Within SLA,2023-08-04 13:37:47.927,Within SLA,
2772,2023-08-04 11:31:31,2023-08-02 12:31:31,2023-08-02 12:28:03.024,Within SLA,2023-08-04 09:46:21.136,Within SLA,4.0
2774,2023-08-04 22:06:52,2023-08-02 23:06:52,2023-08-03 05:15:18.165,SLA Violated,2023-08-07 11:01:13.853,SLA Violated,4.0
2775,2023-08-05 01:53:43,2023-08-03 01:55:43,2023-08-03 01:54:42.896,Within SLA,2023-08-07 07:50:14.130,SLA Violated,4.0
2776,2023-08-03 06:37:15,2023-08-02 06:39:15,2023-08-02 06:42:08.921,SLA Violated,2023-08-02 12:31:38.299,Within SLA,4.0
2777,2023-08-04 20:20:43,2023-08-02 21:20:43,2023-08-02 21:00:49.988,Within SLA,2023-08-04 12:57:40.906,Within SLA,
2778,2023-08-04 19:53:02,2023-08-02 20:53:02,2023-08-02 20:32:43.303,Within SLA,2023-08-08 14:26:15.697,SLA Violated,
2779,2023-08-06 02:39:29,2023-08-04 02:41:29,2023-08-04 02:42:30.623,SLA Violated,,SLA Violated,
2780,2023-08-05 22:46:36,2023-08-03 23:46:36,2023-08-03 23:01:52.807,Within SLA,2023-08-05 15:59:41.126,Within SLA,2.0
2781,2023-08-04 04:14:42,2023-08-03 04:16:42,2023-08-03 04:15:21.620,Within SLA,2023-08-07 23:15:29.176,SLA Violated,
2782,2023-08-05 19:31:59,2023-08-03 19:33:59,2023-08-03 19:32:07.635,Within SLA,2023-08-05 02:51:02.290,Within SLA,
2783,2023-08-05 18:52:35,2023-08-03 19:52:35,2023-08-03 19:34:40.652,Within SLA,2023-08-04 08:16:17.865,Within SLA,
2784,2023-08-04 16:37:19,2023-08-03 16:39:19,2023-08-03 16:38:53.206,Within SLA,2023-08-04 08:47:46.615,Within SLA,4.0
2785,2023-08-06 01:38:26,2023-08-04 01:40:26,2023-08-04 01:39:49.591,Within SLA,2023-08-05 18:52:32.043,Within SLA,4.0
2786,2023-08-05 01:33:45,2023-08-04 01:35:45,2023-08-04 01:35:04.572,Within SLA,,SLA Violated,
2787,2023-08-06 16:43:41,2023-08-04 16:45:41,2023-08-04 16:44:01.169,Within SLA,2023-08-07 06:10:39.293,SLA Violated,
2788,2023-08-05 08:37:32,2023-08-04 08:39:32,2023-08-04 08:38:22.202,Within SLA,2023-08-04 18:07:43.050,Within SLA,1.0
2789,2023-08-06 22:15:36,2023-08-04 23:15:36,2023-08-04 22:50:58.022,Within SLA,,SLA Violated,
2790,2023-08-06 07:20:18,2023-08-04 08:20:18,2023-08-04 08:17:24.901,Within SLA,2023-08-06 01:34:54.432,Within SLA,1.0
2791,2023-08-06 05:50:35,2023-08-04 06:50:35,2023-08-04 05:55:05.595,Within SLA,2023-08-06 00:31:49.994,Within SLA,
2792,2023-08-07 04:41:24,2023-08-05 04:43:24,2023-08-05 04:42:23.115,Within SLA,2023-08-07 09:00:06.240,SLA Violated,1.0
2793,2023-08-07 06:24:07,2023-08-05 07:24:07,2023-08-05 12:21:20.937,SLA Violated,2023-08-05 13:54:41.732,Within SLA,4.0
2794,2023-08-06 05:58:57,2023-08-05 06:00:57,2023-08-05 05:59:43.430,Within SLA,2023-08-05 14:23:44.287,Within SLA,5.0
2806,2023-08-08 15:09:06,2023-08-06 16:09:06,2023-08-06 15:43:40.429,Within SLA,2023-08-06 19:34:41.504,Within SLA,5.0
2807,2023-08-08 16:50:33,2023-08-06 17:50:33,2023-08-06 17:17:36.041,Within SLA,2023-08-07 19:01:37.257,Within SLA,
2808,2023-08-08 14:37:40,2023-08-06 15:37:40,2023-08-06 15:23:39.220,Within SLA,2023-08-11 21:38:25.158,SLA Violated,
2809,2023-08-08 17:52:11,2023-08-06 18:52:11,2023-08-06 18:21:28.348,Within SLA,2023-08-08 11:57:43.174,Within SLA,5.0
2810,2023-08-08 21:58:30,2023-08-06 22:58:30,2023-08-06 22:37:10.878,Within SLA,2023-08-07 01:30:35.867,Within SLA,5.0
2811,2023-08-08 17:38:15,2023-08-06 18:38:15,2023-08-06 17:45:10.286,Within SLA,2023-08-11 17:43:28.716,SLA Violated,5.0
2812,2023-08-09 16:46:44,2023-08-07 17:46:44,2023-08-07 23:12:47.340,SLA Violated,2023-08-08 00:36:58.301,Within SLA,
2813,2023-08-09 15:15:32,2023-08-07 16:15:32,2023-08-07 15:23:32.077,Within SLA,,SLA Violated,
2814,2023-08-09 23:44:12,2023-08-08 00:44:12,2023-08-08 00:37:17.619,Within SLA,2023-08-09 07:49:20.704,Within SLA,
2815,2023-08-10 03:34:02,2023-08-08 04:34:02,2023-08-08 03:38:23.692,Within SLA,2023-08-08 11:04:34.816,Within SLA,3.0
2816,2023-08-08 19:10:55,2023-08-07 19:12:55,2023-08-07 19:13:07.918,SLA Violated,,SLA Violated,
2817,2023-08-10 02:29:00,2023-08-08 03:29:00,2023-08-08 03:12:18.897,Within SLA,2023-08-11 20:11:22.458,SLA Violated,5.0
2818,2023-08-10 13:40:50,2023-08-08 14:40:50,2023-08-08 14:16:34.543,Within SLA,2023-08-10 04:51:58.142,Within SLA,5.0
2819,2023-08-11 01:09:26,2023-08-09 01:11:26,2023-08-09 01:11:16.387,Within SLA,2023-08-10 22:00:32.120,Within SLA,
2820,2023-08-10 02:35:28,2023-08-09 02:37:28,2023-08-09 02:37:01.764,Within SLA,2023-08-09 20:47:07.458,Within SLA,
2821,2023-08-09 04:50:57,2023-08-08 04:52:57,2023-08-08 04:52:27.517,Within SLA,2023-08-08 22:27:14.989,Within SLA,4.0
2822,2023-08-10 11:51:46,2023-08-08 11:53:46,2023-08-08 11:53:27.992,Within SLA,2023-08-12 00:40:53.639,SLA Violated,1.0
2823,2023-08-10 05:22:34,2023-08-08 06:22:34,2023-08-08 05:45:21.519,Within SLA,2023-08-09 04:36:44.570,Within SLA,3.0
2824,2023-08-10 09:42:37,2023-08-08 10:42:37,2023-08-08 09:49:22.298,Within SLA,2023-08-09 10:53:10.343,Within SLA,5.0
2825,2023-08-11 00:32:09,2023-08-10 00:34:09,2023-08-10 00:32:35.264,Within SLA,2023-08-10 03:05:15.032,Within SLA,
2826,2023-08-11 12:55:35,2023-08-09 13:55:35,2023-08-09 13:13:25.568,Within SLA,,SLA Violated,
2827,2023-08-11 15:05:57,2023-08-09 16:05:57,2023-08-09 16:04:39.099,Within SLA,2023-08-13 15:52:57.960,SLA Violated,
2828,2023-08-11 21:25:41,2023-08-09 22:25:41,2023-08-09 21:36:40.870,Within SLA,2023-08-14 19:55:01.828,SLA Violated,3.0
2829,2023-08-10 10:58:57,2023-08-09 11:00:57,2023-08-09 10:59:10.987,Within SLA,2023-08-09 23:11:32.256,Within SLA,
2830,2023-08-10 13:11:08,2023-08-09 13:13:08,2023-08-09 13:15:01.662,SLA Violated,2023-08-09 18:03:14.822,Within SLA,3.0
2831,2023-08-10 21:11:17,2023-08-09 21:13:17,2023-08-09 21:11:58.279,Within SLA,2023-08-10 12:53:19.812,Within SLA,
2832,2023-08-11 07:50:28,2023-08-09 08:50:28,2023-08-09 08:21:26.422,Within SLA,,SLA Violated,
2833,2023-08-11 04:29:00,2023-08-09 05:29:00,2023-08-09 05:03:46.685,Within SLA,2023-08-10 01:58:22.998,Within SLA,4.0
2834,2023-08-12 22:52:16,2023-08-10 22:54:16,2023-08-10 22:53:29.813,Within SLA,2023-08-14 21:33:53.681,SLA Violated,4.0
2835,2023-08-13 00:17:52,2023-08-11 01:17:52,2023-08-11 00:19:33.448,Within SLA,,SLA Violated,
2836,2023-08-13 02:15:02,2023-08-11 03:15:02,2023-08-11 03:05:08.097,Within SLA,2023-08-11 18:48:45.103,Within SLA,4.0
2837,2023-08-13 20:51:17,2023-08-11 21:51:17,2023-08-11 21:49:36.705,Within SLA,2023-08-12 21:03:52.157,Within SLA,
2838,2023-08-13 08:48:56,2023-08-11 08:50:56,2023-08-11 08:50:24.641,Within SLA,2023-08-14 05:33:00.699,SLA Violated,2.0
2839,2023-08-14 03:20:44,2023-08-12 04:20:44,2023-08-12 03:24:19.510,Within SLA,2023-08-13 15:02:02.131,Within SLA,4.0
2840,2023-08-13 03:26:09,2023-08-12 03:28:09,2023-08-12 03:27:40.124,Within SLA,2023-08-13 01:43:34.063,Within SLA,5.0
2841,2023-08-12 19:00:10,2023-08-11 19:02:10,2023-08-11 19:00:44.869,Within SLA,2023-08-12 13:56:28.938,Within SLA,4.0
2842,2023-08-14 12:58:38,2023-08-12 13:58:38,2023-08-12 13:58:35.887,Within SLA,2023-08-18 00:19:13.188,SLA Violated,3.0
2843,2023-08-14 08:28:51,2023-08-12 09:28:51,2023-08-12 09:20:19.198,Within SLA,,SLA Violated,
2844,2023-08-13 18:25:33,2023-08-12 18:27:33,2023-08-12 18:26:07.566,Within SLA,2023-08-13 00:44:26.821,Within SLA,5.0
2845,2023-08-14 05:08:42,2023-08-12 05:10:42,2023-08-12 05:13:15.200,SLA Violated,,SLA Violated,
2855,2023-08-14 08:29:18,2023-08-13 08:31:18,2023-08-13 08:29:56.861,Within SLA,2023-08-13 12:30:02.950,Within SLA,4.0
2856,2023-08-16 17:58:32,2023-08-14 18:58:32,2023-08-14 18:21:50.175,Within SLA,2023-08-15 09:15:34.457,Within SLA,3.0
2857,2023-08-16 23:11:08,2023-08-15 00:11:08,2023-08-14 23:40:00.479,Within SLA,2023-08-16 19:22:09.491,Within SLA,5.0
2858,2023-08-16 11:57:39,2023-08-14 12:57:39,2023-08-14 12:27:10.528,Within SLA,2023-08-16 06:51:09.421,Within SLA,1.0
2859,2023-08-15 20:56:36,2023-08-14 20:58:36,2023-08-14 20:58:10.463,Within SLA,2023-08-16 04:14:42.289,SLA Violated,5.0
2860,2023-08-15 20:34:25,2023-08-14 20:36:25,2023-08-14 20:36:07.213,Within SLA,2023-08-18 14:45:01.225,SLA Violated,
2861,2023-08-16 16:56:01,2023-08-14 17:56:01,2023-08-14 20:01:13.672,SLA Violated,2023-08-14 20:32:03.993,Within SLA,
2862,2023-08-16 06:02:34,2023-08-14 07:02:34,2023-08-14 06:26:40.443,Within SLA,,SLA Violated,
2863,2023-08-17 01:53:06,2023-08-15 01:55:06,2023-08-15 01:54:22.233,Within SLA,2023-08-16 09:24:49.585,Within SLA,1.0
2864,2023-08-16 20:03:00,2023-08-14 20:05:00,2023-08-14 20:04:58.417,Within SLA,2023-08-20 02:24:46.782,SLA Violated,
2865,2023-08-17 10:38:25,2023-08-15 11:38:25,2023-08-15 10:40:27.759,Within SLA,2023-08-16 19:02:32.045,Within SLA,4.0
2866,2023-08-18 00:32:14,2023-08-16 01:32:14,2023-08-16 01:23:18.789,Within SLA,2023-08-17 00:00:44.934,Within SLA,1.0
2867,2023-08-17 23:42:47,2023-08-15 23:44:47,2023-08-15 23:43:26.512,Within SLA,,SLA Violated,
2868,2023-08-18 02:59:05,2023-08-16 03:59:05,2023-08-16 03:01:17.303,Within SLA,2023-08-17 19:56:14.956,Within SLA,
2869,2023-08-17 10:18:13,2023-08-15 11:18:13,2023-08-15 10:57:30.475,Within SLA,2023-08-16 05:18:44.733,Within SLA,
2870,2023-08-18 01:06:22,2023-08-16 01:08:22,2023-08-16 01:08:07.108,Within SLA,2023-08-16 06:11:55.933,Within SLA,5.0
2871,2023-08-17 11:04:55,2023-08-15 12:04:55,2023-08-15 11:20:21.949,Within SLA,2023-08-17 08:51:20.622,Within SLA,3.0
2872,2023-08-18 01:39:32,2023-08-16 02:39:32,2023-08-16 07:00:33.779,SLA Violated,,SLA Violated,
2873,2023-08-17 06:44:06,2023-08-15 07:44:06,2023-08-15 07:05:19.439,Within SLA,2023-08-16 02:23:13.658,Within SLA,2.0
2874,2023-08-17 06:20:17,2023-08-15 06:22:17,2023-08-15 06:21:49.921,Within SLA,,SLA Violated,
2875,2023-08-16 10:57:33,2023-08-15 10:59:33,2023-08-15 10:58:38.259,Within SLA,2023-08-15 14:55:01.184,Within SLA,
2876,2023-08-18 02:36:53,2023-08-16 03:36:53,2023-08-16 03:16:03.298,Within SLA,2023-08-17 01:50:34.821,Within SLA,4.0
2877,2023-08-18 02:21:29,2023-08-16 03:21:29,2023-08-16 03:08:49.061,Within SLA,2023-08-21 19:04:31.493,SLA Violated,
2878,2023-08-16 06:33:23,2023-08-15 06:35:23,2023-08-15 06:35:14.975,Within SLA,2023-08-20 12:28:01.281,SLA Violated,1.0
2879,2023-08-18 02:12:35,2023-08-16 02:14:35,2023-08-16 02:16:50.337,SLA Violated,2023-08-17 09:31:26.419,Within SLA,3.0
2881,2023-08-18 22:24:27,2023-08-16 23:24:27,2023-08-16 22:31:12.449,Within SLA,2023-08-17 09:56:15.336,Within SLA,5.0
2883,2023-08-18 06:17:56,2023-08-16 07:17:56,2023-08-16 06:39:56.615,Within SLA,,SLA Violated,
2885,2023-08-18 07:47:10,2023-08-16 08:47:10,2023-08-16 08:30:31.019,Within SLA,,SLA Violated,
2886,2023-08-17 20:29:03,2023-08-16 20:31:03,2023-08-16 20:30:12.126,Within SLA,2023-08-16 22:16:42.271,Within SLA,
2887,2023-08-19 09:41:13,2023-08-17 10:41:13,2023-08-17 10:37:31.466,Within SLA,2023-08-18 22:18:39.260,Within SLA,5.0
2888,2023-08-18 14:40:47,2023-08-17 14:42:47,2023-08-17 14:41:37.941,Within SLA,,SLA Violated,
2889,2023-08-18 19:50:32,2023-08-17 19:52:32,2023-08-17 19:50:59.959,Within SLA,,SLA Violated,
2890,2023-08-18 11:17:22,2023-08-17 11:19:22,2023-08-17 11:18:25.921,Within SLA,,SLA Violated,
2891,2023-08-18 18:57:40,2023-08-17 18:59:40,2023-08-17 18:57:57.239,Within SLA,2023-08-18 14:18:11.139,Within SLA,4.0
2892,2023-08-21 00:56:43,2023-08-19 01:56:43,2023-08-19 01:22:49.975,Within SLA,2023-08-23 10:58:47.221,SLA Violated,3.0
2893,2023-08-20 06:50:04,2023-08-18 07:50:04,2023-08-18 09:36:33.206,SLA Violated,2023-08-18 18:29:52.958,Within SLA,
2894,2023-08-21 02:39:00,2023-08-19 03:39:00,2023-08-19 03:08:04.238,Within SLA,2023-08-19 04:54:55.013,Within SLA,
2896,2023-08-21 00:57:09,2023-08-19 01:57:09,2023-08-19 01:06:05.529,Within SLA,2023-08-19 20:28:03.542,Within SLA,
2897,2023-08-20 03:15:59,2023-08-19 03:17:59,2023-08-19 03:16:03.935,Within SLA,2023-08-19 18:45:30.993,Within SLA,
2899,2023-08-20 22:46:47,2023-08-18 23:46:47,2023-08-18 22:51:30.690,Within SLA,2023-08-19 05:51:24.053,Within SLA,4.0
2900,2023-08-21 19:51:41,2023-08-19 20:51:41,2023-08-19 20:21:54.913,Within SLA,2023-08-21 17:15:50.871,Within SLA,
2901,2023-08-21 14:37:55,2023-08-19 15:37:55,2023-08-19 15:25:49.718,Within SLA,2023-08-19 19:35:02.923,Within SLA,2.0
2912,2023-08-22 04:54:54,2023-08-20 05:54:54,2023-08-20 05:42:09.127,Within SLA,,SLA Violated,
2913,2023-08-23 06:02:11,2023-08-21 07:02:11,2023-08-21 06:20:55.911,Within SLA,2023-08-25 13:02:52.518,SLA Violated,2.0
2914,2023-08-22 09:14:23,2023-08-21 09:16:23,2023-08-21 09:14:31.233,Within SLA,2023-08-22 10:49:07.664,SLA Violated,4.0
2915,2023-08-23 14:03:05,2023-08-21 15:03:05,2023-08-21 14:29:22.010,Within SLA,2023-08-22 10:06:49.552,Within SLA,
2916,2023-08-22 07:51:19,2023-08-21 07:53:19,2023-08-21 07:52:24.798,Within SLA,2023-08-21 13:38:24.102,Within SLA,3.0
1012,2023-01-04 05:58:36,2023-01-02 06:58:36,2023-01-02 06:03:17.432,Within SLA,2023-01-04 05:31:51.694,Within SLA,3.0
1013,2023-01-04 12:27:25,2023-01-02 12:29:25,2023-01-02 12:27:43.231,Within SLA,,SLA Violated,
1014,2023-01-03 11:59:04,2023-01-02 12:01:04,2023-01-02 11:59:57.471,Within SLA,2023-01-03 03:45:32.974,Within SLA,
1015,2023-01-05 08:09:39,2023-01-03 09:09:39,2023-01-03 12:09:15.835,SLA Violated,2023-01-04 19:32:34.979,Within SLA,4.0
1016,2023-01-05 05:03:58,2023-01-03 06:03:58,2023-01-03 05:08:01.684,Within SLA,2023-01-04 17:03:05.986,Within SLA,2.0
1017,2023-01-05 19:25:42,2023-01-03 20:25:42,2023-01-03 19:45:14.430,Within SLA,2023-01-04 06:55:56.533,Within SLA,2.0
1018,2023-01-05 20:32:02,2023-01-03 20:34:02,2023-01-03 20:34:00.278,Within SLA,2023-01-05 08:51:37.031,Within SLA,3.0
1019,2023-01-04 05:38:48,2023-01-03 05:40:48,2023-01-03 05:39:30.256,Within SLA,2023-01-05 17:47:55.793,SLA Violated,
1020,2023-01-04 14:37:54,2023-01-03 14:39:54,2023-01-03 14:41:55.452,SLA Violated,2023-01-04 01:31:37.896,Within SLA,
1021,2023-01-05 14:27:35,2023-01-03 15:27:35,2023-01-03 15:24:48.183,Within SLA,2023-01-04 15:16:32.492,Within SLA,4.0
1024,2023-01-04 21:41:11,2023-01-03 21:43:11,2023-01-03 21:43:40.942,SLA Violated,2023-01-04 04:52:18.292,Within SLA,5.0
1025,2023-01-04 09:50:04,2023-01-03 09:52:04,2023-01-03 09:50:05.187,Within SLA,2023-01-07 18:17:12.368,SLA Violated,3.0
1026,2023-01-05 15:49:27,2023-01-04 15:51:27,2023-01-04 15:50:41.566,Within SLA,2023-01-05 04:37:37.290,Within SLA,4.0
1027,2023-01-05 12:27:56,2023-01-04 12:29:56,2023-01-04 12:28:51.784,Within SLA,2023-01-05 09:41:40.506,Within SLA,
1028,2023-01-06 02:46:12,2023-01-05 02:48:12,2023-01-05 02:46:51.236,Within SLA,2023-01-05 18:28:20.309,Within SLA,
1029,2023-01-05 14:12:41,2023-01-04 14:14:41,2023-01-04 14:13:35.162,Within SLA,2023-01-05 12:45:18.346,Within SLA,5.0
1030,2023-01-06 00:36:58,2023-01-05 00:38:58,2023-01-05 00:37:55.723,Within SLA,2023-01-05 07:24:20.008,Within SLA,4.0
1031,2023-01-06 23:08:24,2023-01-05 00:08:24,2023-01-04 23:13:04.107,Within SLA,,SLA Violated,
1032,2023-01-06 17:47:17,2023-01-04 18:47:17,2023-01-04 18:20:44.142,Within SLA,2023-01-05 12:54:03.448,Within SLA,
1034,2023-01-06 00:06:20,2023-01-05 00:08:20,2023-01-05 00:07:35.320,Within SLA,,SLA Violated,
1035,2023-01-06 10:27:57,2023-01-04 11:27:57,2023-01-04 11:07:00.171,Within SLA,,SLA Violated,
1037,2023-01-07 17:10:27,2023-01-05 18:10:27,2023-01-05 17:34:20.255,Within SLA,2023-01-07 16:23:15.054,Within SLA,
1038,2023-01-06 09:18:55,2023-01-05 09:20:55,2023-01-05 09:19:42.046,Within SLA,2023-01-06 00:22:17.161,Within SLA,3.0
1039,2023-01-06 10:16:19,2023-01-05 10:18:19,2023-01-05 10:18:00.531,Within SLA,2023-01-05 12:37:10.835,Within SLA,
1040,2023-01-06 19:30:37,2023-01-05 19:32:37,2023-01-05 19:31:02.365,Within SLA,,SLA Violated,
1041,2023-01-06 07:59:54,2023-01-05 08:01:54,2023-01-05 08:04:27.475,SLA Violated,2023-01-06 02:50:51.227,Within SLA,2.0
1043,2023-01-07 08:31:45,2023-01-05 09:31:45,2023-01-05 09:02:04.982,Within SLA,2023-01-06 22:14:14.261,Within SLA,5.0
1044,2023-01-08 01:45:42,2023-01-07 01:47:42,2023-01-07 01:47:41.330,Within SLA,2023-01-07 05:07:32.803,Within SLA,2.0
1045,2023-01-09 01:14:59,2023-01-07 02:14:59,2023-01-07 01:58:29.786,Within SLA,2023-01-08 12:15:33.362,Within SLA,
1046,2023-01-08 20:11:41,2023-01-06 21:11:41,2023-01-06 20:35:55.110,Within SLA,2023-01-07 11:22:47.483,Within SLA,
1047,2023-01-08 08:15:21,2023-01-06 09:15:21,2023-01-06 09:07:57.717,Within SLA,,SLA Violated,
1048,2023-01-08 04:55:57,2023-01-07 04:57:57,2023-01-07 04:56:15.157,Within SLA,,SLA Violated,
1049,2023-01-07 17:05:00,2023-01-06 17:07:00,2023-01-06 17:06:37.265,Within SLA,2023-01-11 10:34:05.275,SLA Violated,4.0
1050,2023-01-09 06:13:52,2023-01-07 07:13:52,2023-01-07 06:33:11.308,Within SLA,2023-01-12 07:26:01.957,SLA Violated,4.0
1054,2023-01-09 10:28:54,2023-01-07 11:28:54,2023-01-07 11:09:50.229,Within SLA,2023-01-08 13:30:22.633,Within SLA,5.0
1055,2023-01-09 23:09:17,2023-01-08 00:09:17,2023-01-08 00:04:58.137,Within SLA,2023-01-09 18:07:23.232,Within SLA,4.0
1056,2023-01-09 05:13:20,2023-01-07 06:13:20,2023-01-07 05:19:13.578,Within SLA,2023-01-08 18:56:19.524,Within SLA,
1057,2023-01-09 14:55:14,2023-01-07 15:55:14,2023-01-07 15:35:51.009,Within SLA,2023-01-09 06:35:54.021,Within SLA,5.0
1058,2023-01-10 18:39:52,2023-01-08 19:39:52,2023-01-08 19:36:27.207,Within SLA,,SLA Violated,
1062,2023-01-10 00:35:27,2023-01-09 00:37:27,2023-01-09 00:36:35.285,Within SLA,,SLA Violated,
1063,2023-01-10 09:56:45,2023-01-08 09:58:45,2023-01-08 10:01:41.476,SLA Violated,2023-01-08 13:51:45.370,Within SLA,1.0
1064,2023-01-09 15:58:22,2023-01-08 16:00:22,2023-01-08 15:59:35.789,Within SLA,2023-01-08 22:42:49.306,Within SLA,5.0
1065,2023-01-09 06:00:01,2023-01-08 06:02:01,2023-01-08 06:01:24.891,Within SLA,2023-01-08 09:07:23.580,Within SLA,3.0
1066,2023-01-10 19:16:59,2023-01-09 19:18:59,2023-01-09 19:17:22.391,Within SLA,2023-01-10 11:21:28.868,Within SLA,
1067,2023-01-11 20:09:10,2023-01-09 21:09:10,2023-01-09 20:37:18.542,Within SLA,2023-01-11 06:02:32.459,Within SLA,
1068,2023-01-11 19:10:12,2023-01-09 20:10:12,2023-01-09 19:48:04.246,Within SLA,2023-01-11 00:32:16.928,Within SLA,1.0
1069,2023-01-11 22:25:30,2023-01-09 23:25:30,2023-01-09 22:57:41.562,Within SLA,2023-01-10 17:39:05.914,Within SLA,5.0
1070,2023-01-11 23:55:21,2023-01-10 00:55:21,2023-01-10 00:32:12.017,Within SLA,2023-01-15 22:10:06.485,SLA Violated,
1071,2023-01-11 16:56:11,2023-01-09 17:56:11,2023-01-09 17:16:08.154,Within SLA,2023-01-10 21:04:07.277,Within SLA,4.0
1072,2023-01-12 01:14:31,2023-01-10 02:14:31,2023-01-10 01:29:39.010,Within SLA,2023-01-10 01:44:54.124,Within SLA,5.0
1073,2023-01-11 14:10:39,2023-01-09 15:10:39,2023-01-09 14:17:01.493,Within SLA,2023-01-10 02:58:19.008,Within SLA,3.0
1074,2023-01-10 11:50:00,2023-01-09 11:52:00,2023-01-09 11:54:53.804,SLA Violated,2023-01-10 03:42:49.505,Within SLA,4.0
1075,2023-01-12 02:50:02,2023-01-10 03:50:02,2023-01-10 05:25:12.140,SLA Violated,2023-01-11 14:54:57.984,Within SLA,2.0
1076,2023-01-11 07:55:23,2023-01-09 07:57:23,2023-01-09 07:55:31.714,Within SLA,2023-01-11 03:20:44.266,Within SLA,5.0
1077,2023-01-12 07:10:01,2023-01-10 08:10:01,2023-01-10 07:35:28.295,Within SLA,2023-01-12 02:39:27.481,Within SLA,
1078,2023-01-12 18:46:53,2023-01-10 19:46:53,2023-01-10 18:50:11.579,Within SLA,2023-01-12 11:52:28.486,Within SLA,2.0
1079,2023-01-12 14:42:12,2023-01-10 15:42:12,2023-01-10 15:30:03.208,Within SLA,2023-01-12 06:12:10.641,Within SLA,
1080,2023-01-11 08:17:26,2023-01-10 08:19:26,2023-01-10 08:17:37.264,Within SLA,2023-01-10 18:22:15.933,Within SLA,3.0
1081,2023-01-11 09:29:04,2023-01-10 09:31:04,2023-01-10 09:29:36.431,Within SLA,,SLA Violated,
1082,2023-01-13 01:59:34,2023-01-11 02:01:34,2023-01-11 02:00:37.516,Within SLA,2023-01-12 22:31:37.329,Within SLA,5.0
1083,2023-01-13 04:30:30,2023-01-11 04:32:30,2023-01-11 04:31:12.529,Within SLA,2023-01-12 05:58:23.880,Within SLA,
1084,2023-01-12 15:14:54,2023-01-10 16:14:54,2023-01-10 16:06:44.788,Within SLA,2023-01-12 01:40:17.303,Within SLA,
1085,2023-01-11 12:30:22,2023-01-10 12:32:22,2023-01-10 12:31:47.767,Within SLA,2023-01-10 15:50:31.437,Within SLA,5.0
1086,2023-01-12 22:16:11,2023-01-10 23:16:11,2023-01-10 22:44:04.661,Within SLA,2023-01-12 12:22:02.841,Within SLA,
1087,2023-01-14 00:17:35,2023-01-12 01:17:35,2023-01-12 00:18:54.285,Within SLA,2023-01-12 01:05:34.343,Within SLA,5.0
1088,2023-01-12 16:24:14,2023-01-11 16:26:14,2023-01-11 16:25:37.140,Within SLA,2023-01-12 01:49:43.338,Within SLA,4.0
1090,2023-01-12 05:49:24,2023-01-11 05:51:24,2023-01-11 05:50:15.651,Within SLA,2023-01-11 19:39:13.211,Within SLA,
1092,2023-01-12 17:31:52,2023-01-11 17:33:52,2023-01-11 17:31:53.202,Within SLA,2023-01-12 17:24:20.970,Within SLA,
1093,2023-01-13 18:45:35,2023-01-11 19:45:35,2023-01-11 19:12:45.316,Within SLA,2023-01-12 05:00:02.086,Within SLA,
1094,2023-01-12 09:04:47,2023-01-11 09:06:47,2023-01-11 09:05:35.487,Within SLA,2023-01-12 00:03:32.390,Within SLA,
1095,2023-01-12 18:40:47,2023-01-11 18:42:47,2023-01-11 18:43:27.490,SLA Violated,2023-01-16 16:43:28.653,SLA Violated,1.0
1097,2023-01-13 10:29:41,2023-01-11 11:29:41,2023-01-11 11:04:13.834,Within SLA,2023-01-11 22:24:42.166,Within SLA,1.0
1098,2023-01-13 17:18:45,2023-01-12 17:20:45,2023-01-12 17:19:18.598,Within SLA,,SLA Violated,
1100,2023-01-15 03:40:11,2023-01-13 04:40:11,2023-01-13 03:47:08.587,Within SLA,2023-01-13 18:58:22.732,Within SLA,
1101,2023-01-14 20:00:14,2023-01-13 20:02:14,2023-01-13 20:00:36.375,Within SLA,2023-01-14 07:58:00.277,Within SLA,
1102,2023-01-14 20:16:58,2023-01-13 20:18:58,2023-01-13 20:17:30.575,Within SLA,2023-01-14 02:16:38.693,Within SLA,
1103,2023-01-14 17:58:56,2023-01-13 18:00:56,2023-01-13 17:59:39.585,Within SLA,2023-01-13 18:19:55.416,Within SLA,
1104,2023-01-15 18:30:46,2023-01-13 19:30:46,2023-01-13 18:37:07.145,Within SLA,2023-01-15 14:50:56.668,Within SLA,5.0
1105,2023-01-14 11:47:37,2023-01-13 11:49:37,2023-01-13 11:49:35.630,Within SLA,2023-01-13 14:11:25.357,Within SLA,3.0
1106,2023-01-15 04:18:45,2023-01-14 04:20:45,2023-01-14 04:20:43.777,Within SLA,,SLA Violated,
1107,2023-01-15 16:19:44,2023-01-13 17:19:44,2023-01-13 16:34:07.762,Within SLA,2023-01-15 13:05:24.543,Within SLA,5.0
1108,2023-01-15 07:10:18,2023-01-13 08:10:18,2023-01-13 08:28:05.346,SLA Violated,2023-01-14 10:07:24.366,Within SLA,4.0
1109,2023-01-14 18:38:30,2023-01-13 18:40:30,2023-01-13 18:38:53.827,Within SLA,2023-01-13 20:29:46.710,Within SLA,3.0
1110,2023-01-16 02:32:08,2023-01-14 03:32:08,2023-01-14 03:27:03.346,Within SLA,2023-01-15 19:06:02.184,Within SLA,2.0
1111,2023-01-14 07:49:26,2023-01-13 07:51:26,2023-01-13 07:52:27.993,SLA Violated,,SLA Violated,
1112,2023-01-15 07:22:58,2023-01-13 07:24:58,2023-01-13 07:23:44.111,Within SLA,,SLA Violated,
1113,2023-01-14 06:46:37,2023-01-13 06:48:37,2023-01-13 06:46:51.422,Within SLA,2023-01-17 12:29:51.862,SLA Violated,
1114,2023-01-15 12:20:20,2023-01-13 13:20:20,2023-01-13 13:01:51.843,Within SLA,2023-01-15 11:43:44.003,Within SLA,5.0
1115,2023-01-15 04:22:08,2023-01-14 04:24:08,2023-01-14 04:22:16.070,Within SLA,2023-01-14 10:14:59.328,Within SLA,
1116,2023-01-17 03:53:23,2023-01-15 03:55:23,2023-01-15 03:54:39.449,Within SLA,2023-01-16 08:46:00.748,Within SLA,
1126,2023-01-17 18:10:36,2023-01-15 18:12:36,2023-01-15 18:11:21.853,Within SLA,2023-01-19 14:22:43.893,SLA Violated,1.0
1127,2023-01-17 11:08:54,2023-01-15 12:08:54,2023-01-15 11:47:30.075,Within SLA,2023-01-15 12:23:23.466,Within SLA,
1128,2023-01-17 15:11:34,2023-01-15 16:11:34,2023-01-15 16:03:47.800,Within SLA,2023-01-17 12:11:51.202,Within SLA,3.0
1129,2023-01-17 07:01:36,2023-01-15 07:03:36,2023-01-15 07:02:21.163,Within SLA,2023-01-16 19:49:44.737,Within SLA,5.0
1130,2023-01-17 10:12:59,2023-01-16 10:14:59,2023-01-16 10:14:35.188,Within SLA,,SLA Violated,
1131,2023-01-19 01:38:34,2023-01-17 02:38:34,2023-01-17 02:35:38.891,Within SLA,2023-01-17 03:40:38.689,Within SLA,5.0
1132,2023-01-18 20:44:20,2023-01-16 21:44:20,2023-01-16 21:39:29.422,Within SLA,2023-01-17 17:05:13.440,Within SLA,3.0
1133,2023-01-18 00:19:41,2023-01-17 00:21:41,2023-01-17 00:19:48.613,Within SLA,2023-01-17 17:08:15.116,Within SLA,
1134,2023-01-17 17:50:35,2023-01-16 17:52:35,2023-01-16 17:51:00.245,Within SLA,2023-01-16 22:37:43.459,Within SLA,5.0
1135,2023-01-18 19:37:40,2023-01-16 19:39:40,2023-01-16 19:40:46.740,SLA Violated,2023-01-17 00:04:13.525,Within SLA,
1136,2023-01-18 20:35:28,2023-01-16 21:35:28,2023-01-16 21:08:01.741,Within SLA,2023-01-17 16:41:21.821,Within SLA,
1137,2023-01-18 12:57:01,2023-01-16 13:57:01,2023-01-16 13:11:48.199,Within SLA,2023-01-18 07:08:31.725,Within SLA,
1138,2023-01-19 06:30:29,2023-01-17 07:30:29,2023-01-17 13:53:20.063,SLA Violated,2023-01-18 13:04:50.081,Within SLA,
1139,2023-01-18 16:23:12,2023-01-17 16:25:12,2023-01-17 16:27:11.195,SLA Violated,2023-01-18 04:26:57.206,Within SLA,1.0
1140,2023-01-18 19:03:25,2023-01-17 19:05:25,2023-01-17 19:03:47.237,Within SLA,2023-01-23 13:16:16.959,SLA Violated,
1141,2023-01-18 05:04:06,2023-01-17 05:06:06,2023-01-17 05:04:29.168,Within SLA,2023-01-18 10:24:11.228,SLA Violated,
1142,2023-01-19 21:42:23,2023-01-17 22:42:23,2023-01-17 22:00:19.226,Within SLA,2023-01-19 00:31:50.145,Within SLA,1.0
1143,2023-01-20 04:31:47,2023-01-18 05:31:47,2023-01-18 05:19:54.993,Within SLA,2023-01-18 06:20:43.055,Within SLA,
1144,2023-01-20 04:24:52,2023-01-18 05:24:52,2023-01-18 05:24:44.867,Within SLA,2023-01-18 23:49:55.204,Within SLA,4.0
1145,2023-01-19 20:52:09,2023-01-17 21:52:09,2023-01-17 21:29:17.433,Within SLA,2023-01-18 16:55:59.080,Within SLA,
1146,2023-01-20 07:02:20,2023-01-18 08:02:20,2023-01-18 07:41:38.030,Within SLA,2023-01-19 12:13:39.355,Within SLA,3.0
1147,2023-01-20 15:59:28,2023-01-18 16:59:28,2023-01-18 22:43:11.429,SLA Violated,2023-01-20 04:48:34.087,Within SLA,3.0
1148,2023-01-20 13:59:26,2023-01-18 14:59:26,2023-01-18 14:18:42.754,Within SLA,2023-01-19 09:42:49.548,Within SLA,3.0
1149,2023-01-20 07:50:49,2023-01-18 07:52:49,2023-01-18 07:52:09.033,Within SLA,,SLA Violated,
1150,2023-01-20 08:19:26,2023-01-18 09:19:26,2023-01-18 08:37:53.083,Within SLA,2023-01-20 01:11:34.763,Within SLA,1.0
1151,2023-01-19 11:48:43,2023-01-18 11:50:43,2023-01-18 11:50:21.601,Within SLA,2023-01-18 13:03:40.906,Within SLA,2.0
1152,2023-01-20 06:34:28,2023-01-18 06:36:28,2023-01-18 07:56:45.330,SLA Violated,2023-01-18 18:22:04.671,Within SLA,3.0
1153,2023-01-19 07:18:40,2023-01-18 07:20:40,2023-01-18 07:20:37.824,Within SLA,2023-01-19 05:48:35.401,Within SLA,4.0
1154,2023-01-20 12:25:42,2023-01-18 13:25:42,2023-01-18 13:25:00.131,Within SLA,2023-01-19 20:14:33.229,Within SLA,
1155,2023-01-19 20:27:11,2023-01-18 20:29:11,2023-01-18 20:27:12.395,Within SLA,2023-01-19 15:11:08.722,Within SLA,3.0
1156,2023-01-20 09:20:21,2023-01-18 10:20:21,2023-01-18 10:08:17.702,Within SLA,2023-01-18 13:09:36.698,Within SLA,
1157,2023-01-20 03:25:35,2023-01-19 03:27:35,2023-01-19 03:26:19.753,Within SLA,2023-01-19 08:42:58.960,Within SLA,
1158,2023-01-19 23:08:37,2023-01-18 23:10:37,2023-01-18 23:09:33.175,Within SLA,2023-01-19 02:55:18.637,Within SLA,3.0
1159,2023-01-21 00:54:37,2023-01-20 00:56:37,2023-01-20 00:57:47.885,SLA Violated,2023-01-20 13:53:34.548,Within SLA,5.0
1160,2023-01-20 14:56:57,2023-01-19 14:58:57,2023-01-19 14:58:31.828,Within SLA,2023-01-20 02:24:38.855,Within SLA,
1161,2023-01-21 16:56:06,2023-01-19 17:56:06,2023-01-19 17:55:03.068,Within SLA,,SLA Violated,
1162,2023-01-21 06:28:08,2023-01-19 07:28:08,2023-01-19 06:41:57.250,Within SLA,2023-01-20 21:50:02.509,Within SLA,5.0
1163,2023-01-21 07:31:19,2023-01-19 08:31:19,2023-01-19 07:37:16.105,Within SLA,2023-01-20 04:08:29.754,Within SLA,1.0
1164,2023-01-20 13:14:44,2023-01-19 13:16:44,2023-01-19 15:00:36.696,SLA Violated,2023-01-19 20:09:18.779,Within SLA,5.0
1165,2023-01-20 07:00:02,2023-01-19 07:02:02,2023-01-19 07:01:24.155,Within SLA,2023-01-21 09:02:43.991,SLA Violated,
1166,2023-01-21 21:07:40,2023-01-19 22:07:40,2023-01-19 21:27:09.226,Within SLA,2023-01-20 13:34:33.879,Within SLA,4.0
1167,2023-01-20 09:01:55,2023-01-19 09:03:55,2023-01-19 09:02:30.252,Within SLA,2023-01-19 09:21:53.133,Within SLA,3.0
1168,2023-01-21 23:33:13,2023-01-20 00:33:13,2023-01-19 23:59:45.491,Within SLA,2023-01-20 19:33:25.698,Within SLA,
1169,2023-01-20 22:03:57,2023-01-19 22:05:57,2023-01-19 22:05:38.874,Within SLA,2023-01-20 02:18:49.040,Within SLA,4.0
1170,2023-01-20 07:59:41,2023-01-19 08:01:41,2023-01-19 08:01:25.458,Within SLA,,SLA Violated,
1171,2023-01-22 13:12:18,2023-01-20 14:12:18,2023-01-20 16:23:09.594,SLA Violated,,SLA Violated,
1172,2023-01-22 21:02:00,2023-01-20 22:02:00,2023-01-20 21:31:24.768,Within SLA,,SLA Violated,
1173,2023-01-22 23:26:33,2023-01-21 00:26:33,2023-01-20 23:51:24.340,Within SLA,,SLA Violated,
1174,2023-01-22 21:12:23,2023-01-20 22:12:23,2023-01-20 21:41:51.920,Within SLA,2023-01-22 01:59:34.703,Within SLA,3.0
1175,2023-01-22 23:26:56,2023-01-21 00:26:56,2023-01-20 23:47:31.128,Within SLA,2023-01-23 14:12:24.840,SLA Violated,5.0
1176,2023-01-21 17:41:24,2023-01-20 17:43:24,2023-01-20 17:42:08.016,Within SLA,,SLA Violated,
1177,2023-01-22 12:41:43,2023-01-20 13:41:43,2023-01-20 13:16:18.202,Within SLA,,SLA Violated,
1178,2023-01-22 14:35:25,2023-01-20 15:35:25,2023-01-20 14:49:59.568,Within SLA,2023-01-21 13:18:23.092,Within SLA,
1179,2023-01-22 20:19:25,2023-01-20 21:19:25,2023-01-20 20:54:48.009,Within SLA,2023-01-21 16:31:25.643,Within SLA,5.0
1180,2023-01-21 13:49:49,2023-01-20 13:51:49,2023-01-20 13:51:33.742,Within SLA,2023-01-21 13:32:34.323,Within SLA,
1181,2023-01-22 16:54:54,2023-01-20 17:54:54,2023-01-20 17:07:46.996,Within SLA,2023-01-22 11:37:40.184,Within SLA,2.0
1182,2023-01-22 13:18:41,2023-01-21 13:20:41,2023-01-21 13:20:16.100,Within SLA,2023-01-22 01:06:33.548,Within SLA,4.0
1183,2023-01-23 12:43:47,2023-01-21 13:43:47,2023-01-21 12:49:29.069,Within SLA,2023-01-21 23:04:08.243,Within SLA,5.0
1184,2023-01-22 22:21:38,2023-01-21 22:23:38,2023-01-21 22:22:51.387,Within SLA,2023-01-26 01:28:05.198,SLA Violated,
1185,2023-01-22 16:45:13,2023-01-21 16:47:13,2023-01-21 16:49:42.727,SLA Violated,2023-01-21 20:21:29.211,Within SLA,
1186,2023-01-23 12:09:47,2023-01-21 13:09:47,2023-01-21 12:45:59.273,Within SLA,2023-01-22 17:53:46.227,Within SLA,3.0
1198,2023-01-24 13:50:11,2023-01-22 14:50:11,2023-01-22 14:34:55.068,Within SLA,,SLA Violated,
1199,2023-01-23 06:57:26,2023-01-22 06:59:26,2023-01-22 06:57:50.539,Within SLA,2023-01-22 09:33:20.320,Within SLA,
1200,2023-01-24 11:50:05,2023-01-22 12:50:05,2023-01-22 12:08:42.844,Within SLA,2023-01-22 22:52:38.007,Within SLA,1.0
1201,2023-01-25 04:42:43,2023-01-23 05:42:43,2023-01-23 05:06:47.874,Within SLA,2023-01-24 03:24:55.625,Within SLA,
1202,2023-01-24 18:18:02,2023-01-22 19:18:02,2023-01-22 18:34:22.201,Within SLA,2023-01-24 17:21:26.368,Within SLA,
1203,2023-01-24 19:32:27,2023-01-22 20:32:27,2023-01-22 20:02:55.613,Within SLA,2023-01-24 08:16:58.929,Within SLA,
1204,2023-01-25 07:36:31,2023-01-23 08:36:31,2023-01-23 08:15:09.797,Within SLA,,SLA Violated,
1205,2023-01-24 09:12:42,2023-01-23 09:14:42,2023-01-23 09:14:33.554,Within SLA,2023-01-23 22:43:55.593,Within SLA,
1206,2023-01-24 07:29:57,2023-01-23 07:31:57,2023-01-23 07:30:56.553,Within SLA,2023-01-23 17:11:12.545,Within SLA,3.0
1207,2023-01-26 01:37:56,2023-01-24 02:37:56,2023-01-24 02:15:21.591,Within SLA,,SLA Violated,
1208,2023-01-25 21:44:16,2023-01-23 22:44:16,2023-01-24 01:36:58.536,SLA Violated,2023-01-24 01:47:18.308,Within SLA,
1209,2023-01-24 18:00:51,2023-01-23 18:02:51,2023-01-23 18:01:49.363,Within SLA,2023-01-23 23:35:26.757,Within SLA,5.0
1210,2023-01-25 11:36:19,2023-01-23 12:36:19,2023-01-23 11:44:59.855,Within SLA,,SLA Violated,
1211,2023-01-26 20:26:28,2023-01-24 21:26:28,2023-01-24 21:20:28.154,Within SLA,2023-01-25 17:08:25.787,Within SLA,4.0
1213,2023-01-26 16:08:04,2023-01-24 17:08:04,2023-01-24 17:02:51.532,Within SLA,2023-01-25 22:16:23.452,Within SLA,5.0
1214,2023-01-25 12:06:15,2023-01-24 12:08:15,2023-01-24 12:07:53.387,Within SLA,2023-01-24 19:26:31.591,Within SLA,5.0
1216,2023-01-27 02:48:35,2023-01-25 03:48:35,2023-01-25 03:20:35.937,Within SLA,2023-01-30 10:47:44.222,SLA Violated,
1217,2023-01-26 21:15:21,2023-01-24 22:15:21,2023-01-24 21:41:24.347,Within SLA,,SLA Violated,
1218,2023-01-25 17:06:06,2023-01-24 17:08:06,2023-01-24 17:06:38.190,Within SLA,2023-01-24 18:21:29.758,Within SLA,
1219,2023-01-26 22:44:33,2023-01-24 23:44:33,2023-01-24 23:24:02.404,Within SLA,2023-01-26 11:26:42.873,Within SLA,
1220,2023-01-26 20:47:08,2023-01-25 20:49:08,2023-01-25 20:50:33.252,SLA Violated,2023-01-26 05:23:13.000,Within SLA,3.0
1221,2023-01-27 20:29:35,2023-01-25 21:29:35,2023-01-26 04:19:34.934,SLA Violated,2023-01-25 21:52:45.663,Within SLA,
1222,2023-01-27 14:37:54,2023-01-25 15:37:54,2023-01-25 14:50:47.054,Within SLA,2023-01-27 05:23:30.646,Within SLA,3.0
1223,2023-01-28 03:34:37,2023-01-26 04:34:37,2023-01-26 03:43:08.227,Within SLA,2023-01-26 13:09:09.325,Within SLA,
1224,2023-01-27 13:08:00,2023-01-25 14:08:00,2023-01-25 13:57:55.007,Within SLA,2023-01-25 20:08:32.758,Within SLA,4.0
1225,2023-01-27 11:10:06,2023-01-25 12:10:06,2023-01-25 11:44:02.935,Within SLA,2023-01-26 16:27:22.684,Within SLA,
1226,2023-01-27 16:33:23,2023-01-25 16:35:23,2023-01-25 16:36:04.214,SLA Violated,,SLA Violated,
1227,2023-01-27 13:15:02,2023-01-26 13:17:02,2023-01-26 13:16:59.625,Within SLA,2023-01-27 03:11:02.087,Within SLA,
1228,2023-01-29 03:03:36,2023-01-27 04:03:36,2023-01-27 03:43:43.812,Within SLA,2023-01-27 12:01:51.402,Within SLA,5.0
1229,2023-01-29 01:20:10,2023-01-27 02:20:10,2023-01-27 02:19:17.543,Within SLA,2023-01-27 13:25:16.450,Within SLA,
1230,2023-01-28 19:36:49,2023-01-26 20:36:49,2023-01-26 20:25:18.973,Within SLA,2023-01-28 17:46:00.382,Within SLA,
1231,2023-01-29 03:13:13,2023-01-27 04:13:13,2023-01-27 03:19:20.974,Within SLA,2023-01-28 12:28:47.231,Within SLA,1.0
1232,2023-01-27 21:23:13,2023-01-26 21:25:13,2023-01-26 21:24:36.986,Within SLA,2023-01-27 04:11:54.014,Within SLA,
1233,2023-01-28 08:27:40,2023-01-26 09:27:40,2023-01-26 08:43:57.346,Within SLA,,SLA Violated,
1234,2023-01-29 04:23:34,2023-01-27 05:23:34,2023-01-27 04:47:55.650,Within SLA,2023-01-27 13:30:36.129,Within SLA,3.0
1235,2023-01-29 21:27:39,2023-01-27 21:29:39,2023-01-27 21:28:57.383,Within SLA,,SLA Violated,
1236,2023-01-29 07:57:53,2023-01-27 07:59:53,2023-01-27 21:31:18.157,SLA Violated,2023-01-28 23:10:24.291,Within SLA,
1237,2023-01-30 03:18:17,2023-01-28 04:18:17,2023-01-28 03:32:55.016,Within SLA,2023-01-29 04:14:18.756,Within SLA,4.0
1238,2023-01-28 20:35:12,2023-01-27 20:37:12,2023-01-27 20:36:34.037,Within SLA,2023-01-28 04:35:09.068,Within SLA,4.0
1239,2023-01-30 02:11:53,2023-01-28 03:11:53,2023-01-28 02:22:48.985,Within SLA,2023-02-01 04:41:59.114,SLA Violated,
1240,2023-01-28 11:05:21,2023-01-27 11:07:21,2023-01-27 11:06:23.449,Within SLA,,SLA Violated,
1241,2023-01-28 06:00:46,2023-01-27 06:02:46,2023-01-27 06:02:04.655,Within SLA,2023-01-27 06:38:39.585,Within SLA,
1242,2023-01-29 15:22:29,2023-01-27 15:24:29,2023-01-27 15:22:54.796,Within SLA,2023-01-27 21:43:17.616,Within SLA,2.0
1243,2023-01-30 01:50:46,2023-01-28 01:52:46,2023-01-28 01:50:56.865,Within SLA,2023-01-28 10:02:39.835,Within SLA,
1244,2023-01-29 13:33:52,2023-01-27 14:33:52,2023-01-27 13:47:05.108,Within SLA,2023-01-28 15:02:59.859,Within SLA,
1245,2023-01-30 02:50:03,2023-01-28 03:50:03,2023-01-28 02:58:32.973,Within SLA,,SLA Violated,
1246,2023-01-29 22:51:27,2023-01-27 23:51:27,2023-01-27 23:37:33.471,Within SLA,2023-01-29 02:33:46.609,Within SLA,5.0
1247,2023-01-29 18:39:05,2023-01-28 18:41:05,2023-01-28 18:40:13.702,Within SLA,2023-01-29 12:08:27.666,Within SLA,4.0
1248,2023-01-31 01:03:25,2023-01-29 02:03:25,2023-01-29 01:33:08.286,Within SLA,2023-01-29 06:44:15.717,Within SLA,
1254,2023-01-29 17:06:28,2023-01-28 17:08:28,2023-01-28 17:10:09.197,SLA Violated,2023-01-28 19:28:16.396,Within SLA,3.0
1255,2023-01-31 02:26:52,2023-01-29 02:28:52,2023-01-29 02:28:27.126,Within SLA,2023-01-29 02:42:41.015,Within SLA,3.0
1256,2023-01-30 05:51:51,2023-01-29 05:53:51,2023-01-29 05:54:35.746,SLA Violated,2023-01-29 06:38:24.993,Within SLA,3.0
1257,2023-01-31 16:27:02,2023-01-29 17:27:02,2023-01-29 17:08:48.471,Within SLA,,SLA Violated,
1258,2023-01-30 12:22:44,2023-01-29 12:24:44,2023-01-29 12:24:23.341,Within SLA,2023-01-29 15:31:48.558,Within SLA,4.0
1259,2023-01-31 07:59:46,2023-01-29 08:59:46,2023-01-29 11:22:30.845,SLA Violated,2023-01-31 05:27:29.249,Within SLA,3.0
1260,2023-02-01 01:28:55,2023-01-30 01:30:55,2023-01-30 01:29:31.321,Within SLA,2023-01-31 19:01:17.595,Within SLA,4.0
1266,2023-02-01 03:11:14,2023-01-30 04:11:14,2023-01-30 03:43:29.786,Within SLA,2023-02-03 19:45:47.645,SLA Violated,
1267,2023-01-31 10:19:55,2023-01-29 11:19:55,2023-01-29 10:49:37.878,Within SLA,2023-01-30 19:04:21.513,Within SLA,
1268,2023-02-01 09:04:14,2023-01-30 10:04:14,2023-01-30 09:35:01.801,Within SLA,2023-01-30 20:12:53.741,Within SLA,4.0
1269,2023-01-31 17:20:07,2023-01-30 17:22:07,2023-01-30 17:21:52.716,Within SLA,2023-01-31 00:18:17.786,Within SLA,2.0
1270,2023-02-01 07:02:01,2023-01-30 08:02:01,2023-01-30 07:52:02.561,Within SLA,2023-01-31 17:39:24.653,Within SLA,
1271,2023-02-01 19:51:28,2023-01-30 20:51:28,2023-01-30 19:54:01.630,Within SLA,,SLA Violated,
1272,2023-02-01 01:29:50,2023-01-31 01:31:50,2023-01-31 01:31:02.301,Within SLA,2023-01-31 03:10:57.276,Within SLA,
1273,2023-01-31 21:27:43,2023-01-30 21:29:43,2023-01-30 21:29:32.810,Within SLA,2023-01-31 04:17:00.676,Within SLA,4.0
1274,2023-02-02 00:13:05,2023-01-31 01:13:05,2023-01-31 00:49:40.757,Within SLA,2023-01-31 11:09:58.372,Within SLA,5.0
1275,2023-01-31 08:48:00,2023-01-30 08:50:00,2023-01-30 08:48:30.861,Within SLA,2023-01-30 09:47:38.811,Within SLA,3.0
1276,2023-01-31 21:43:16,2023-01-30 21:45:16,2023-01-30 21:44:18.437,Within SLA,,SLA Violated,
1277,2023-02-02 14:59:04,2023-01-31 15:59:04,2023-01-31 16:08:28.163,SLA Violated,,SLA Violated,
1278,2023-02-02 13:43:50,2023-01-31 14:43:50,2023-01-31 13:59:04.339,Within SLA,2023-01-31 20:38:55.270,Within SLA,3.0
1279,2023-02-02 04:25:32,2023-02-01 04:27:32,2023-02-01 04:29:33.668,SLA Violated,2023-02-01 16:02:17.395,Within SLA,4.0
1280,2023-02-01 17:27:46,2023-01-31 17:29:46,2023-01-31 17:29:38.584,Within SLA,2023-01-31 20:58:39.767,Within SLA,
1281,2023-02-02 17:56:35,2023-01-31 18:56:35,2023-01-31 18:16:06.277,Within SLA,2023-02-02 06:02:20.218,Within SLA,
1282,2023-02-03 02:52:19,2023-02-01 03:52:19,2023-02-01 03:18:47.702,Within SLA,2023-02-02 00:15:35.839,Within SLA,
1283,2023-02-03 16:03:29,2023-02-01 17:03:29,2023-02-01 16:18:26.726,Within SLA,2023-02-02 11:17:37.669,Within SLA,4.0
1284,2023-02-03 15:07:38,2023-02-01 16:07:38,2023-02-01 16:02:01.966,Within SLA,2023-02-02 14:11:15.299,Within SLA,1.0
1285,2023-02-03 06:05:14,2023-02-01 06:07:14,2023-02-01 06:06:10.389,Within SLA,,SLA Violated,
1286,2023-02-03 17:49:26,2023-02-01 18:49:26,2023-02-01 18:40:08.311,Within SLA,2023-02-06 06:12:16.060,SLA Violated,4.0
1287,2023-02-03 01:49:32,2023-02-02 01:51:32,2023-02-02 01:50:00.467,Within SLA,2023-02-05 03:34:56.072,SLA Violated,
1288,2023-02-04 00:56:22,2023-02-02 00:58:22,2023-02-01 06:10:53.759,Within SLA,2023-02-03 07:35:00.869,Within SLA,5.0
1289,2023-02-03 14:34:09,2023-02-01 15:34:09,2023-02-01 15:03:29.325,Within SLA,2023-02-02 21:28:18.986,Within SLA,3.0
1291,2023-02-03 06:23:17,2023-02-01 07:23:17,2023-02-01 11:04:23.142,SLA Violated,2023-02-02 02:26:37.943,Within SLA,4.0
1292,2023-02-02 13:00:59,2023-02-01 13:02:59,2023-02-01 13:02:38.068,Within SLA,2023-02-01 22:27:48.486,Within SLA,2.0
1294,2023-02-04 20:20:34,2023-02-02 21:20:34,2023-02-02 20:44:22.618,Within SLA,,SLA Violated,
1295,2023-02-04 05:08:59,2023-02-02 06:08:59,2023-02-02 05:44:07.017,Within SLA,2023-02-02 09:25:12.153,Within SLA,
1296,2023-02-03 07:14:08,2023-02-02 07:16:08,2023-02-02 07:14:49.778,Within SLA,2023-02-02 19:39:24.072,Within SLA,1.0
1297,2023-02-04 04:36:10,2023-02-03 04:38:10,2023-02-03 04:37:50.697,Within SLA,2023-02-04 03:56:52.625,Within SLA,3.0
1298,2023-02-04 21:29:15,2023-02-02 22:29:15,2023-02-02 22:16:37.402,Within SLA,2023-02-04 13:41:12.232,Within SLA,5.0
1299,2023-02-04 12:41:17,2023-02-02 12:43:17,2023-02-02 12:43:03.638,Within SLA,2023-02-03 05:33:00.829,Within SLA,1.0
1300,2023-02-04 19:41:04,2023-02-03 19:43:04,2023-02-03 19:42:44.902,Within SLA,2023-02-06 08:29:03.842,SLA Violated,
1301,2023-02-06 04:09:18,2023-02-04 04:11:18,2023-02-04 04:09:34.828,Within SLA,2023-02-05 22:59:00.518,Within SLA,3.0
1302,2023-02-06 01:17:28,2023-02-04 02:17:28,2023-02-04 02:10:14.239,Within SLA,2023-02-05 18:15:08.386,Within SLA,
1303,2023-02-05 23:46:35,2023-02-03 23:48:35,2023-02-03 23:49:43.043,SLA Violated,2023-02-04 10:03:44.272,Within SLA,
1304,2023-02-06 00:19:03,2023-02-04 00:21:03,2023-02-04 00:24:43.044,SLA Violated,2023-02-05 17:43:11.262,Within SLA,
1305,2023-02-05 06:50:32,2023-02-03 07:50:32,2023-02-03 07:11:52.022,Within SLA,2023-02-03 10:17:29.517,Within SLA,
1306,2023-02-05 18:06:47,2023-02-04 18:08:47,2023-02-04 18:08:10.148,Within SLA,2023-02-04 20:20:57.218,Within SLA,5.0
1307,2023-02-07 03:36:42,2023-02-05 04:36:42,2023-02-05 04:15:13.726,Within SLA,2023-02-05 16:17:59.745,Within SLA,5.0
1317,2023-02-07 05:18:33,2023-02-05 06:18:33,2023-02-05 05:52:10.231,Within SLA,2023-02-07 02:46:04.521,Within SLA,
1318,2023-02-07 07:31:11,2023-02-05 08:31:11,2023-02-05 08:30:22.062,Within SLA,2023-02-06 21:16:34.263,Within SLA,4.0
1319,2023-02-06 10:01:30,2023-02-05 10:03:30,2023-02-05 10:03:03.466,Within SLA,2023-02-05 22:35:47.899,Within SLA,
1321,2023-02-07 10:51:11,2023-02-05 11:51:11,2023-02-05 11:46:03.125,Within SLA,,SLA Violated,
1323,2023-02-09 01:45:42,2023-02-07 02:45:42,2023-02-07 02:14:22.711,Within SLA,2023-02-07 04:33:15.816,Within SLA,
1324,2023-02-08 13:09:22,2023-02-06 14:09:22,2023-02-06 13:19:29.838,Within SLA,2023-02-10 09:43:22.870,SLA Violated,
1325,2023-02-08 07:27:39,2023-02-06 08:27:39,2023-02-06 07:56:04.586,Within SLA,2023-02-06 14:55:48.523,Within SLA,5.0
1326,2023-02-07 13:26:15,2023-02-06 13:28:15,2023-02-06 13:30:58.074,SLA Violated,2023-02-06 20:57:04.970,Within SLA,4.0
1327,2023-02-07 08:34:48,2023-02-06 08:36:48,2023-02-06 08:35:39.182,Within SLA,2023-02-06 15:45:49.469,Within SLA,
1328,2023-02-08 15:53:21,2023-02-06 16:53:21,2023-02-06 16:49:03.885,Within SLA,,SLA Violated,
1329,2023-02-07 17:00:35,2023-02-06 17:02:35,2023-02-06 17:00:59.681,Within SLA,,SLA Violated,
1330,2023-02-08 16:37:20,2023-02-06 17:37:20,2023-02-06 16:58:14.085,Within SLA,2023-02-07 11:23:52.748,Within SLA,
1331,2023-02-09 23:37:55,2023-02-08 00:37:55,2023-02-08 07:30:10.069,SLA Violated,2023-02-08 04:03:12.985,Within SLA,
1332,2023-02-09 16:38:34,2023-02-07 17:38:34,2023-02-07 16:58:33.934,Within SLA,2023-02-09 04:29:06.037,Within SLA,
1333,2023-02-08 16:08:59,2023-02-07 16:10:59,2023-02-07 16:09:27.786,Within SLA,2023-02-11 00:19:59.716,SLA Violated,3.0
1334,2023-02-09 06:47:29,2023-02-07 06:49:29,2023-02-07 06:49:22.252,Within SLA,2023-02-09 04:23:22.573,Within SLA,2.0
1335,2023-02-09 09:06:57,2023-02-07 10:06:57,2023-02-07 09:24:21.922,Within SLA,,SLA Violated,
1336,2023-02-10 00:03:37,2023-02-08 01:03:37,2023-02-08 00:33:54.551,Within SLA,2023-02-08 13:23:06.081,Within SLA,4.0
1337,2023-02-09 09:57:52,2023-02-08 09:59:52,2023-02-08 09:58:51.619,Within SLA,2023-02-08 21:56:09.968,Within SLA,4.0
1338,2023-02-10 21:09:53,2023-02-08 22:09:53,2023-02-08 21:23:15.622,Within SLA,2023-02-10 09:36:43.140,Within SLA,3.0
1339,2023-02-10 21:05:21,2023-02-08 22:05:21,2023-02-08 21:37:25.221,Within SLA,2023-02-09 21:52:49.503,Within SLA,
1340,2023-02-10 09:38:57,2023-02-08 09:40:57,2023-02-08 09:39:46.636,Within SLA,2023-02-09 08:39:36.342,Within SLA,5.0
1341,2023-02-10 18:44:37,2023-02-08 18:46:37,2023-02-08 18:46:21.956,Within SLA,,SLA Violated,
1342,2023-02-11 13:50:38,2023-02-09 14:50:38,2023-02-09 14:22:37.044,Within SLA,2023-02-10 18:49:25.577,Within SLA,
1343,2023-02-10 11:38:37,2023-02-09 11:40:37,2023-02-09 11:39:32.698,Within SLA,2023-02-10 07:18:45.945,Within SLA,
1344,2023-02-10 12:54:38,2023-02-09 12:56:38,2023-02-09 12:59:35.680,SLA Violated,,SLA Violated,
1345,2023-02-12 00:20:58,2023-02-10 01:20:58,2023-02-10 00:27:02.102,Within SLA,2023-02-10 11:49:48.964,Within SLA,
1346,2023-02-10 08:51:03,2023-02-09 08:53:03,2023-02-09 08:51:46.711,Within SLA,,SLA Violated,
1347,2023-02-12 01:42:00,2023-02-10 02:42:00,2023-02-10 02:34:23.309,Within SLA,,SLA Violated,
1348,2023-02-12 01:34:25,2023-02-10 02:34:25,2023-02-10 02:19:12.420,Within SLA,2023-02-10 15:21:06.691,Within SLA,
1349,2023-02-11 08:04:22,2023-02-09 09:04:22,2023-02-09 08:32:28.503,Within SLA,2023-02-10 14:37:06.903,Within SLA,
1350,2023-02-11 15:01:05,2023-02-09 16:01:05,2023-02-09 15:55:54.223,Within SLA,2023-02-09 19:23:58.274,Within SLA,5.0
1351,2023-02-11 16:28:08,2023-02-09 17:28:08,2023-02-09 16:52:03.360,Within SLA,,SLA Violated,
1352,2023-02-13 04:16:13,2023-02-11 05:16:13,2023-02-11 04:39:28.906,Within SLA,,SLA Violated,
1353,2023-02-13 02:21:01,2023-02-11 02:23:01,2023-02-11 02:22:07.429,Within SLA,2023-02-11 10:27:01.006,Within SLA,
1354,2023-02-12 08:56:25,2023-02-10 09:56:25,2023-02-10 09:01:52.427,Within SLA,2023-02-13 12:35:54.775,SLA Violated,5.0
1355,2023-02-12 15:39:29,2023-02-10 15:41:29,2023-02-10 15:43:14.351,SLA Violated,2023-02-13 14:15:15.645,SLA Violated,3.0
1356,2023-02-11 12:48:37,2023-02-10 12:50:37,2023-02-10 12:49:01.667,Within SLA,2023-02-11 05:46:50.124,Within SLA,
1357,2023-02-14 04:15:36,2023-02-12 05:15:36,2023-02-12 05:10:07.129,Within SLA,2023-02-13 13:12:21.783,Within SLA,
1358,2023-02-13 22:13:31,2023-02-11 23:13:31,2023-02-12 03:22:15.161,SLA Violated,,SLA Violated,
1359,2023-02-13 04:00:44,2023-02-12 04:02:44,2023-02-12 04:02:37.030,Within SLA,2023-02-13 03:01:18.193,Within SLA,3.0
1368,2023-02-13 22:55:38,2023-02-12 22:57:38,2023-02-12 23:00:18.969,SLA Violated,2023-02-13 22:09:38.808,Within SLA,
1372,2023-02-15 01:50:05,2023-02-13 02:50:05,2023-02-13 02:02:24.836,Within SLA,2023-02-13 19:36:09.894,Within SLA,3.0
1373,2023-02-13 18:46:33,2023-02-12 18:48:33,2023-02-12 18:47:10.867,Within SLA,2023-02-13 13:21:52.556,Within SLA,
1374,2023-02-15 21:58:46,2023-02-13 22:58:46,2023-02-13 22:26:52.406,Within SLA,2023-02-15 07:51:51.914,Within SLA,4.0
1375,2023-02-14 10:54:09,2023-02-13 10:56:09,2023-02-13 10:54:13.005,Within SLA,2023-02-13 14:43:22.326,Within SLA,4.0
1376,2023-02-16 03:00:47,2023-02-14 04:00:47,2023-02-14 03:38:58.734,Within SLA,2023-02-14 23:30:47.769,Within SLA,5.0
1377,2023-02-14 20:35:36,2023-02-13 20:37:36,2023-02-13 20:36:45.135,Within SLA,2023-02-14 02:59:35.128,Within SLA,5.0
1378,2023-02-14 16:51:48,2023-02-13 16:53:48,2023-02-13 16:53:42.305,Within SLA,,SLA Violated,
1379,2023-02-16 20:59:53,2023-02-14 21:59:53,2023-02-14 21:11:38.158,Within SLA,2023-02-16 17:20:03.502,Within SLA,4.0
1380,2023-02-16 19:37:36,2023-02-14 20:37:36,2023-02-14 20:28:41.427,Within SLA,,SLA Violated,
1381,2023-02-16 18:50:42,2023-02-14 19:50:42,2023-02-14 19:34:00.184,Within SLA,2023-02-15 14:50:35.669,Within SLA,1.0
1382,2023-02-17 03:46:19,2023-02-15 04:46:19,2023-02-15 04:57:05.706,SLA Violated,2023-02-15 12:22:07.519,Within SLA,
1383,2023-02-15 10:47:05,2023-02-14 10:49:05,2023-02-14 10:48:39.332,Within SLA,2023-02-14 14:08:57.210,Within SLA,
1384,2023-02-16 20:54:07,2023-02-14 20:56:07,2023-02-14 20:56:41.735,SLA Violated,2023-02-15 01:39:00.995,Within SLA,
1385,2023-02-16 15:28:47,2023-02-14 16:28:47,2023-02-14 15:59:14.153,Within SLA,2023-02-15 13:28:39.873,Within SLA,1.0
1386,2023-02-16 13:24:35,2023-02-14 13:26:35,2023-02-14 13:27:31.344,SLA Violated,2023-02-14 22:14:24.069,Within SLA,1.0
1387,2023-02-17 23:19:14,2023-02-15 23:21:14,2023-02-15 23:19:27.718,Within SLA,,SLA Violated,
1388,2023-02-17 22:28:46,2023-02-15 23:28:46,2023-02-15 23:02:57.267,Within SLA,2023-02-17 17:53:44.402,Within SLA,5.0
1389,2023-02-17 22:13:03,2023-02-15 23:13:03,2023-02-15 22:23:53.264,Within SLA,2023-02-16 19:43:11.874,Within SLA,1.0
1390,2023-02-17 07:01:20,2023-02-15 08:01:20,2023-02-15 07:27:28.292,Within SLA,2023-02-17 05:02:38.232,Within SLA,
1391,2023-02-17 05:06:37,2023-02-15 06:06:37,2023-02-15 05:23:29.787,Within SLA,2023-02-15 16:07:33.382,Within SLA,
1392,2023-02-17 17:18:14,2023-02-15 18:18:14,2023-02-15 17:20:52.846,Within SLA,2023-02-18 20:38:03.421,SLA Violated,5.0
1393,2023-02-17 05:29:04,2023-02-15 05:31:04,2023-02-15 05:29:50.508,Within SLA,2023-02-15 22:52:42.837,Within SLA,
1394,2023-02-17 21:04:53,2023-02-15 22:04:53,2023-02-15 21:15:05.647,Within SLA,2023-02-17 12:27:18.775,Within SLA,
1395,2023-02-16 15:04:09,2023-02-15 15:06:09,2023-02-15 15:05:31.247,Within SLA,2023-02-15 22:21:20.561,Within SLA,4.0
1396,2023-02-17 09:35:29,2023-02-15 10:35:29,2023-02-15 11:58:32.677,SLA Violated,2023-02-16 17:44:22.168,Within SLA,
1397,2023-02-18 05:26:24,2023-02-16 06:26:24,2023-02-16 05:55:24.461,Within SLA,2023-02-16 11:30:33.807,Within SLA,
1398,2023-02-18 12:38:48,2023-02-16 13:38:48,2023-02-16 13:18:49.111,Within SLA,2023-02-17 23:32:12.699,Within SLA,4.0
1399,2023-02-17 17:00:03,2023-02-16 17:02:03,2023-02-16 17:01:19.878,Within SLA,,SLA Violated,
1400,2023-02-17 23:57:00,2023-02-16 23:59:00,2023-02-16 23:57:38.533,Within SLA,2023-02-17 04:33:58.239,Within SLA,4.0
1401,2023-02-18 11:49:55,2023-02-16 12:49:55,2023-02-16 12:09:32.567,Within SLA,2023-02-17 02:16:34.234,Within SLA,
1402,2023-02-19 02:06:58,2023-02-18 02:08:58,2023-02-18 02:11:15.824,SLA Violated,2023-02-18 20:04:40.845,Within SLA,
1403,2023-02-19 12:44:46,2023-02-17 13:44:46,2023-02-17 13:16:24.899,Within SLA,,SLA Violated,
1404,2023-02-19 20:53:25,2023-02-17 21:53:25,2023-02-17 20:59:55.928,Within SLA,2023-02-19 12:10:46.626,Within SLA,
1405,2023-02-19 07:42:19,2023-02-17 08:42:19,2023-02-17 08:25:04.372,Within SLA,2023-02-18 17:14:13.583,Within SLA,
1406,2023-02-19 09:27:39,2023-02-17 10:27:39,2023-02-17 10:02:23.460,Within SLA,,SLA Violated,
1407,2023-02-20 00:44:39,2023-02-18 01:44:39,2023-02-18 05:25:34.822,SLA Violated,,SLA Violated,
1408,2023-02-19 08:04:37,2023-02-17 09:04:37,2023-02-17 08:15:52.620,Within SLA,2023-02-17 10:15:43.968,Within SLA,2.0
1409,2023-02-19 17:53:12,2023-02-17 17:55:12,2023-02-17 17:54:46.689,Within SLA,2023-02-17 23:56:51.508,Within SLA,
1410,2023-02-19 16:53:04,2023-02-17 17:53:04,2023-02-17 17:50:03.955,Within SLA,2023-02-18 01:58:47.082,Within SLA,5.0
1411,2023-02-20 06:40:47,2023-02-18 07:40:47,,SLA Violated,,SLA Violated,
1412,2023-02-20 06:11:10,2023-02-18 07:11:10,2023-02-18 06:56:03.345,SLA Violated,2023-02-23 15:16:46.250,SLA Violated,
1413,2023-02-20 15:17:59,2023-02-18 16:17:59,2023-02-18 16:00:21.697,SLA Violated,2023-02-20 20:00:00.082,SLA Violated,4.0
1420,2023-02-21 05:43:57,2023-02-19 06:43:57,2023-02-19 06:01:40.481,SLA Violated,2023-02-20 11:53:05.299,Within SLA,4.0
1421,2023-02-22 03:39:31,2023-02-20 04:39:31,2023-02-20 04:27:31.804,SLA Violated,2023-02-21 05:56:25.003,Within SLA,5.0
1422,2023-02-22 03:29:15,2023-02-20 03:31:15,2023-02-20 03:32:08.717,SLA Violated,2023-02-21 23:37:03.988,Within SLA,
1423,2023-02-21 12:26:50,2023-02-19 13:26:50,,SLA Violated,,SLA Violated,
1424,2023-02-21 05:21:43,2023-02-19 05:23:43,2023-02-19 05:22:15.239,SLA Violated,2023-02-20 07:58:47.066,Within SLA,5.0
1425,2023-02-21 09:46:26,2023-02-19 10:46:26,2023-02-19 09:50:09.619,SLA Violated,2023-02-20 15:42:06.971,Within SLA,1.0
1426,2023-02-22 08:12:04,2023-02-20 08:14:04,2023-02-20 08:12:05.084,SLA Violated,2023-02-21 20:04:01.664,Within SLA,
1427,2023-02-22 11:04:53,2023-02-20 12:04:53,2023-02-20 11:39:17.618,SLA Violated,2023-02-22 04:56:36.419,Within SLA,
1428,2023-02-22 13:22:32,2023-02-20 14:22:32,2023-02-20 14:19:06.088,SLA Violated,2023-02-22 00:47:21.972,Within SLA,
1429,2023-02-22 22:13:46,2023-02-20 23:13:46,2023-02-20 23:04:32.387,SLA Violated,2023-02-21 23:04:01.261,Within SLA,
1430,2023-02-23 02:22:01,2023-02-21 03:22:01,2023-02-21 02:55:55.617,SLA Violated,2023-02-21 04:14:03.604,Within SLA,1.0
1431,2023-02-22 03:01:33,2023-02-21 03:03:33,2023-02-21 03:04:05.977,SLA Violated,2023-02-21 15:33:21.840,Within SLA,
1432,2023-02-22 07:07:52,2023-02-20 08:07:52,2023-02-20 07:46:20.425,SLA Violated,2023-02-20 22:37:22.794,Within SLA,
1433,2023-02-22 02:27:54,2023-02-21 02:29:54,2023-02-21 02:29:46.157,SLA Violated,2023-02-22 02:00:53.035,Within SLA,5.0
1434,2023-02-22 16:10:43,2023-02-20 17:10:43,2023-02-20 16:14:30.954,SLA Violated,,SLA Violated,
1435,2023-02-24 00:30:54,2023-02-22 00:32:54,2023-02-22 00:31:01.545,Within SLA,2023-02-23 02:05:04.604,Within SLA,3.0
1436,2023-02-22 09:21:55,2023-02-21 09:23:55,2023-02-21 09:23:34.629,Within SLA,,SLA Violated,
1437,2023-02-22 16:56:08,2023-02-21 16:58:08,2023-02-21 16:57:48.879,Within SLA,,SLA Violated,
1438,2023-02-23 22:45:06,2023-02-21 23:45:06,2023-02-21 23:16:19.525,Within SLA,,SLA Violated,
1439,2023-02-24 02:30:05,2023-02-22 03:30:05,2023-02-22 03:08:38.990,Within SLA,2023-02-23 16:59:47.332,Within SLA,1.0
1440,2023-02-24 06:36:39,2023-02-22 07:36:39,2023-02-22 06:47:13.872,Within SLA,2023-02-25 20:30:15.106,SLA Violated,
1441,2023-02-23 20:41:33,2023-02-22 20:43:33,2023-02-22 20:43:14.325,Within SLA,2023-02-23 04:55:14.879,Within SLA,
1442,2023-02-24 21:13:29,2023-02-22 22:13:29,2023-02-23 01:30:12.128,SLA Violated,,SLA Violated,
1443,2023-02-24 08:36:16,2023-02-22 09:36:16,2023-02-22 09:07:02.691,Within SLA,2023-02-23 04:45:07.536,Within SLA,
1444,2023-02-24 22:31:18,2023-02-22 23:31:18,2023-02-22 23:07:29.641,Within SLA,2023-02-24 03:15:13.821,Within SLA,
1445,2023-02-25 12:34:07,2023-02-23 13:34:07,2023-02-23 13:27:03.922,Within SLA,2023-02-24 08:24:29.311,Within SLA,5.0
1446,2023-02-25 17:45:18,2023-02-23 18:45:18,2023-02-23 18:20:10.914,Within SLA,,SLA Violated,
1447,2023-02-25 06:02:33,2023-02-23 07:02:33,2023-02-23 06:19:03.310,Within SLA,,SLA Violated,
1448,2023-02-25 01:11:55,2023-02-24 01:13:55,2023-02-24 01:12:53.893,Within SLA,,SLA Violated,
1449,2023-02-25 09:39:16,2023-02-24 09:41:16,2023-02-24 09:43:40.794,SLA Violated,2023-02-25 05:35:49.727,Within SLA,3.0
1450,2023-02-25 14:50:10,2023-02-24 14:52:10,2023-02-24 14:52:01.554,Within SLA,2023-02-24 17:22:35.211,Within SLA,4.0
1451,2023-02-26 14:10:47,2023-02-24 15:10:47,2023-02-24 14:15:29.722,Within SLA,,SLA Violated,
1452,2023-02-26 09:28:22,2023-02-24 10:28:22,2023-02-24 09:44:06.384,Within SLA,,SLA Violated,
1453,2023-02-27 02:10:42,2023-02-25 03:10:42,2023-02-25 02:40:03.637,Within SLA,2023-02-26 08:21:21.651,Within SLA,1.0
1454,2023-02-27 06:51:32,2023-02-25 07:51:32,2023-02-25 11:52:32.374,SLA Violated,,SLA Violated,
1455,2023-02-27 19:45:30,2023-02-25 20:45:30,2023-02-25 19:59:47.194,Within SLA,2023-02-27 03:23:28.387,Within SLA,5.0
1466,2023-02-28 13:44:33,2023-02-26 14:44:33,2023-02-26 13:44:37.189,Within SLA,2023-02-28 10:27:26.122,Within SLA,3.0
1467,2023-02-27 08:47:31,2023-02-26 08:49:31,2023-02-26 08:48:18.557,Within SLA,2023-02-26 11:00:10.305,Within SLA,
1468,2023-03-01 02:50:54,2023-02-27 03:50:54,2023-02-27 03:39:15.032,Within SLA,2023-03-04 05:05:57.146,SLA Violated,2.0
1469,2023-02-28 23:41:30,2023-02-26 23:43:30,2023-02-26 23:42:18.584,Within SLA,2023-02-28 23:30:06.267,Within SLA,2.0
1470,2023-02-28 22:25:50,2023-02-27 22:27:50,2023-02-27 22:26:15.332,Within SLA,2023-02-27 22:58:26.557,Within SLA,5.0
1471,2023-02-28 07:21:58,2023-02-27 07:23:58,2023-02-27 07:23:24.397,Within SLA,,SLA Violated,
1472,2023-02-28 20:33:36,2023-02-27 20:35:36,2023-02-27 20:34:12.990,Within SLA,2023-02-28 04:50:12.054,Within SLA,5.0
1473,2023-03-01 03:04:36,2023-02-28 03:06:36,2023-02-28 03:06:20.013,Within SLA,2023-02-28 06:25:21.779,Within SLA,4.0
1474,2023-03-01 12:57:24,2023-02-28 12:59:24,2023-02-28 13:00:59.809,SLA Violated,2023-03-01 01:26:45.303,Within SLA,4.0
1475,2023-03-01 17:00:49,2023-02-28 17:02:49,2023-02-28 17:00:59.729,Within SLA,,SLA Violated,
1476,2023-03-02 03:29:10,2023-03-01 03:31:10,2023-03-01 03:30:23.940,Within SLA,2023-03-01 22:11:04.400,Within SLA,
1477,2023-03-01 23:38:27,2023-02-28 23:40:27,2023-02-28 23:42:39.660,SLA Violated,2023-03-01 02:58:57.544,Within SLA,
1478,2023-03-02 22:42:31,2023-02-28 23:42:31,2023-02-28 22:46:03.198,Within SLA,2023-03-01 18:03:44.754,Within SLA,4.0
1479,2023-03-02 09:14:22,2023-02-28 09:16:22,2023-02-28 09:14:38.519,Within SLA,,SLA Violated,
1480,2023-03-01 15:13:16,2023-02-28 15:15:16,2023-02-28 15:14:06.674,Within SLA,2023-03-01 08:14:59.045,Within SLA,1.0
1481,2023-03-02 18:27:04,2023-02-28 18:29:04,2023-02-28 18:28:03.725,Within SLA,2023-03-02 01:46:06.533,Within SLA,5.0
1482,2023-03-04 03:02:52,2023-03-02 04:02:52,2023-03-02 03:54:38.705,Within SLA,2023-03-02 15:58:24.084,Within SLA,5.0
1483,2023-03-04 04:03:38,2023-03-02 04:05:38,2023-03-02 04:04:44.933,Within SLA,2023-03-03 20:08:18.344,Within SLA,4.0
1484,2023-03-03 14:33:46,2023-03-01 14:35:46,2023-03-01 14:36:29.201,SLA Violated,2023-03-02 10:13:29.758,Within SLA,4.0
1485,2023-03-03 23:50:42,2023-03-02 00:50:42,2023-03-02 00:11:19.291,Within SLA,2023-03-03 01:50:24.973,Within SLA,
1486,2023-03-03 11:21:31,2023-03-01 12:21:31,2023-03-01 11:23:36.813,Within SLA,2023-03-02 09:46:20.694,Within SLA,3.0
1487,2023-03-04 04:55:40,2023-03-03 04:57:40,2023-03-03 04:57:33.612,Within SLA,2023-03-03 09:43:25.931,Within SLA,4.0
1488,2023-03-04 08:37:30,2023-03-02 09:37:30,2023-03-02 11:50:04.399,SLA Violated,2023-03-03 07:13:16.196,Within SLA,
1489,2023-03-04 12:15:57,2023-03-02 12:17:57,2023-03-02 12:21:51.594,SLA Violated,2023-03-03 14:51:09.628,Within SLA,4.0
1490,2023-03-04 01:46:03,2023-03-03 01:48:03,2023-03-03 01:47:32.135,Within SLA,2023-03-03 12:27:25.960,Within SLA,
1491,2023-03-03 05:14:40,2023-03-02 05:16:40,2023-03-02 05:16:05.985,Within SLA,2023-03-02 11:22:48.976,Within SLA,
1492,2023-03-04 17:11:42,2023-03-02 18:11:42,2023-03-02 17:58:52.179,Within SLA,2023-03-03 09:06:41.223,Within SLA,
1493,2023-03-04 09:22:49,2023-03-02 10:22:49,2023-03-02 09:34:46.218,Within SLA,2023-03-04 01:18:32.636,Within SLA,5.0
1494,2023-03-04 20:32:25,2023-03-02 21:32:25,2023-03-02 20:34:54.081,Within SLA,2023-03-03 02:26:25.713,Within SLA,1.0
1495,2023-03-03 22:46:57,2023-03-02 22:48:57,2023-03-02 22:48:48.406,Within SLA,,SLA Violated,
1496,2023-03-05 03:28:26,2023-03-03 03:30:26,2023-03-03 03:30:35.379,SLA Violated,2023-03-07 15:24:18.979,SLA Violated,
1497,2023-03-04 21:18:18,2023-03-03 21:20:18,2023-03-03 21:19:41.198,Within SLA,2023-03-09 07:46:45.623,SLA Violated,
1498,2023-03-05 18:32:16,2023-03-03 19:32:16,2023-03-03 19:28:06.854,Within SLA,,SLA Violated,
1499,2023-03-05 02:03:44,2023-03-04 02:05:44,2023-03-04 02:03:46.012,Within SLA,2023-03-04 19:17:01.482,Within SLA,
1500,2023-03-05 11:08:20,2023-03-03 12:08:20,2023-03-03 11:46:13.723,Within SLA,,SLA Violated,
1501,2023-03-06 12:14:23,2023-03-04 13:14:23,2023-03-04 13:13:36.818,Within SLA,2023-03-05 11:47:21.650,Within SLA,3.0
1502,2023-03-05 23:27:23,2023-03-04 23:29:23,2023-03-04 23:27:30.196,Within SLA,2023-03-05 11:00:44.602,Within SLA,
1503,2023-03-06 15:20:16,2023-03-04 16:20:16,2023-03-04 20:18:01.092,SLA Violated,,SLA Violated,
1504,2023-03-06 22:46:47,2023-03-04 23:46:47,2023-03-04 23:36:48.585,Within SLA,2023-03-05 23:51:13.414,Within SLA,
1512,2023-03-07 20:14:42,2023-03-05 21:14:42,2023-03-05 20:41:36.370,Within SLA,2023-03-06 15:13:39.141,Within SLA,4.0
1513,2023-03-06 08:42:25,2023-03-05 08:44:25,2023-03-05 08:43:46.463,Within SLA,2023-03-05 09:06:03.872,Within SLA,4.0
1514,2023-03-07 12:03:21,2023-03-05 13:03:21,2023-03-05 13:00:54.748,Within SLA,2023-03-07 09:09:54.002,Within SLA,3.0
1515,2023-03-07 09:57:01,2023-03-05 10:57:01,2023-03-05 10:36:34.490,Within SLA,2023-03-07 04:59:58.498,Within SLA,
1516,2023-03-07 12:34:22,2023-03-05 13:34:22,2023-03-05 12:45:47.230,Within SLA,2023-03-06 21:20:26.657,Within SLA,
1517,2023-03-07 15:44:14,2023-03-06 15:46:14,2023-03-06 15:45:59.806,Within SLA,2023-03-09 12:26:39.944,SLA Violated,4.0
1518,2023-03-07 15:48:32,2023-03-06 15:50:32,2023-03-06 15:49:22.379,Within SLA,2023-03-06 16:41:58.096,Within SLA,4.0
1519,2023-03-08 12:01:46,2023-03-06 12:03:46,2023-03-06 12:03:33.984,Within SLA,2023-03-06 17:51:27.351,Within SLA,4.0
1520,2023-03-08 02:19:53,2023-03-07 02:21:53,2023-03-07 02:21:26.212,Within SLA,,SLA Violated,
1521,2023-03-07 15:20:35,2023-03-06 15:22:35,2023-03-06 15:23:37.021,SLA Violated,,SLA Violated,
1522,2023-03-08 11:16:39,2023-03-06 12:16:39,2023-03-06 15:22:09.467,SLA Violated,2023-03-08 02:24:53.104,Within SLA,4.0
1523,2023-03-07 17:24:32,2023-03-06 17:26:32,2023-03-06 17:24:54.439,Within SLA,2023-03-07 04:54:50.698,Within SLA,3.0
1524,2023-03-07 12:24:21,2023-03-06 12:26:21,2023-03-06 12:25:32.894,Within SLA,2023-03-06 18:09:32.115,Within SLA,4.0
1525,2023-03-08 20:56:32,2023-03-06 21:56:32,2023-03-06 21:19:03.236,Within SLA,2023-03-07 13:25:54.760,Within SLA,
1526,2023-03-08 12:21:44,2023-03-06 13:21:44,2023-03-06 12:57:55.555,Within SLA,,SLA Violated,
1527,2023-03-08 23:06:51,2023-03-07 00:06:51,2023-03-06 23:27:13.455,Within SLA,,SLA Violated,
1528,2023-03-08 09:37:11,2023-03-06 09:39:11,2023-03-06 09:37:27.343,Within SLA,2023-03-07 23:57:15.976,Within SLA,
1529,2023-03-07 09:25:30,2023-03-06 09:27:30,2023-03-06 09:26:31.163,Within SLA,2023-03-06 13:39:09.325,Within SLA,5.0
1530,2023-03-08 18:30:45,2023-03-07 18:32:45,2023-03-07 18:31:29.956,Within SLA,2023-03-11 06:36:14.400,SLA Violated,
1531,2023-03-10 02:19:19,2023-03-08 02:21:19,2023-03-08 02:24:44.786,SLA Violated,2023-03-09 23:59:49.361,Within SLA,5.0
1532,2023-03-09 10:15:02,2023-03-07 11:15:02,2023-03-07 11:03:00.178,Within SLA,2023-03-09 00:41:50.814,Within SLA,
1533,2023-03-10 04:13:52,2023-03-08 05:13:52,2023-03-08 04:20:55.983,Within SLA,2023-03-09 12:21:43.558,Within SLA,
1534,2023-03-10 01:40:50,2023-03-08 02:40:50,2023-03-08 02:03:30.777,Within SLA,2023-03-08 23:36:35.736,Within SLA,4.0
1535,2023-03-10 00:26:05,2023-03-08 01:26:05,2023-03-08 00:29:49.689,Within SLA,2023-03-09 21:27:17.333,Within SLA,
1536,2023-03-09 07:09:56,2023-03-07 08:09:56,2023-03-07 07:27:03.017,Within SLA,2023-03-08 18:46:05.491,Within SLA,
1537,2023-03-09 06:02:26,2023-03-08 06:04:26,2023-03-08 06:03:37.543,Within SLA,2023-03-08 17:54:44.249,Within SLA,4.0
1538,2023-03-10 15:00:28,2023-03-08 16:00:28,2023-03-08 15:02:00.549,Within SLA,2023-03-09 23:21:32.197,Within SLA,5.0
1539,2023-03-11 00:03:39,2023-03-09 01:03:39,2023-03-09 00:17:35.924,Within SLA,2023-03-09 04:27:56.675,Within SLA,
1540,2023-03-10 07:37:45,2023-03-08 08:37:45,2023-03-08 07:43:28.288,Within SLA,2023-03-09 14:09:20.678,Within SLA,3.0
1541,2023-03-10 00:55:45,2023-03-09 00:57:45,2023-03-09 00:56:12.462,Within SLA,2023-03-09 03:25:39.310,Within SLA,
1542,2023-03-09 11:49:26,2023-03-08 11:51:26,2023-03-08 11:52:21.025,SLA Violated,2023-03-11 08:05:33.786,SLA Violated,4.0
1543,2023-03-09 23:53:10,2023-03-08 23:55:10,2023-03-08 23:54:53.764,Within SLA,2023-03-10 20:18:29.698,SLA Violated,4.0
1544,2023-03-10 02:01:00,2023-03-09 02:03:00,2023-03-09 02:02:08.404,Within SLA,2023-03-09 16:28:21.167,Within SLA,4.0
1545,2023-03-10 00:24:41,2023-03-09 00:26:41,2023-03-09 00:30:31.453,SLA Violated,,SLA Violated,
1546,2023-03-09 06:14:25,2023-03-08 06:16:25,2023-03-08 06:16:08.969,Within SLA,,SLA Violated,
1547,2023-03-10 21:10:52,2023-03-08 22:10:52,2023-03-08 22:01:41.478,Within SLA,2023-03-10 11:07:39.025,Within SLA,
1548,2023-03-10 12:47:06,2023-03-08 13:47:06,2023-03-08 20:27:01.293,SLA Violated,2023-03-09 22:09:31.186,Within SLA,2.0
1549,2023-03-10 00:22:33,2023-03-09 00:24:33,2023-03-09 00:22:43.131,Within SLA,,SLA Violated,
1550,2023-03-10 12:31:05,2023-03-09 12:33:05,2023-03-09 12:31:46.899,Within SLA,2023-03-09 23:22:37.688,Within SLA,
1551,2023-03-11 23:37:17,2023-03-10 00:37:17,2023-03-09 23:50:07.066,Within SLA,2023-03-10 23:31:50.215,Within SLA,4.0
1552,2023-03-11 10:24:36,2023-03-09 11:24:36,2023-03-09 11:07:16.582,Within SLA,2023-03-11 00:09:51.543,Within SLA,1.0
1553,2023-03-12 03:52:40,2023-03-10 04:52:40,2023-03-10 03:53:38.525,Within SLA,,SLA Violated,
1556,2023-03-12 01:08:56,2023-03-10 02:08:56,2023-03-10 01:26:57.149,Within SLA,2023-03-10 22:53:36.606,Within SLA,3.0
1557,2023-03-11 06:51:28,2023-03-09 07:51:28,2023-03-09 07:21:02.287,Within SLA,2023-03-11 05:55:05.989,Within SLA,
1560,2023-03-12 08:09:11,2023-03-10 10:09:11,2023-03-10 09:34:11.339,Within SLA,2023-03-11 20:42:37.374,Within SLA,3.0
1561,2023-03-11 22:41:12,2023-03-10 22:43:12,2023-03-10 22:42:58.940,Within SLA,2023-03-11 08:12:53.991,Within SLA,3.0
1562,2023-03-12 05:32:45,2023-03-10 06:32:45,2023-03-10 06:13:09.458,Within SLA,,SLA Violated,
1563,2023-03-11 05:43:40,2023-03-10 05:45:40,2023-03-10 05:45:17.711,Within SLA,2023-03-10 19:07:43.309,Within SLA,
1565,2023-03-12 10:44:13,2023-03-10 12:44:13,2023-03-10 12:40:30.264,Within SLA,2023-03-11 03:31:11.103,Within SLA,3.0
1567,2023-03-14 02:08:57,2023-03-12 04:08:57,2023-03-12 03:37:09.744,Within SLA,,SLA Violated,
1568,2023-03-13 08:34:35,2023-03-11 10:34:35,2023-03-11 10:02:24.283,Within SLA,2023-03-12 05:49:06.972,Within SLA,
1573,2023-03-13 05:06:38,2023-03-11 07:06:38,2023-03-11 06:50:22.194,Within SLA,2023-03-12 05:53:41.562,Within SLA,
1574,2023-03-12 19:34:51,2023-03-11 20:36:51,2023-03-11 20:35:13.796,Within SLA,2023-03-12 13:31:06.952,Within SLA,
1575,2023-03-14 07:04:01,2023-03-12 08:04:01,2023-03-12 07:31:01.238,Within SLA,2023-03-16 03:42:24.741,SLA Violated,
1576,2023-03-14 05:00:06,2023-03-12 07:00:06,2023-03-12 06:46:15.414,Within SLA,2023-03-12 09:29:28.060,Within SLA,
1577,2023-03-14 23:12:49,2023-03-13 00:12:49,2023-03-12 23:48:43.328,Within SLA,2023-03-13 07:38:18.000,Within SLA,3.0
1581,2023-03-15 19:58:26,2023-03-13 20:58:26,2023-03-13 20:19:06.640,Within SLA,2023-03-15 03:11:28.327,Within SLA,4.0
1582,2023-03-15 15:05:16,2023-03-13 15:07:16,2023-03-13 15:05:29.359,Within SLA,2023-03-15 13:34:06.827,Within SLA,
1583,2023-03-14 09:33:38,2023-03-13 09:35:38,2023-03-13 09:35:00.469,Within SLA,2023-03-14 04:01:28.087,Within SLA,5.0
1584,2023-03-14 17:19:39,2023-03-13 17:21:39,2023-03-13 17:20:29.078,Within SLA,,SLA Violated,
1585,2023-03-16 01:36:55,2023-03-14 02:36:55,2023-03-14 02:31:54.634,Within SLA,2023-03-14 23:08:44.063,Within SLA,2.0
1586,2023-03-15 21:00:43,2023-03-13 22:00:43,,SLA Violated,,SLA Violated,
1587,2023-03-15 12:21:06,2023-03-13 13:21:06,2023-03-13 13:04:45.678,Within SLA,2023-03-13 16:09:45.305,Within SLA,3.0
1588,2023-03-14 19:59:29,2023-03-13 20:01:29,2023-03-13 20:00:41.602,Within SLA,2023-03-15 11:19:23.122,SLA Violated,
1589,2023-03-15 00:46:16,2023-03-14 00:48:16,2023-03-14 00:47:36.899,Within SLA,2023-03-14 20:57:25.981,Within SLA,2.0
1590,2023-03-15 14:15:38,2023-03-13 15:15:38,2023-03-13 14:41:30.978,Within SLA,,SLA Violated,
1591,2023-03-14 15:05:15,2023-03-13 15:07:15,2023-03-13 15:06:20.062,Within SLA,2023-03-13 22:27:01.651,Within SLA,3.0
1592,2023-03-15 11:20:49,2023-03-13 12:20:49,2023-03-13 12:03:15.696,Within SLA,,SLA Violated,
1593,2023-03-16 13:39:52,2023-03-14 14:39:52,2023-03-14 14:12:45.716,Within SLA,2023-03-16 10:05:59.955,Within SLA,
1594,2023-03-16 14:08:38,2023-03-14 15:08:38,2023-03-14 14:18:39.533,Within SLA,2023-03-14 18:26:38.512,Within SLA,5.0
1595,2023-03-16 22:42:04,2023-03-14 23:42:04,2023-03-14 23:30:38.623,Within SLA,2023-03-16 20:46:56.127,Within SLA,
1596,2023-03-15 07:18:49,2023-03-14 07:20:49,2023-03-14 07:22:14.202,SLA Violated,2023-03-14 08:59:40.195,Within SLA,3.0
1597,2023-03-16 23:42:01,2023-03-15 00:42:01,2023-03-15 00:04:44.438,Within SLA,2023-03-16 05:11:48.731,Within SLA,5.0
1598,2023-03-16 16:18:12,2023-03-14 17:18:12,2023-03-14 17:01:04.344,Within SLA,2023-03-16 06:47:03.437,Within SLA,3.0
1599,2023-03-16 14:19:11,2023-03-14 14:21:11,2023-03-14 14:21:17.022,SLA Violated,2023-03-16 11:07:00.026,Within SLA,1.0
1600,2023-03-16 15:12:15,2023-03-14 16:12:15,2023-03-14 15:37:39.946,Within SLA,2023-03-15 06:27:17.299,Within SLA,4.0
1601,2023-03-17 04:21:06,2023-03-15 05:21:06,2023-03-15 04:31:00.684,Within SLA,2023-03-16 14:55:59.200,Within SLA,3.0
1602,2023-03-17 04:44:09,2023-03-15 05:44:09,2023-03-15 05:35:42.423,Within SLA,2023-03-16 16:29:39.978,Within SLA,
1603,2023-03-17 16:59:00,2023-03-15 17:59:00,2023-03-15 17:35:21.670,Within SLA,2023-03-20 08:08:16.353,SLA Violated,
1604,2023-03-17 07:33:55,2023-03-15 08:33:55,2023-03-15 07:48:41.194,Within SLA,,SLA Violated,
1605,2023-03-17 14:58:56,2023-03-15 15:00:56,2023-03-15 15:04:40.382,SLA Violated,2023-03-16 06:19:16.651,Within SLA,3.0
1606,2023-03-16 16:11:12,2023-03-15 16:13:12,2023-03-15 16:12:32.332,Within SLA,2023-03-16 07:56:25.119,Within SLA,
1607,2023-03-17 20:08:07,2023-03-15 21:08:07,2023-03-15 20:37:57.647,Within SLA,2023-03-17 13:02:37.177,Within SLA,2.0
1608,2023-03-18 21:09:22,2023-03-16 22:09:22,2023-03-16 21:58:35.476,Within SLA,2023-03-18 04:10:52.779,Within SLA,1.0
1609,2023-03-18 00:58:03,2023-03-17 01:00:03,2023-03-17 00:58:16.780,Within SLA,2023-03-17 10:49:58.096,Within SLA,
1610,2023-03-17 08:46:12,2023-03-16 08:48:12,2023-03-16 08:46:27.828,Within SLA,2023-03-16 16:23:46.602,Within SLA,3.0
1611,2023-03-18 22:51:53,2023-03-16 23:51:53,2023-03-16 23:21:33.880,Within SLA,2023-03-17 09:58:32.335,Within SLA,3.0
1612,2023-03-17 06:30:07,2023-03-16 06:32:07,2023-03-16 06:31:43.191,Within SLA,2023-03-16 13:24:10.161,Within SLA,
1613,2023-03-17 19:56:22,2023-03-16 19:58:22,2023-03-16 19:56:36.025,Within SLA,2023-03-17 07:32:42.529,Within SLA,4.0
1614,2023-03-18 22:30:18,2023-03-16 23:30:18,2023-03-17 01:29:31.442,SLA Violated,2023-03-17 16:24:43.722,Within SLA,
1615,2023-03-18 17:15:46,2023-03-16 18:15:46,2023-03-16 17:16:49.141,Within SLA,2023-03-18 00:06:43.772,Within SLA,5.0
1616,2023-03-18 10:25:19,2023-03-16 11:25:19,2023-03-16 10:26:38.518,Within SLA,2023-03-16 13:04:16.819,Within SLA,
1617,2023-03-18 16:36:44,2023-03-16 17:36:44,2023-03-16 16:49:57.352,Within SLA,2023-03-17 03:25:32.822,Within SLA,
1618,2023-03-19 06:32:50,2023-03-17 07:32:50,2023-03-17 07:00:06.723,Within SLA,2023-03-22 07:02:30.497,SLA Violated,5.0
1619,2023-03-19 14:58:28,2023-03-17 15:58:28,2023-03-17 15:04:56.385,Within SLA,2023-03-23 04:12:07.025,SLA Violated,
1626,2023-03-20 04:21:14,2023-03-18 05:21:14,2023-03-18 04:33:52.288,Within SLA,2023-03-18 18:39:42.480,Within SLA,
1627,2023-03-20 10:34:51,2023-03-18 11:34:51,2023-03-18 11:05:21.150,Within SLA,2023-03-20 09:12:27.660,Within SLA,4.0
1628,2023-03-20 12:08:35,2023-03-18 13:08:35,2023-03-18 13:00:07.414,Within SLA,2023-03-20 08:11:32.390,Within SLA,
1629,2023-03-20 03:00:11,2023-03-19 03:02:11,2023-03-19 03:01:33.995,Within SLA,2023-03-19 12:24:56.256,Within SLA,4.0
1630,2023-03-20 12:59:42,2023-03-18 13:01:42,2023-03-18 13:01:39.934,Within SLA,2023-03-18 19:41:58.960,Within SLA,
1631,2023-03-21 22:00:21,2023-03-19 22:02:21,2023-03-19 22:04:12.913,SLA Violated,,SLA Violated,
1632,2023-03-22 01:00:31,2023-03-20 02:00:31,2023-03-20 05:55:47.901,SLA Violated,2023-03-21 17:11:42.073,Within SLA,
1633,2023-03-21 18:00:56,2023-03-19 19:00:56,2023-03-19 18:44:57.403,Within SLA,2023-03-20 16:31:49.433,Within SLA,5.0
1634,2023-03-21 02:55:52,2023-03-20 02:57:52,2023-03-20 03:00:30.437,SLA Violated,2023-03-21 10:46:47.234,SLA Violated,4.0
1635,2023-03-22 02:09:59,2023-03-20 03:09:59,2023-03-20 02:28:36.863,Within SLA,2023-03-20 15:03:42.510,Within SLA,5.0
1636,2023-03-21 02:50:17,2023-03-20 02:52:17,2023-03-20 02:50:35.148,Within SLA,2023-03-20 21:39:07.038,Within SLA,3.0
1637,2023-03-21 16:53:48,2023-03-19 16:55:48,2023-03-19 16:59:45.144,SLA Violated,,SLA Violated,
1638,2023-03-22 17:23:05,2023-03-20 18:23:05,2023-03-20 18:05:28.060,Within SLA,2023-03-22 12:53:29.426,Within SLA,3.0
1639,2023-03-22 23:10:24,2023-03-21 00:10:24,2023-03-20 23:28:28.082,Within SLA,,SLA Violated,
1640,2023-03-22 11:20:34,2023-03-20 11:22:34,2023-03-20 11:21:27.226,Within SLA,2023-03-20 21:57:46.341,Within SLA,
1641,2023-03-23 02:27:49,2023-03-21 03:27:49,2023-03-21 02:37:30.389,Within SLA,2023-03-21 16:54:25.015,Within SLA,
1642,2023-03-22 20:27:35,2023-03-20 20:29:35,2023-03-20 20:28:37.582,Within SLA,2023-03-22 07:58:27.124,Within SLA,2.0
1643,2023-03-22 01:49:15,2023-03-21 01:51:15,2023-03-21 01:49:18.243,Within SLA,2023-03-21 22:09:34.269,Within SLA,3.0
1644,2023-03-22 05:25:09,2023-03-20 06:25:09,2023-03-20 06:23:01.777,Within SLA,2023-03-22 01:04:22.862,Within SLA,3.0
1645,2023-03-22 22:36:23,2023-03-20 23:36:23,2023-03-20 23:32:38.909,Within SLA,2023-03-20 23:28:53.303,Within SLA,4.0
1646,2023-03-23 23:11:31,2023-03-22 00:11:31,2023-03-22 00:10:44.568,Within SLA,2023-03-23 17:08:32.247,Within SLA,3.0
1647,2023-03-22 04:03:07,2023-03-21 04:05:07,2023-03-21 04:03:37.789,Within SLA,2023-03-21 18:27:49.171,Within SLA,3.0
1648,2023-03-23 12:43:34,2023-03-21 12:45:34,2023-03-21 12:43:51.873,Within SLA,2023-03-26 17:07:36.176,SLA Violated,4.0
1649,2023-03-22 14:42:02,2023-03-21 14:44:02,2023-03-21 14:44:07.589,SLA Violated,2023-03-22 14:23:14.420,Within SLA,
1650,2023-03-24 08:26:56,2023-03-22 09:26:56,2023-03-22 09:00:29.936,Within SLA,,SLA Violated,
1651,2023-03-24 04:13:36,2023-03-22 05:13:36,2023-03-22 04:53:11.162,Within SLA,2023-03-23 06:09:22.763,Within SLA,
1652,2023-03-23 09:00:47,2023-03-22 09:02:47,2023-03-22 09:02:37.453,Within SLA,2023-03-22 18:19:01.928,Within SLA,3.0
1653,2023-03-24 05:30:24,2023-03-22 06:30:24,2023-03-22 06:17:00.818,Within SLA,2023-03-22 09:08:56.316,Within SLA,
1654,2023-03-24 11:55:34,2023-03-22 12:55:34,2023-03-22 12:43:58.021,Within SLA,2023-03-23 16:08:02.697,Within SLA,2.0
1655,2023-03-24 22:21:14,2023-03-22 23:21:14,2023-03-23 03:06:14.951,SLA Violated,2023-03-23 14:11:34.410,Within SLA,4.0
1656,2023-03-25 10:03:44,2023-03-23 11:03:44,2023-03-23 10:50:19.124,Within SLA,2023-03-26 07:52:10.249,SLA Violated,5.0
1657,2023-03-25 17:40:59,2023-03-23 17:42:59,2023-03-23 17:42:29.416,Within SLA,2023-03-24 13:24:48.322,Within SLA,5.0
1658,2023-03-25 17:58:43,2023-03-23 18:58:43,2023-03-23 18:27:28.381,Within SLA,2023-03-25 14:50:46.513,Within SLA,4.0
1659,2023-03-25 18:27:04,2023-03-23 19:27:04,2023-03-23 19:26:05.990,Within SLA,2023-03-25 15:18:47.843,Within SLA,
1660,2023-03-26 02:39:46,2023-03-24 03:39:46,2023-03-24 03:30:11.964,Within SLA,,SLA Violated,
1661,2023-03-24 09:03:29,2023-03-23 09:05:29,2023-03-23 09:05:06.307,Within SLA,2023-03-24 08:33:05.883,Within SLA,3.0
1665,2023-03-26 11:33:22,2023-03-24 12:33:22,2023-03-24 12:02:14.755,Within SLA,2023-03-25 16:21:56.021,Within SLA,
1666,2023-03-27 02:12:44,2023-03-25 03:12:44,2023-03-25 02:54:22.851,Within SLA,,SLA Violated,
1668,2023-03-26 08:18:03,2023-03-24 09:18:03,2023-03-24 08:49:47.524,Within SLA,2023-03-26 02:13:45.032,Within SLA,4.0
1669,2023-03-26 15:22:39,2023-03-24 16:22:39,2023-03-24 15:34:26.586,Within SLA,2023-03-25 22:18:36.714,Within SLA,5.0
1670,2023-03-27 00:23:23,2023-03-25 01:23:23,2023-03-25 00:58:52.687,Within SLA,2023-03-26 08:36:20.674,Within SLA,1.0
1671,2023-03-26 17:35:36,2023-03-24 18:35:36,2023-03-24 20:45:17.144,SLA Violated,2023-03-28 06:36:52.037,SLA Violated,3.0
1673,2023-03-26 01:33:29,2023-03-25 01:35:29,2023-03-25 01:35:18.652,Within SLA,2023-03-25 23:43:26.044,Within SLA,4.0
1674,2023-03-26 10:37:36,2023-03-24 11:37:36,2023-03-24 11:34:25.157,Within SLA,2023-03-24 14:10:41.570,Within SLA,
1675,2023-03-27 20:02:04,2023-03-25 21:02:04,2023-03-25 20:54:19.437,Within SLA,2023-03-26 13:01:07.036,Within SLA,5.0
1676,2023-03-27 21:27:15,2023-03-25 22:27:15,2023-03-25 22:02:38.771,Within SLA,,SLA Violated,
1677,2023-03-27 06:51:23,2023-03-25 07:51:23,2023-03-25 07:46:34.035,Within SLA,2023-03-27 01:21:48.706,Within SLA,2.0
1690,2023-03-27 17:36:41,2023-03-26 17:38:41,2023-03-26 17:37:54.787,Within SLA,2023-03-27 07:29:17.527,Within SLA,3.0
1691,2023-03-28 05:47:02,2023-03-26 05:49:02,2023-03-26 05:48:08.214,Within SLA,2023-03-31 00:51:29.670,SLA Violated,
1692,2023-03-29 20:55:41,2023-03-27 21:55:41,2023-03-27 21:24:29.641,Within SLA,,SLA Violated,
1693,2023-03-28 13:48:08,2023-03-27 13:50:08,2023-03-27 13:48:45.443,Within SLA,2023-03-31 16:13:42.218,SLA Violated,4.0
1694,2023-03-29 23:39:56,2023-03-28 00:39:56,2023-03-28 00:00:33.668,Within SLA,,SLA Violated,
1695,2023-03-28 12:57:08,2023-03-27 12:59:08,2023-03-27 12:57:46.476,Within SLA,2023-03-27 14:34:19.012,Within SLA,
1696,2023-03-29 18:12:36,2023-03-27 18:14:36,2023-03-27 18:12:36.876,Within SLA,,SLA Violated,
1697,2023-03-30 04:41:10,2023-03-28 04:43:10,2023-03-28 04:44:02.913,SLA Violated,,SLA Violated,
1698,2023-03-29 09:44:27,2023-03-28 09:46:27,2023-03-28 09:44:52.962,Within SLA,2023-03-29 07:29:53.369,Within SLA,
1699,2023-03-30 19:16:48,2023-03-28 20:16:48,2023-03-28 19:40:03.027,Within SLA,2023-03-29 14:34:11.117,Within SLA,4.0
1700,2023-03-30 20:37:36,2023-03-28 20:39:36,2023-03-28 20:38:27.452,Within SLA,2023-03-30 07:53:56.532,Within SLA,5.0
1701,2023-03-30 00:46:16,2023-03-29 00:48:16,2023-03-29 00:48:51.670,SLA Violated,,SLA Violated,
1702,2023-03-30 12:09:43,2023-03-28 13:09:43,2023-03-28 17:31:54.086,SLA Violated,2023-03-29 07:29:47.484,Within SLA,
1703,2023-03-31 15:10:19,2023-03-29 15:12:19,2023-03-29 15:11:45.007,Within SLA,2023-03-30 16:09:58.586,Within SLA,4.0
1704,2023-03-31 05:29:54,2023-03-29 06:29:54,2023-03-29 06:07:18.955,Within SLA,2023-03-29 14:30:05.418,Within SLA,
1705,2023-03-31 07:32:03,2023-03-29 08:32:03,2023-03-29 07:49:01.265,Within SLA,2023-03-31 07:02:11.849,Within SLA,4.0
1706,2023-03-31 21:06:26,2023-03-29 22:06:26,2023-03-29 21:49:23.200,Within SLA,,SLA Violated,
1707,2023-03-30 12:39:21,2023-03-29 12:41:21,2023-03-29 12:40:17.375,Within SLA,2023-03-29 13:17:28.861,Within SLA,
1708,2023-03-30 08:00:01,2023-03-29 08:02:01,2023-03-29 08:00:06.247,Within SLA,2023-03-30 03:29:25.719,Within SLA,4.0
1709,2023-03-31 00:14:43,2023-03-30 00:16:43,2023-03-30 00:16:25.212,Within SLA,,SLA Violated,
1710,2023-04-01 22:00:20,2023-03-30 23:00:20,2023-03-30 22:01:44.537,Within SLA,2023-03-31 13:04:42.530,Within SLA,4.0
1711,2023-04-01 19:51:14,2023-03-30 20:51:14,2023-03-30 20:42:28.606,Within SLA,2023-04-01 08:03:40.284,Within SLA,4.0
1712,2023-04-01 17:19:08,2023-03-30 18:19:08,2023-03-30 18:00:43.200,Within SLA,2023-03-31 23:26:03.501,Within SLA,4.0
1713,2023-04-01 15:29:45,2023-03-30 16:29:45,2023-03-30 15:45:25.722,Within SLA,2023-04-01 08:25:10.078,Within SLA,4.0
1714,2023-04-01 21:10:34,2023-03-30 22:10:34,2023-03-30 21:11:07.810,Within SLA,2023-04-01 02:27:16.581,Within SLA,1.0
1715,2023-04-02 02:34:43,2023-03-31 03:34:43,2023-03-31 02:58:41.948,Within SLA,2023-04-05 00:01:01.434,SLA Violated,3.0
1717,2023-03-31 08:23:37,2023-03-30 08:25:37,2023-03-30 08:27:13.688,SLA Violated,2023-03-31 07:13:03.357,Within SLA,3.0
1718,2023-04-01 02:31:49,2023-03-31 02:33:49,2023-03-31 02:32:50.454,Within SLA,2023-03-31 17:51:54.477,Within SLA,
1719,2023-03-31 11:13:06,2023-03-30 11:15:06,2023-03-30 11:13:38.154,Within SLA,,SLA Violated,
1720,2023-04-01 16:29:28,2023-03-30 17:29:28,2023-03-30 17:15:57.877,Within SLA,2023-04-01 01:35:36.487,Within SLA,
1721,2023-04-01 19:37:40,2023-03-30 20:37:40,2023-03-30 19:38:53.630,Within SLA,2023-04-01 04:45:41.094,Within SLA,3.0
1722,2023-04-01 00:59:16,2023-03-31 01:01:16,2023-03-31 00:59:37.687,Within SLA,2023-03-31 23:19:55.227,Within SLA,
1723,2023-04-02 08:57:23,2023-03-31 09:57:23,2023-03-31 08:58:36.590,Within SLA,2023-04-01 00:37:55.303,Within SLA,5.0
1725,2023-04-02 07:10:35,2023-03-31 08:10:35,2023-03-31 07:53:24.563,Within SLA,2023-04-03 22:45:08.652,SLA Violated,4.0
1726,2023-04-01 15:40:29,2023-03-31 15:42:29,2023-03-31 15:41:31.476,Within SLA,2023-03-31 19:33:54.477,Within SLA,4.0
1727,2023-04-01 12:54:42,2023-03-31 12:56:42,2023-03-31 12:56:24.236,Within SLA,2023-04-01 08:59:42.793,Within SLA,
1728,2023-04-02 21:02:56,2023-03-31 22:02:56,2023-03-31 21:30:19.485,Within SLA,2023-04-02 18:44:39.260,Within SLA,
1729,2023-04-03 02:38:17,2023-04-01 03:38:17,2023-04-01 02:59:12.068,Within SLA,,SLA Violated,
1730,2023-04-02 08:42:45,2023-04-01 08:44:45,2023-04-01 08:44:37.582,Within SLA,,SLA Violated,
1731,2023-04-03 23:34:47,2023-04-02 00:34:47,2023-04-02 00:12:35.353,Within SLA,2023-04-03 05:12:34.416,Within SLA,
1732,2023-04-03 23:44:41,2023-04-02 00:44:41,2023-04-02 04:46:44.186,SLA Violated,,SLA Violated,
1733,2023-04-03 23:19:16,2023-04-02 00:19:16,2023-04-02 00:07:01.262,Within SLA,2023-04-02 17:38:27.908,Within SLA,2.0
1748,2023-04-03 19:10:55,2023-04-02 19:12:55,2023-04-02 19:15:53.620,SLA Violated,2023-04-05 20:34:21.780,SLA Violated,3.0
1749,2023-04-04 08:44:24,2023-04-02 08:46:24,2023-04-02 08:45:00.222,Within SLA,,SLA Violated,
1750,2023-04-04 20:03:14,2023-04-02 20:05:14,2023-04-02 20:03:59.045,Within SLA,2023-04-06 14:28:20.097,SLA Violated,
1751,2023-04-04 19:53:36,2023-04-02 20:53:36,2023-04-02 20:17:30.401,Within SLA,2023-04-03 22:13:23.994,Within SLA,
1752,2023-04-04 03:30:34,2023-04-03 03:32:34,2023-04-03 03:35:25.271,SLA Violated,2023-04-04 00:34:51.272,Within SLA,4.0
1753,2023-04-05 09:55:15,2023-04-03 10:55:15,2023-04-03 10:06:33.922,Within SLA,2023-04-04 20:03:04.929,Within SLA,4.0
1754,2023-04-04 04:18:01,2023-04-03 04:20:01,2023-04-03 04:19:47.847,Within SLA,2023-04-03 13:32:50.386,Within SLA,5.0
1755,2023-04-05 08:51:54,2023-04-03 09:51:54,2023-04-03 09:44:07.647,Within SLA,2023-04-04 22:05:12.020,Within SLA,5.0
1756,2023-04-05 09:19:08,2023-04-03 10:19:08,2023-04-03 09:47:52.792,Within SLA,2023-04-04 13:47:28.263,Within SLA,
1757,2023-04-04 11:05:23,2023-04-03 11:07:23,2023-04-03 11:05:26.004,Within SLA,,SLA Violated,
1759,2023-04-04 21:17:33,2023-04-03 21:19:33,2023-04-03 21:18:17.892,Within SLA,2023-04-04 18:06:49.476,Within SLA,3.0
1761,2023-04-06 17:34:57,2023-04-04 18:34:57,2023-04-05 00:15:59.898,SLA Violated,2023-04-05 06:47:10.683,Within SLA,4.0
1762,2023-04-06 02:42:38,2023-04-05 02:44:38,2023-04-05 02:44:33.326,Within SLA,2023-04-06 20:31:45.536,SLA Violated,3.0
1763,2023-04-05 16:31:49,2023-04-04 16:33:49,2023-04-04 16:36:46.201,SLA Violated,2023-04-05 06:55:34.212,Within SLA,
1764,2023-04-05 12:56:01,2023-04-04 12:58:01,2023-04-04 12:57:43.259,Within SLA,2023-04-04 22:34:43.842,Within SLA,4.0
1765,2023-04-05 15:05:30,2023-04-04 15:07:30,2023-04-04 15:05:38.316,Within SLA,2023-04-05 05:55:44.008,Within SLA,
1766,2023-04-07 06:02:11,2023-04-05 07:02:11,2023-04-05 06:51:18.094,Within SLA,2023-04-05 12:47:58.502,Within SLA,4.0
1767,2023-04-06 14:03:11,2023-04-05 14:05:11,2023-04-05 14:04:28.180,Within SLA,2023-04-07 15:19:05.354,SLA Violated,3.0
1768,2023-04-07 01:15:23,2023-04-06 01:17:23,2023-04-06 01:16:40.783,Within SLA,,SLA Violated,
1769,2023-04-07 15:07:48,2023-04-05 16:07:48,2023-04-05 15:37:02.660,Within SLA,,SLA Violated,
1770,2023-04-07 20:27:41,2023-04-05 21:27:41,,SLA Violated,,SLA Violated,
1771,2023-04-06 11:14:31,2023-04-05 11:16:31,2023-04-05 11:15:05.002,Within SLA,2023-04-06 06:39:11.419,Within SLA,4.0
1772,2023-04-07 07:30:54,2023-04-06 07:32:54,2023-04-06 07:32:38.347,Within SLA,2023-04-06 08:31:02.587,Within SLA,5.0
1773,2023-04-08 21:18:15,2023-04-06 22:18:15,2023-04-06 21:45:14.492,Within SLA,2023-04-07 11:13:28.117,Within SLA,
1774,2023-04-08 06:59:03,2023-04-06 07:59:03,2023-04-06 07:39:49.376,Within SLA,2023-04-07 06:15:49.015,Within SLA,4.0
1775,2023-04-08 22:15:46,2023-04-06 23:15:46,2023-04-06 23:00:39.845,Within SLA,2023-04-08 11:58:44.577,Within SLA,4.0
1777,2023-04-08 08:54:37,2023-04-06 09:54:37,2023-04-06 09:44:36.797,Within SLA,2023-04-06 18:47:23.162,Within SLA,4.0
1778,2023-04-08 22:43:11,2023-04-06 23:43:11,2023-04-06 23:34:18.735,Within SLA,,SLA Violated,
1779,2023-04-09 06:13:34,2023-04-07 07:13:34,2023-04-07 07:01:51.838,Within SLA,2023-04-08 17:42:13.194,Within SLA,3.0
1780,2023-04-09 02:19:14,2023-04-08 02:21:14,2023-04-08 02:24:33.772,SLA Violated,2023-04-09 15:25:33.590,SLA Violated,
1782,2023-04-09 22:21:00,2023-04-07 23:21:00,2023-04-07 22:39:32.472,Within SLA,,SLA Violated,
1783,2023-04-09 09:02:22,2023-04-07 10:02:22,2023-04-07 09:18:28.230,Within SLA,2023-04-08 01:08:59.618,Within SLA,1.0
1784,2023-04-09 11:46:50,2023-04-07 12:46:50,2023-04-07 12:03:59.019,Within SLA,2023-04-08 22:08:43.269,Within SLA,4.0
1801,2023-04-11 15:16:06,2023-04-09 15:18:06,2023-04-09 15:17:29.546,Within SLA,,SLA Violated,
1802,2023-04-10 22:24:07,2023-04-09 22:26:07,2023-04-09 22:24:07.401,Within SLA,,SLA Violated,
1803,2023-04-11 05:54:49,2023-04-09 06:54:49,2023-04-09 06:31:16.053,Within SLA,2023-04-11 02:57:35.709,Within SLA,4.0
1804,2023-04-10 21:35:53,2023-04-09 21:37:53,2023-04-09 21:36:50.882,Within SLA,,SLA Violated,
1805,2023-04-11 20:50:10,2023-04-09 21:50:10,2023-04-09 21:34:55.558,Within SLA,2023-04-10 12:09:14.993,Within SLA,
1806,2023-04-11 05:08:39,2023-04-09 06:08:39,2023-04-09 07:45:29.349,SLA Violated,2023-04-10 12:28:57.837,Within SLA,1.0
1807,2023-04-12 20:07:38,2023-04-10 21:07:38,2023-04-10 20:39:13.721,Within SLA,,SLA Violated,
1808,2023-04-12 02:37:41,2023-04-11 02:39:41,2023-04-11 02:37:48.134,Within SLA,2023-04-11 15:57:15.881,Within SLA,
1809,2023-04-11 16:36:32,2023-04-10 16:38:32,2023-04-10 16:38:22.629,Within SLA,2023-04-10 16:50:51.911,Within SLA,4.0
1810,2023-04-11 16:46:24,2023-04-10 16:48:24,2023-04-10 16:50:10.895,SLA Violated,2023-04-11 04:11:43.652,Within SLA,2.0
1811,2023-04-12 20:21:25,2023-04-10 21:21:25,2023-04-10 20:40:07.242,Within SLA,2023-04-12 11:12:02.988,Within SLA,4.0
1812,2023-04-12 23:44:07,2023-04-10 23:46:07,2023-04-10 23:44:18.651,Within SLA,,SLA Violated,
1813,2023-04-12 02:39:59,2023-04-11 02:41:59,2023-04-11 02:41:25.915,Within SLA,,SLA Violated,
1814,2023-04-13 12:22:38,2023-04-11 13:22:38,2023-04-11 13:17:03.241,Within SLA,2023-04-13 14:31:22.837,SLA Violated,4.0
1815,2023-04-12 21:54:18,2023-04-11 21:56:18,2023-04-11 21:54:44.069,Within SLA,2023-04-11 23:39:36.310,Within SLA,5.0
1816,2023-04-13 05:46:54,2023-04-11 05:48:54,2023-04-11 05:50:42.780,SLA Violated,2023-04-11 09:46:09.190,Within SLA,1.0
1817,2023-04-13 05:35:11,2023-04-11 06:35:11,2023-04-11 05:46:52.065,Within SLA,2023-04-12 02:55:17.358,Within SLA,
1818,2023-04-12 13:01:04,2023-04-11 13:03:04,2023-04-11 13:01:56.891,Within SLA,2023-04-11 15:41:50.880,Within SLA,
1819,2023-04-13 15:17:59,2023-04-11 16:17:59,2023-04-11 15:43:48.712,Within SLA,2023-04-12 09:01:52.062,Within SLA,
1820,2023-04-13 21:12:33,2023-04-11 22:12:33,2023-04-11 21:38:03.466,Within SLA,2023-04-13 08:22:46.522,Within SLA,
1821,2023-04-13 21:28:21,2023-04-11 22:28:21,2023-04-11 21:57:04.242,Within SLA,,SLA Violated,
1822,2023-04-13 21:15:06,2023-04-11 21:17:06,2023-04-11 21:16:14.068,Within SLA,2023-04-13 18:36:20.240,Within SLA,3.0
1823,2023-04-12 11:16:39,2023-04-11 11:18:39,2023-04-11 11:18:12.058,Within SLA,,SLA Violated,
1824,2023-04-12 04:07:48,2023-04-11 04:09:48,2023-04-11 04:08:37.165,Within SLA,2023-04-11 15:06:40.521,Within SLA,
1825,2023-04-13 17:44:37,2023-04-11 18:44:37,2023-04-11 17:49:27.132,Within SLA,2023-04-12 19:40:00.658,Within SLA,4.0
1826,2023-04-13 09:24:50,2023-04-12 09:26:50,2023-04-12 09:24:52.171,Within SLA,2023-04-12 10:26:02.502,Within SLA,
1827,2023-04-14 06:54:55,2023-04-12 07:54:55,2023-04-12 13:25:30.528,SLA Violated,2023-04-14 06:45:59.718,Within SLA,
1828,2023-04-14 19:36:14,2023-04-12 19:38:14,2023-04-12 19:36:18.309,Within SLA,2023-04-15 17:19:55.038,SLA Violated,4.0
1829,2023-04-14 03:18:18,2023-04-13 03:20:18,2023-04-13 03:22:07.115,SLA Violated,2023-04-16 01:38:33.388,SLA Violated,
1830,2023-04-14 03:28:44,2023-04-13 03:30:44,2023-04-13 03:29:29.286,Within SLA,2023-04-16 18:22:47.527,SLA Violated,5.0
1831,2023-04-14 12:21:31,2023-04-12 13:21:31,2023-04-12 12:59:02.751,Within SLA,,SLA Violated,
1832,2023-04-14 12:29:48,2023-04-12 13:29:48,2023-04-12 13:00:22.868,Within SLA,,SLA Violated,
1833,2023-04-14 18:38:23,2023-04-12 19:38:23,2023-04-12 19:07:18.399,Within SLA,2023-04-14 08:45:43.148,Within SLA,
1834,2023-04-15 22:53:11,2023-04-13 23:53:11,2023-04-13 23:51:19.635,Within SLA,2023-04-14 07:27:43.216,Within SLA,
1835,2023-04-15 23:59:15,2023-04-14 00:01:15,2023-04-14 00:01:13.321,Within SLA,2023-04-15 19:27:18.168,Within SLA,5.0
1836,2023-04-15 02:21:58,2023-04-14 02:23:58,2023-04-14 02:23:11.243,Within SLA,2023-04-14 14:07:33.970,Within SLA,3.0
1838,2023-04-14 05:38:11,2023-04-13 05:40:11,2023-04-13 05:39:04.045,Within SLA,2023-04-13 19:40:36.604,Within SLA,
1839,2023-04-16 01:53:53,2023-04-14 02:53:53,2023-04-14 02:01:38.380,Within SLA,2023-04-14 15:07:40.907,Within SLA,5.0
1840,2023-04-14 04:46:33,2023-04-13 04:48:33,2023-04-13 04:47:29.777,Within SLA,,SLA Violated,
1841,2023-04-15 07:49:42,2023-04-13 08:49:42,2023-04-13 07:51:05.711,Within SLA,2023-04-14 18:03:48.646,Within SLA,5.0
1842,2023-04-15 14:24:24,2023-04-14 14:26:24,2023-04-14 14:25:12.466,Within SLA,2023-04-15 13:53:26.213,Within SLA,3.0
1844,2023-04-15 05:08:18,2023-04-14 05:10:18,2023-04-14 05:08:36.110,Within SLA,2023-04-16 16:44:37.851,SLA Violated,
1845,2023-04-15 17:04:45,2023-04-14 17:06:45,2023-04-14 17:10:26.911,SLA Violated,2023-04-14 19:01:36.222,Within SLA,5.0
1846,2023-04-17 23:19:28,2023-04-16 00:19:28,2023-04-15 23:25:52.928,Within SLA,2023-04-16 13:26:26.061,Within SLA,4.0
1847,2023-04-17 23:16:48,2023-04-16 00:16:48,2023-04-15 23:58:48.300,Within SLA,2023-04-17 17:55:14.173,Within SLA,1.0
1849,2023-04-16 18:20:11,2023-04-15 18:22:11,2023-04-15 18:23:24.764,SLA Violated,,SLA Violated,
1858,2023-04-17 12:24:34,2023-04-16 12:26:34,2023-04-16 12:25:45.449,Within SLA,2023-04-16 15:39:02.144,Within SLA,
1859,2023-04-18 01:38:28,2023-04-17 01:40:28,2023-04-17 01:40:14.403,Within SLA,,SLA Violated,
1860,2023-04-18 12:37:24,2023-04-16 13:37:24,2023-04-16 13:12:12.725,Within SLA,2023-04-18 18:42:57.722,SLA Violated,
1861,2023-04-18 12:28:16,2023-04-16 13:28:16,2023-04-16 16:58:06.634,SLA Violated,2023-04-16 12:51:36.925,Within SLA,
1862,2023-04-18 02:55:36,2023-04-17 02:57:36,2023-04-17 02:56:49.060,Within SLA,2023-04-17 12:29:33.606,Within SLA,
1863,2023-04-19 19:18:43,2023-04-17 20:18:43,2023-04-17 19:45:07.405,Within SLA,2023-04-19 15:13:21.997,Within SLA,3.0
1864,2023-04-19 20:20:30,2023-04-17 21:20:30,2023-04-17 21:14:28.563,Within SLA,2023-04-18 00:16:38.485,Within SLA,4.0
1865,2023-04-18 16:14:44,2023-04-17 16:16:44,2023-04-17 16:16:25.429,Within SLA,2023-04-17 21:46:34.565,Within SLA,4.0
1866,2023-04-19 23:02:22,2023-04-18 00:02:22,2023-04-18 05:19:45.954,SLA Violated,,SLA Violated,
1867,2023-04-18 19:48:18,2023-04-17 19:50:18,2023-04-17 19:48:45.481,Within SLA,2023-04-18 15:31:09.609,Within SLA,1.0
1868,2023-04-19 17:01:40,2023-04-17 17:03:40,2023-04-17 17:01:46.665,Within SLA,2023-04-22 10:28:14.225,SLA Violated,
1869,2023-04-19 08:59:54,2023-04-17 09:59:54,2023-04-17 09:06:25.426,Within SLA,2023-04-18 22:14:34.093,Within SLA,
1870,2023-04-21 01:47:02,2023-04-19 02:47:02,2023-04-19 01:51:37.001,Within SLA,2023-04-19 12:04:05.220,Within SLA,5.0
1871,2023-04-20 21:48:33,2023-04-18 22:48:33,2023-04-18 22:19:58.939,Within SLA,2023-04-19 10:10:27.493,Within SLA,1.0
1872,2023-04-20 17:56:21,2023-04-18 18:56:21,2023-04-18 18:25:41.720,Within SLA,2023-04-19 06:06:18.149,Within SLA,5.0
1873,2023-04-20 20:22:40,2023-04-18 20:24:40,2023-04-18 20:23:05.826,Within SLA,2023-04-19 13:22:55.824,Within SLA,1.0
1874,2023-04-20 12:58:20,2023-04-18 13:58:20,2023-04-18 13:04:16.695,Within SLA,,SLA Violated,
1875,2023-04-19 16:00:17,2023-04-18 16:02:17,2023-04-18 16:02:08.282,Within SLA,2023-04-18 21:27:12.720,Within SLA,
1876,2023-04-20 22:29:18,2023-04-18 23:29:18,2023-04-18 22:48:22.082,Within SLA,2023-04-19 14:02:20.830,Within SLA,4.0
1877,2023-04-20 21:37:19,2023-04-18 22:37:19,2023-04-18 21:41:28.270,Within SLA,2023-04-20 17:23:07.856,Within SLA,
1878,2023-04-20 16:51:38,2023-04-18 17:51:38,2023-04-18 17:00:28.733,Within SLA,2023-04-20 06:33:18.943,Within SLA,4.0
1879,2023-04-21 02:00:04,2023-04-19 03:00:04,2023-04-19 02:02:29.953,Within SLA,,SLA Violated,
1880,2023-04-21 17:44:33,2023-04-19 18:44:33,2023-04-19 18:41:13.167,Within SLA,2023-04-20 19:08:42.506,Within SLA,
1881,2023-04-21 02:56:27,2023-04-20 02:58:27,2023-04-20 02:58:21.525,Within SLA,2023-04-21 02:01:24.127,Within SLA,
1882,2023-04-20 06:54:38,2023-04-19 06:56:38,2023-04-19 06:59:46.073,SLA Violated,2023-04-22 07:55:56.484,SLA Violated,
1883,2023-04-20 19:12:56,2023-04-19 19:14:56,2023-04-19 19:14:04.275,Within SLA,,SLA Violated,
1884,2023-04-21 17:35:20,2023-04-19 18:35:20,2023-04-20 00:51:45.427,SLA Violated,2023-04-19 20:33:08.898,Within SLA,3.0
1885,2023-04-21 04:38:17,2023-04-19 04:40:17,2023-04-19 04:40:54.091,SLA Violated,2023-04-20 17:31:09.370,Within SLA,3.0
1886,2023-04-20 09:03:07,2023-04-19 09:05:07,2023-04-19 09:04:44.830,Within SLA,2023-04-20 04:54:55.133,Within SLA,
1887,2023-04-20 09:08:23,2023-04-19 09:10:23,2023-04-19 09:09:56.791,Within SLA,2023-04-21 16:57:06.675,SLA Violated,2.0
1888,2023-04-22 09:20:43,2023-04-20 10:20:43,2023-04-20 10:12:17.519,Within SLA,,SLA Violated,
1889,2023-04-22 07:15:00,2023-04-20 08:15:00,2023-04-20 08:02:36.991,Within SLA,2023-04-21 07:15:12.579,Within SLA,1.0
1890,2023-04-22 06:50:32,2023-04-20 07:50:32,2023-04-20 06:54:32.078,Within SLA,2023-04-21 07:23:22.855,Within SLA,
1891,2023-04-22 08:04:48,2023-04-20 09:04:48,2023-04-20 08:17:18.221,Within SLA,2023-04-21 10:25:31.320,Within SLA,
1892,2023-04-22 14:08:09,2023-04-20 15:08:09,2023-04-20 14:24:12.633,Within SLA,2023-04-20 23:51:38.004,Within SLA,
1893,2023-04-22 12:25:00,2023-04-20 12:27:00,2023-04-20 12:26:22.985,Within SLA,2023-04-21 08:14:40.511,Within SLA,4.0
1894,2023-04-22 03:58:35,2023-04-21 04:00:35,2023-04-21 03:58:37.889,Within SLA,2023-04-25 08:53:54.712,SLA Violated,
1895,2023-04-22 04:51:56,2023-04-20 05:51:56,2023-04-20 05:28:01.350,Within SLA,2023-04-21 14:08:57.985,Within SLA,3.0
1896,2023-04-22 23:33:22,2023-04-21 00:33:22,2023-04-21 00:16:58.100,Within SLA,2023-04-22 20:26:36.944,Within SLA,4.0
1897,2023-04-22 18:40:38,2023-04-21 18:42:38,2023-04-21 18:40:48.142,Within SLA,2023-04-22 08:29:32.153,Within SLA,
1898,2023-04-23 22:39:35,2023-04-21 23:39:35,2023-04-21 22:42:07.282,Within SLA,2023-04-22 04:37:36.335,Within SLA,
1899,2023-04-23 19:42:29,2023-04-21 20:42:29,2023-04-21 19:55:25.605,Within SLA,,SLA Violated,
1900,2023-04-23 22:14:08,2023-04-21 23:14:08,2023-04-21 22:56:24.155,Within SLA,,SLA Violated,
1901,2023-04-23 07:00:43,2023-04-21 08:00:43,2023-04-21 07:19:12.917,Within SLA,2023-04-22 11:33:19.142,Within SLA,4.0
1902,2023-04-23 02:59:18,2023-04-22 03:01:18,2023-04-22 03:02:53.646,SLA Violated,2023-04-25 10:52:11.439,SLA Violated,
1903,2023-04-23 21:29:36,2023-04-21 21:31:36,2023-04-21 21:34:48.030,SLA Violated,2023-04-23 08:28:01.678,Within SLA,
1904,2023-04-22 10:37:18,2023-04-21 10:39:18,2023-04-21 10:38:29.234,Within SLA,2023-04-21 20:34:17.277,Within SLA,
1905,2023-04-25 02:56:34,2023-04-23 03:56:34,2023-04-23 04:51:10.020,SLA Violated,,SLA Violated,
1911,2023-04-25 10:37:05,2023-04-23 11:37:05,2023-04-23 11:11:55.098,Within SLA,2023-04-23 19:12:44.230,Within SLA,5.0
1912,2023-04-24 20:15:55,2023-04-23 20:17:55,2023-04-23 20:17:46.758,Within SLA,2023-04-24 06:33:04.212,Within SLA,
1913,2023-04-24 21:18:47,2023-04-23 21:20:47,2023-04-23 21:19:40.224,Within SLA,2023-04-24 14:50:46.021,Within SLA,
1914,2023-04-26 15:26:34,2023-04-24 16:26:34,2023-04-24 16:13:04.786,Within SLA,2023-04-24 17:32:01.408,Within SLA,1.0
1915,2023-04-26 11:32:10,2023-04-24 11:34:10,2023-04-24 11:33:15.801,Within SLA,,SLA Violated,
1916,2023-04-26 12:29:14,2023-04-24 13:29:14,2023-04-24 12:30:13.582,Within SLA,2023-04-26 04:55:27.002,Within SLA,4.0
1917,2023-04-26 13:05:20,2023-04-24 14:05:20,2023-04-24 13:46:46.587,Within SLA,2023-04-24 23:12:42.998,Within SLA,4.0
1918,2023-04-26 06:39:48,2023-04-24 07:39:48,2023-04-24 07:23:36.675,Within SLA,2023-04-26 05:17:47.832,Within SLA,
1919,2023-04-25 09:18:34,2023-04-24 09:20:34,2023-04-24 09:22:48.089,SLA Violated,,SLA Violated,
1920,2023-04-26 21:08:16,2023-04-24 22:08:16,2023-04-24 21:16:07.826,Within SLA,2023-04-25 20:33:11.829,Within SLA,5.0
1921,2023-04-25 17:49:38,2023-04-24 17:51:38,2023-04-24 17:49:54.649,Within SLA,2023-04-24 22:16:37.347,Within SLA,
1922,2023-04-26 05:45:52,2023-04-24 06:45:52,2023-04-24 05:49:11.007,Within SLA,,SLA Violated,
1923,2023-04-26 23:44:53,2023-04-25 23:46:53,2023-04-25 23:46:04.927,Within SLA,2023-04-29 23:50:10.060,SLA Violated,4.0
1924,2023-04-27 01:29:53,2023-04-26 01:31:53,2023-04-26 01:31:03.482,Within SLA,2023-04-28 21:26:42.569,SLA Violated,3.0
1925,2023-04-27 08:12:52,2023-04-25 09:12:52,2023-04-25 13:34:16.723,SLA Violated,2023-04-25 11:22:50.074,Within SLA,
1927,2023-04-26 19:06:36,2023-04-25 19:08:36,2023-04-25 19:07:02.461,Within SLA,,SLA Violated,
1928,2023-04-27 04:40:34,2023-04-25 05:40:34,2023-04-25 04:55:20.044,Within SLA,,SLA Violated,
1929,2023-04-28 03:46:34,2023-04-26 04:46:34,2023-04-26 03:49:39.697,Within SLA,2023-04-27 10:08:07.734,Within SLA,1.0
1930,2023-04-26 20:29:32,2023-04-25 20:31:32,2023-04-25 20:29:48.033,Within SLA,2023-04-26 01:14:27.484,Within SLA,2.0
1931,2023-04-28 07:07:27,2023-04-26 08:07:27,2023-04-26 07:24:25.422,Within SLA,2023-04-28 05:51:22.632,Within SLA,4.0
1932,2023-04-28 15:36:51,2023-04-26 16:36:51,,SLA Violated,,SLA Violated,
1933,2023-04-28 01:03:39,2023-04-27 01:05:39,2023-04-27 01:09:02.475,SLA Violated,2023-04-27 09:16:26.730,Within SLA,4.0
1934,2023-04-28 16:39:40,2023-04-26 17:39:40,2023-04-26 16:47:26.240,Within SLA,2023-04-27 05:18:01.745,Within SLA,2.0
1937,2023-04-30 08:17:19,2023-04-28 09:17:19,2023-04-28 08:21:06.983,Within SLA,2023-04-28 22:03:59.063,Within SLA,4.0
1938,2023-04-30 16:45:26,2023-04-28 17:45:26,2023-04-28 17:10:11.975,Within SLA,2023-04-28 19:11:05.386,Within SLA,5.0
1939,2023-04-29 05:42:28,2023-04-28 05:44:28,2023-04-28 05:43:46.920,Within SLA,,SLA Violated,
1940,2023-04-29 12:54:40,2023-04-28 12:56:40,2023-04-28 12:58:35.290,SLA Violated,2023-04-28 13:16:42.380,Within SLA,4.0
1942,2023-04-30 04:22:07,2023-04-28 05:22:07,2023-04-28 04:54:02.721,Within SLA,2023-04-29 15:03:58.694,Within SLA,4.0
1943,2023-05-01 03:21:47,2023-04-29 04:21:47,2023-04-29 03:22:59.319,Within SLA,2023-04-29 16:31:17.176,Within SLA,
1945,2023-04-30 17:16:32,2023-04-29 17:18:32,2023-04-29 17:17:00.488,Within SLA,2023-04-30 09:55:36.523,Within SLA,
1946,2023-05-01 13:39:04,2023-04-29 14:39:04,2023-04-29 13:50:32.752,Within SLA,2023-05-01 19:12:24.500,SLA Violated,4.0
1956,2023-05-01 06:53:31,2023-04-29 07:53:31,2023-04-29 07:52:54.094,Within SLA,2023-04-29 07:39:12.723,Within SLA,
1957,2023-05-01 05:59:28,2023-04-29 06:59:28,2023-04-29 12:17:20.367,SLA Violated,2023-04-29 16:42:42.538,Within SLA,
1958,2023-04-30 22:57:03,2023-04-29 22:59:03,2023-04-29 22:58:57.242,Within SLA,2023-04-29 23:09:44.405,Within SLA,
1959,2023-05-01 13:21:27,2023-04-29 14:21:27,2023-04-29 13:35:19.362,Within SLA,2023-04-29 17:49:53.616,Within SLA,2.0
1960,2023-05-02 08:40:44,2023-04-30 09:40:44,2023-04-30 08:42:41.615,Within SLA,2023-05-01 03:16:11.135,Within SLA,2.0
1961,2023-05-02 15:33:18,2023-04-30 16:33:18,2023-04-30 15:42:53.472,Within SLA,2023-05-04 13:47:43.268,SLA Violated,5.0
1962,2023-05-02 23:22:21,2023-05-01 00:22:21,2023-04-30 23:23:19.974,Within SLA,,SLA Violated,
1963,2023-05-03 00:47:07,2023-05-01 00:49:07,2023-05-01 00:51:49.046,SLA Violated,2023-05-01 11:56:37.571,Within SLA,4.0
1964,2023-05-02 23:57:12,2023-05-01 00:57:12,2023-05-01 00:23:23.619,Within SLA,2023-05-02 14:27:38.849,Within SLA,
1965,2023-05-02 05:00:56,2023-04-30 06:00:56,2023-04-30 05:42:02.795,Within SLA,2023-05-01 20:23:02.503,Within SLA,2.0
1966,2023-05-01 12:01:49,2023-04-30 12:03:49,2023-04-30 12:02:01.768,Within SLA,2023-04-30 16:47:31.050,Within SLA,2.0
1974,2023-05-03 07:26:27,2023-05-01 08:26:27,2023-05-01 07:54:44.619,Within SLA,,SLA Violated,
1975,2023-05-03 04:15:50,2023-05-01 05:15:50,2023-05-01 04:32:59.619,Within SLA,2023-05-02 11:29:48.377,Within SLA,
1976,2023-05-03 21:16:37,2023-05-01 22:16:37,2023-05-01 22:06:31.413,Within SLA,2023-05-03 05:01:26.155,Within SLA,5.0
1977,2023-05-03 23:32:21,2023-05-02 00:32:21,2023-05-02 02:13:54.495,SLA Violated,2023-05-02 22:41:22.634,Within SLA,4.0
1978,2023-05-03 18:14:01,2023-05-01 18:16:01,2023-05-01 18:15:42.173,Within SLA,2023-05-04 05:10:48.671,SLA Violated,
1979,2023-05-04 01:28:26,2023-05-02 01:30:26,2023-05-02 01:29:49.954,Within SLA,2023-05-06 12:49:13.738,SLA Violated,4.0
1980,2023-05-03 10:56:45,2023-05-01 11:56:45,2023-05-01 11:10:39.985,Within SLA,2023-05-02 04:53:28.369,Within SLA,3.0
1981,2023-05-03 12:53:32,2023-05-01 13:53:32,2023-05-01 13:50:19.644,Within SLA,2023-05-02 06:25:44.137,Within SLA,
1982,2023-05-03 22:01:41,2023-05-01 22:03:41,2023-05-01 22:03:40.166,Within SLA,2023-05-02 08:36:28.119,Within SLA,4.0
1983,2023-05-02 20:05:00,2023-05-01 20:07:00,2023-05-01 20:06:25.825,Within SLA,,SLA Violated,
1984,2023-05-02 14:53:43,2023-05-01 14:55:43,2023-05-01 14:59:27.415,SLA Violated,,SLA Violated,
1985,2023-05-04 14:43:37,2023-05-02 15:43:37,2023-05-02 15:21:02.987,Within SLA,2023-05-03 12:39:01.662,Within SLA,
1986,2023-05-05 03:45:36,2023-05-03 04:45:36,2023-05-03 04:25:13.679,Within SLA,2023-05-03 11:32:27.458,Within SLA,4.0
1987,2023-05-04 12:46:52,2023-05-02 13:46:52,2023-05-02 13:11:44.158,Within SLA,2023-05-06 00:31:52.790,SLA Violated,5.0
1988,2023-05-03 19:29:28,2023-05-02 19:31:28,2023-05-02 19:31:05.404,Within SLA,2023-05-03 01:10:46.769,Within SLA,
1989,2023-05-04 21:56:22,2023-05-02 21:58:22,2023-05-02 21:58:19.756,Within SLA,,SLA Violated,
1990,2023-05-04 08:01:40,2023-05-02 09:01:40,2023-05-02 08:12:46.131,Within SLA,2023-05-03 10:28:56.095,Within SLA,
1991,2023-05-03 15:10:59,2023-05-02 15:12:59,2023-05-02 15:12:22.226,Within SLA,2023-05-02 16:18:08.074,Within SLA,3.0
1992,2023-05-04 20:16:34,2023-05-02 20:18:34,2023-05-02 20:18:17.560,Within SLA,2023-05-06 03:29:22.395,SLA Violated,
1993,2023-05-04 20:37:56,2023-05-02 20:39:56,2023-05-02 20:39:09.619,Within SLA,2023-05-03 14:24:16.776,Within SLA,3.0
1994,2023-05-04 01:28:57,2023-05-03 01:30:57,2023-05-03 01:29:54.758,Within SLA,2023-05-03 09:45:44.283,Within SLA,
1995,2023-05-05 08:53:08,2023-05-03 08:55:08,2023-05-03 08:53:46.091,Within SLA,2023-05-03 18:13:03.669,Within SLA,
1996,2023-05-05 20:14:03,2023-05-03 20:16:03,2023-05-03 20:14:30.816,Within SLA,2023-05-08 10:38:13.888,SLA Violated,3.0
1997,2023-05-05 17:03:01,2023-05-03 18:03:01,2023-05-03 17:20:50.595,Within SLA,2023-05-05 12:17:17.568,Within SLA,
1998,2023-05-05 20:48:44,2023-05-03 21:48:44,2023-05-03 21:44:25.215,Within SLA,2023-05-03 21:12:10.716,Within SLA,3.0
1999,2023-05-05 22:09:48,2023-05-03 22:11:48,2023-05-03 22:13:46.254,SLA Violated,,SLA Violated,
2000,2023-05-05 14:20:16,2023-05-03 15:20:16,2023-05-03 15:08:44.076,Within SLA,,SLA Violated,
2001,2023-05-05 12:38:01,2023-05-03 13:38:01,2023-05-03 18:06:43.016,SLA Violated,2023-05-05 04:13:10.479,Within SLA,
2002,2023-05-05 10:59:01,2023-05-03 11:59:01,2023-05-03 11:25:36.678,Within SLA,,SLA Violated,
2003,2023-05-05 03:36:36,2023-05-04 03:38:36,2023-05-04 03:37:39.061,Within SLA,2023-05-05 01:33:15.774,Within SLA,
2004,2023-05-05 13:38:59,2023-05-03 14:38:59,2023-05-03 14:06:09.512,Within SLA,2023-05-05 10:42:26.940,Within SLA,
2005,2023-05-06 01:34:00,2023-05-04 02:34:00,2023-05-04 01:54:32.021,Within SLA,2023-05-04 16:04:50.547,Within SLA,4.0
2006,2023-05-05 09:48:01,2023-05-03 10:48:01,2023-05-03 10:00:32.429,Within SLA,2023-05-04 03:26:56.894,Within SLA,5.0
2007,2023-05-05 23:26:02,2023-05-04 23:28:02,2023-05-04 23:27:18.236,Within SLA,2023-05-05 19:30:31.785,Within SLA,1.0
2008,2023-05-05 05:22:03,2023-05-04 05:24:03,2023-05-04 05:22:36.976,Within SLA,2023-05-07 20:18:42.599,SLA Violated,5.0
2010,2023-05-06 15:42:39,2023-05-04 16:42:39,2023-05-04 16:55:02.410,SLA Violated,,SLA Violated,
2011,2023-05-06 18:09:14,2023-05-05 18:11:14,2023-05-05 18:12:30.724,SLA Violated,2023-05-06 05:28:08.321,Within SLA,4.0
2012,2023-05-07 03:50:12,2023-05-06 03:52:12,2023-05-06 03:50:35.625,Within SLA,2023-05-06 13:49:23.216,Within SLA,5.0
2014,2023-05-07 14:41:49,2023-05-05 15:41:49,2023-05-05 14:42:30.168,Within SLA,2023-05-06 21:28:10.023,Within SLA,2.0
2015,2023-05-07 07:03:46,2023-05-05 08:03:46,2023-05-05 07:22:22.394,Within SLA,2023-05-05 08:38:40.402,Within SLA,5.0
2016,2023-05-07 20:30:48,2023-05-05 21:30:48,2023-05-05 20:52:26.152,Within SLA,,SLA Violated,
2017,2023-05-07 05:32:00,2023-05-05 06:32:00,2023-05-05 06:07:44.793,Within SLA,2023-05-06 05:50:44.624,Within SLA,3.0
2018,2023-05-06 19:10:06,2023-05-05 19:12:06,2023-05-05 19:10:20.262,Within SLA,2023-05-06 06:33:43.785,Within SLA,5.0
2019,2023-05-06 09:54:12,2023-05-05 09:56:12,2023-05-05 09:55:04.599,Within SLA,2023-05-05 12:51:42.589,Within SLA,
2020,2023-05-07 13:06:10,2023-05-05 14:06:10,2023-05-05 13:48:53.779,Within SLA,2023-05-05 18:45:31.902,Within SLA,4.0
2021,2023-05-06 19:16:20,2023-05-05 19:18:20,2023-05-05 19:17:50.007,Within SLA,,SLA Violated,
2022,2023-05-07 10:02:46,2023-05-05 11:02:46,2023-05-05 10:50:01.092,Within SLA,2023-05-06 17:19:59.362,Within SLA,5.0
2023,2023-05-07 11:13:24,2023-05-05 12:13:24,2023-05-05 15:48:57.581,SLA Violated,2023-05-08 06:26:46.490,SLA Violated,5.0
2028,2023-05-09 03:05:51,2023-05-07 04:05:51,2023-05-07 04:05:45.064,Within SLA,2023-05-12 20:23:19.750,SLA Violated,2.0
2029,2023-05-08 12:37:48,2023-05-06 13:37:48,2023-05-06 16:57:00.492,SLA Violated,2023-05-07 14:03:24.288,Within SLA,
2030,2023-05-09 01:39:46,2023-05-07 02:39:46,2023-05-07 01:52:02.501,Within SLA,2023-05-08 20:57:35.272,Within SLA,1.0
2031,2023-05-09 00:26:09,2023-05-08 00:28:09,2023-05-08 00:26:27.168,Within SLA,,SLA Violated,
2032,2023-05-08 12:37:05,2023-05-07 12:39:05,2023-05-07 12:39:15.192,SLA Violated,2023-05-08 04:45:53.564,Within SLA,
2034,2023-05-09 06:10:20,2023-05-07 07:10:20,2023-05-07 06:16:33.732,Within SLA,2023-05-09 02:05:41.204,Within SLA,4.0
2035,2023-05-09 09:31:03,2023-05-07 10:31:03,2023-05-07 10:21:14.601,Within SLA,2023-05-07 22:18:45.985,Within SLA,3.0
2036,2023-05-10 17:48:01,2023-05-08 18:48:01,2023-05-08 17:57:58.406,Within SLA,2023-05-09 02:33:52.210,Within SLA,1.0
2039,2023-05-10 21:48:29,2023-05-08 22:48:29,2023-05-08 21:59:51.334,Within SLA,2023-05-08 22:48:43.959,Within SLA,4.0
2040,2023-05-10 05:35:22,2023-05-08 06:35:22,2023-05-08 06:05:51.306,Within SLA,2023-05-09 05:17:11.475,Within SLA,
2041,2023-05-10 15:40:37,2023-05-08 16:40:37,2023-05-08 16:03:56.692,Within SLA,2023-05-10 01:05:57.417,Within SLA,
2042,2023-05-11 00:38:25,2023-05-09 01:38:25,2023-05-09 01:00:54.838,Within SLA,,SLA Violated,
2044,2023-05-10 08:50:43,2023-05-09 08:52:43,2023-05-09 08:52:13.975,Within SLA,,SLA Violated,
2045,2023-05-10 16:52:20,2023-05-09 16:54:20,2023-05-09 16:53:08.934,Within SLA,2023-05-09 20:16:19.166,Within SLA,4.0
2046,2023-05-11 09:51:28,2023-05-09 10:51:28,2023-05-09 10:11:37.086,Within SLA,2023-05-10 18:49:35.589,Within SLA,
2048,2023-05-11 15:18:13,2023-05-09 16:18:13,2023-05-09 15:24:30.640,Within SLA,,SLA Violated,
2049,2023-05-11 18:34:05,2023-05-09 19:34:05,2023-05-09 18:38:01.358,Within SLA,,SLA Violated,
2050,2023-05-10 21:18:14,2023-05-09 21:20:14,2023-05-09 21:19:21.083,Within SLA,2023-05-10 06:22:10.847,Within SLA,
2051,2023-05-10 14:37:17,2023-05-09 14:39:17,2023-05-09 14:40:58.018,SLA Violated,2023-05-11 15:01:14.464,SLA Violated,3.0
2052,2023-05-11 08:26:33,2023-05-09 09:26:33,2023-05-09 13:03:44.653,SLA Violated,2023-05-10 17:57:57.258,Within SLA,4.0
2053,2023-05-11 12:52:46,2023-05-10 12:54:46,2023-05-10 12:57:06.480,SLA Violated,2023-05-11 12:04:29.005,Within SLA,5.0
2054,2023-05-12 09:10:23,2023-05-10 10:10:23,2023-05-10 09:25:19.630,Within SLA,,SLA Violated,
2055,2023-05-12 15:21:39,2023-05-10 16:21:39,2023-05-10 16:02:50.066,Within SLA,,SLA Violated,
2056,2023-05-11 11:53:38,2023-05-10 11:55:38,2023-05-10 11:55:32.444,Within SLA,2023-05-10 22:42:29.622,Within SLA,
2057,2023-05-11 11:28:39,2023-05-10 11:30:39,2023-05-10 11:29:55.719,Within SLA,,SLA Violated,
2058,2023-05-12 21:27:13,2023-05-11 21:29:13,2023-05-11 21:28:18.420,Within SLA,2023-05-17 03:14:33.948,SLA Violated,3.0
2059,2023-05-13 13:22:13,2023-05-11 14:22:13,2023-05-11 13:23:09.564,Within SLA,2023-05-12 06:00:11.956,Within SLA,4.0
2060,2023-05-13 16:59:40,2023-05-11 17:59:40,2023-05-11 17:19:08.848,Within SLA,2023-05-12 06:02:25.814,Within SLA,
2061,2023-05-13 12:25:23,2023-05-11 13:25:23,2023-05-11 13:10:28.429,Within SLA,2023-05-11 16:30:53.457,Within SLA,
2062,2023-05-14 00:43:34,2023-05-12 01:43:34,2023-05-12 01:19:15.484,Within SLA,2023-05-12 03:58:43.935,Within SLA,
2063,2023-05-14 03:30:50,2023-05-12 03:32:50,2023-05-12 03:31:07.992,Within SLA,,SLA Violated,
2064,2023-05-14 18:34:05,2023-05-12 19:34:05,2023-05-12 18:51:45.048,Within SLA,,SLA Violated,
2065,2023-05-14 11:03:57,2023-05-12 11:05:57,2023-05-12 11:07:10.888,SLA Violated,2023-05-18 08:31:39.882,SLA Violated,
2066,2023-05-13 22:22:10,2023-05-12 22:24:10,2023-05-12 22:24:05.897,Within SLA,,SLA Violated,
2067,2023-05-14 18:15:05,2023-05-12 18:17:05,2023-05-12 18:15:36.568,Within SLA,2023-05-14 14:04:49.175,Within SLA,
2068,2023-05-14 11:15:56,2023-05-12 11:17:56,2023-05-12 11:16:02.175,Within SLA,2023-05-12 16:32:57.242,Within SLA,3.0
2069,2023-05-14 07:53:23,2023-05-12 08:53:23,2023-05-12 08:28:29.823,Within SLA,2023-05-14 06:40:55.462,Within SLA,
2070,2023-05-14 10:59:06,2023-05-12 11:59:06,2023-05-12 11:12:03.336,Within SLA,2023-05-14 00:25:54.939,Within SLA,3.0
2071,2023-05-14 18:29:08,2023-05-12 19:29:08,2023-05-12 19:28:57.292,Within SLA,2023-05-13 02:22:36.043,Within SLA,2.0
2072,2023-05-14 08:35:31,2023-05-12 09:35:31,2023-05-12 15:43:55.116,SLA Violated,2023-05-14 08:16:55.736,Within SLA,5.0
2073,2023-05-14 15:55:15,2023-05-12 15:57:15,2023-05-12 15:56:57.229,Within SLA,2023-05-13 10:14:04.007,Within SLA,5.0
2074,2023-05-13 23:05:07,2023-05-12 23:07:07,2023-05-12 23:06:05.866,Within SLA,2023-05-12 23:26:29.322,Within SLA,5.0
2075,2023-05-14 10:29:46,2023-05-12 10:31:46,2023-05-12 10:32:04.606,SLA Violated,2023-05-12 23:20:42.894,Within SLA,
2076,2023-05-14 19:03:27,2023-05-12 19:05:27,2023-05-12 19:05:02.114,Within SLA,2023-05-14 06:14:54.840,Within SLA,
2077,2023-05-15 00:05:30,2023-05-13 00:07:30,2023-05-13 00:05:59.057,Within SLA,,SLA Violated,
2078,2023-05-14 06:46:34,2023-05-13 06:48:34,2023-05-13 06:48:24.070,Within SLA,2023-05-13 17:28:03.905,Within SLA,
2079,2023-05-15 12:43:04,2023-05-13 13:43:04,2023-05-13 13:24:35.982,Within SLA,2023-05-14 08:08:00.352,Within SLA,2.0
2080,2023-05-15 09:51:33,2023-05-13 10:51:33,2023-05-13 10:37:53.206,Within SLA,2023-05-14 07:27:24.795,Within SLA,1.0
2081,2023-05-15 09:21:54,2023-05-13 09:23:54,2023-05-13 09:22:36.532,Within SLA,2023-05-14 10:11:29.428,Within SLA,4.0
2082,2023-05-15 23:26:09,2023-05-14 00:26:09,2023-05-14 00:02:43.980,Within SLA,2023-05-14 05:20:56.997,Within SLA,
2098,2023-05-15 11:00:55,2023-05-14 11:02:55,2023-05-14 11:05:25.195,SLA Violated,2023-05-15 02:24:32.608,Within SLA,3.0
2099,2023-05-16 00:14:21,2023-05-15 00:16:21,2023-05-15 00:15:57.308,Within SLA,2023-05-15 02:28:57.772,Within SLA,4.0
2100,2023-05-15 14:45:06,2023-05-14 14:47:06,2023-05-14 14:46:34.433,Within SLA,2023-05-15 02:29:27.453,Within SLA,4.0
2101,2023-05-16 12:14:16,2023-05-14 12:16:16,2023-05-14 12:14:46.756,Within SLA,,SLA Violated,
2102,2023-05-17 05:57:53,2023-05-15 05:59:53,2023-05-15 06:01:46.073,SLA Violated,,SLA Violated,
2103,2023-05-16 07:43:26,2023-05-15 07:45:26,2023-05-15 07:44:45.515,Within SLA,2023-05-15 11:37:48.997,Within SLA,
2104,2023-05-17 16:26:38,2023-05-15 17:26:38,2023-05-15 17:23:57.995,Within SLA,2023-05-17 07:21:21.865,Within SLA,5.0
2105,2023-05-16 20:01:57,2023-05-15 20:03:57,2023-05-15 20:02:19.660,Within SLA,2023-05-16 09:45:17.104,Within SLA,
2106,2023-05-18 03:05:02,2023-05-16 04:05:02,2023-05-16 03:10:32.153,Within SLA,2023-05-20 14:53:53.323,SLA Violated,
2107,2023-05-17 23:19:14,2023-05-16 00:19:14,2023-05-15 23:38:15.768,Within SLA,2023-05-21 18:45:59.006,SLA Violated,4.0
2108,2023-05-16 19:39:38,2023-05-15 19:41:38,2023-05-15 19:40:37.682,Within SLA,2023-05-16 11:03:48.967,Within SLA,4.0
2109,2023-05-16 20:04:49,2023-05-15 20:06:49,2023-05-15 20:05:08.583,Within SLA,2023-05-16 09:20:20.273,Within SLA,
2110,2023-05-18 22:30:30,2023-05-16 23:30:30,2023-05-16 23:24:04.137,Within SLA,,SLA Violated,
2111,2023-05-18 14:50:40,2023-05-16 15:50:40,2023-05-16 15:21:54.186,Within SLA,2023-05-17 12:13:44.902,Within SLA,
2112,2023-05-17 11:04:29,2023-05-16 11:06:29,2023-05-16 11:05:52.092,Within SLA,2023-05-17 03:28:03.701,Within SLA,4.0
2113,2023-05-17 23:50:27,2023-05-16 23:52:27,2023-05-16 23:52:12.842,Within SLA,2023-05-17 10:41:44.548,Within SLA,4.0
2114,2023-05-17 09:34:49,2023-05-16 09:36:49,2023-05-16 09:35:43.410,Within SLA,2023-05-22 00:32:28.700,SLA Violated,3.0
2115,2023-05-18 00:33:58,2023-05-17 00:35:58,2023-05-17 00:34:38.292,Within SLA,2023-05-17 12:39:00.966,Within SLA,4.0
2117,2023-05-17 04:32:51,2023-05-16 04:34:51,2023-05-16 04:35:09.642,SLA Violated,2023-05-16 06:56:44.490,Within SLA,3.0
2118,2023-05-18 00:59:57,2023-05-17 01:01:57,2023-05-17 01:00:20.046,Within SLA,2023-05-17 11:42:31.231,Within SLA,1.0
2120,2023-05-18 08:10:13,2023-05-17 08:12:13,2023-05-17 08:15:02.102,SLA Violated,2023-05-18 07:01:22.613,Within SLA,3.0
2121,2023-05-20 00:17:37,2023-05-18 00:19:37,2023-05-18 00:19:28.696,Within SLA,,SLA Violated,
2122,2023-05-19 05:38:33,2023-05-17 06:38:33,2023-05-17 06:33:38.545,Within SLA,,SLA Violated,
2123,2023-05-18 10:42:41,2023-05-17 10:44:41,2023-05-17 10:43:19.369,Within SLA,2023-05-17 14:34:55.518,Within SLA,
2124,2023-05-18 15:46:25,2023-05-17 15:48:25,2023-05-17 15:47:00.455,Within SLA,2023-05-18 07:28:01.201,Within SLA,3.0
2125,2023-05-19 07:05:58,2023-05-17 08:05:58,2023-05-17 12:07:55.396,SLA Violated,2023-05-18 04:58:50.982,Within SLA,3.0
2126,2023-05-19 06:54:50,2023-05-17 07:54:50,2023-05-17 07:40:38.654,Within SLA,,SLA Violated,
2127,2023-05-19 02:19:04,2023-05-18 02:21:04,2023-05-18 02:20:08.704,Within SLA,,SLA Violated,
2128,2023-05-19 05:39:16,2023-05-17 06:39:16,2023-05-17 06:15:01.010,Within SLA,2023-05-18 15:59:55.253,Within SLA,5.0
2129,2023-05-19 17:35:55,2023-05-17 18:35:55,2023-05-17 18:33:24.871,Within SLA,2023-05-18 14:10:58.744,Within SLA,5.0
2130,2023-05-19 12:56:49,2023-05-17 13:56:49,2023-05-17 13:19:21.687,Within SLA,2023-05-18 18:39:36.121,Within SLA,
2131,2023-05-19 22:09:46,2023-05-17 23:09:46,2023-05-17 22:21:38.421,Within SLA,2023-05-19 14:51:49.899,Within SLA,4.0
2132,2023-05-19 00:47:12,2023-05-18 00:49:12,2023-05-18 00:48:07.824,Within SLA,2023-05-18 11:36:24.374,Within SLA,3.0
2133,2023-05-20 08:35:32,2023-05-18 09:35:32,2023-05-18 08:43:06.769,Within SLA,2023-05-19 18:33:32.406,Within SLA,5.0
2134,2023-05-19 06:59:48,2023-05-18 07:01:48,2023-05-18 07:00:05.542,Within SLA,,SLA Violated,
2135,2023-05-20 09:54:00,2023-05-18 09:56:00,2023-05-18 00:19:49.433,Within SLA,2023-05-23 20:55:35.103,SLA Violated,
2136,2023-05-19 18:04:54,2023-05-18 18:06:54,2023-05-18 18:05:26.687,Within SLA,2023-05-19 16:01:01.431,Within SLA,2.0
2137,2023-05-20 10:09:03,2023-05-18 11:09:03,2023-05-18 10:37:49.264,Within SLA,2023-05-19 04:26:29.776,Within SLA,
2138,2023-05-19 05:02:52,2023-05-18 05:04:52,2023-05-18 05:05:48.337,SLA Violated,2023-05-18 13:21:08.113,Within SLA,
2139,2023-05-20 04:56:39,2023-05-18 05:56:39,2023-05-18 04:57:18.036,Within SLA,2023-05-18 15:58:12.600,Within SLA,
2140,2023-05-20 13:18:12,2023-05-19 13:20:12,2023-05-19 13:19:27.975,Within SLA,2023-05-19 16:22:54.246,Within SLA,2.0
2141,2023-05-20 13:21:45,2023-05-19 13:23:45,2023-05-19 13:21:48.462,Within SLA,2023-05-20 02:06:51.869,Within SLA,2.0
2142,2023-05-22 00:11:47,2023-05-20 01:11:47,2023-05-20 00:32:06.213,Within SLA,2023-05-20 05:08:23.609,Within SLA,
2143,2023-05-21 22:13:22,2023-05-19 23:13:22,2023-05-19 23:04:58.632,Within SLA,2023-05-20 04:22:52.219,Within SLA,2.0
2144,2023-05-22 02:25:42,2023-05-20 03:25:42,2023-05-20 05:02:38.519,SLA Violated,2023-05-20 06:35:07.862,Within SLA,5.0
2145,2023-05-21 02:52:07,2023-05-20 02:54:07,2023-05-20 02:52:38.824,Within SLA,2023-05-20 06:27:12.927,Within SLA,
2146,2023-05-21 14:51:14,2023-05-19 15:51:14,2023-05-19 15:07:04.989,Within SLA,,SLA Violated,
2147,2023-05-22 04:38:09,2023-05-20 05:38:09,2023-05-20 04:39:13.511,Within SLA,2023-05-21 20:59:32.120,Within SLA,
2151,2023-05-22 18:53:34,2023-05-20 19:53:34,2023-05-20 19:45:13.328,Within SLA,2023-05-22 10:02:24.761,Within SLA,
2152,2023-05-21 08:03:32,2023-05-20 08:05:32,2023-05-20 08:05:33.227,SLA Violated,,SLA Violated,
2153,2023-05-22 19:44:42,2023-05-20 19:46:42,2023-05-20 19:45:10.501,Within SLA,2023-05-21 12:59:17.168,Within SLA,
2154,2023-05-23 14:36:31,2023-05-21 15:36:31,2023-05-21 15:15:04.117,Within SLA,,SLA Violated,
2155,2023-05-23 11:27:31,2023-05-21 12:27:31,2023-05-21 12:13:51.872,Within SLA,2023-05-23 04:09:51.154,Within SLA,2.0
2156,2023-05-24 00:41:47,2023-05-22 00:43:47,2023-05-22 00:41:58.801,Within SLA,2023-05-23 08:34:37.931,Within SLA,
2161,2023-05-24 20:48:25,2023-05-22 20:50:25,2023-05-22 20:52:45.025,SLA Violated,2023-05-23 09:47:42.167,Within SLA,3.0
2162,2023-05-24 09:23:12,2023-05-22 10:23:12,2023-05-22 09:46:22.205,Within SLA,2023-05-23 07:27:42.818,Within SLA,
2163,2023-05-24 22:39:02,2023-05-22 23:39:02,2023-05-22 23:16:38.465,Within SLA,2023-05-23 03:56:24.080,Within SLA,
2164,2023-05-25 01:17:37,2023-05-23 02:17:37,2023-05-23 01:22:05.286,Within SLA,2023-05-23 12:17:12.298,Within SLA,
2165,2023-05-24 15:49:12,2023-05-22 15:51:12,2023-05-22 15:50:03.392,Within SLA,2023-05-23 00:54:06.182,Within SLA,3.0
2166,2023-05-24 22:21:23,2023-05-22 22:23:23,2023-05-22 22:22:00.161,Within SLA,2023-05-24 06:44:48.164,Within SLA,
2167,2023-05-23 07:46:21,2023-05-22 07:48:21,2023-05-22 07:47:42.098,Within SLA,,SLA Violated,
2168,2023-05-24 11:29:34,2023-05-22 11:31:34,2023-05-22 11:29:56.874,Within SLA,2023-05-24 02:50:45.339,Within SLA,
2169,2023-05-24 16:09:17,2023-05-22 17:09:17,2023-05-22 17:03:43.624,Within SLA,2023-05-23 09:41:09.433,Within SLA,4.0
2170,2023-05-24 14:26:47,2023-05-22 15:26:47,2023-05-22 15:00:10.982,Within SLA,2023-05-24 02:49:45.231,Within SLA,
2171,2023-05-24 13:23:54,2023-05-22 14:23:54,2023-05-22 14:18:02.719,Within SLA,,SLA Violated,
2172,2023-05-23 19:13:22,2023-05-22 19:15:22,2023-05-22 19:14:14.795,Within SLA,2023-05-23 08:29:23.186,Within SLA,2.0
2173,2023-05-25 00:37:08,2023-05-23 01:37:08,2023-05-23 01:21:46.938,Within SLA,2023-05-28 02:37:21.168,SLA Violated,4.0
2174,2023-05-24 05:35:36,2023-05-22 06:35:36,2023-05-22 06:05:01.994,Within SLA,,SLA Violated,
2175,2023-05-24 08:58:52,2023-05-22 09:58:52,2023-05-22 09:11:08.677,Within SLA,2023-05-28 11:49:39.981,SLA Violated,3.0
2176,2023-05-25 02:40:09,2023-05-24 02:42:09,2023-05-24 02:40:15.470,Within SLA,2023-05-24 04:35:47.711,Within SLA,2.0
2177,2023-05-24 09:53:45,2023-05-23 09:55:45,2023-05-23 09:55:37.983,Within SLA,2023-05-23 13:42:37.108,Within SLA,3.0
2178,2023-05-25 04:49:48,2023-05-23 05:49:48,2023-05-23 10:19:20.063,SLA Violated,2023-05-23 06:38:22.573,Within SLA,4.0
2179,2023-05-25 15:32:40,2023-05-23 16:32:40,2023-05-23 16:30:20.067,Within SLA,2023-05-25 05:58:51.425,Within SLA,5.0
2180,2023-05-25 10:23:44,2023-05-23 11:23:44,2023-05-23 11:17:06.855,Within SLA,2023-05-23 11:57:24.631,Within SLA,3.0
2183,2023-05-25 06:47:45,2023-05-23 07:47:45,2023-05-23 07:39:33.400,Within SLA,,SLA Violated,
2184,2023-05-26 07:30:28,2023-05-24 08:30:28,2023-05-24 07:50:07.481,Within SLA,2023-05-25 11:54:57.901,Within SLA,
2185,2023-05-25 11:40:10,2023-05-24 11:42:10,2023-05-24 11:41:41.666,Within SLA,2023-05-25 18:51:04.298,SLA Violated,
2186,2023-05-26 01:59:19,2023-05-25 02:01:19,2023-05-25 01:59:22.990,Within SLA,,SLA Violated,
2188,2023-05-26 02:52:47,2023-05-25 02:54:47,2023-05-25 02:52:47.112,Within SLA,2023-05-25 03:10:35.102,Within SLA,3.0
2189,2023-05-25 17:25:23,2023-05-24 17:27:23,2023-05-24 17:26:57.213,Within SLA,2023-05-25 01:15:35.756,Within SLA,2.0
2190,2023-05-26 05:25:21,2023-05-24 06:25:21,2023-05-24 06:09:38.955,Within SLA,2023-05-26 01:42:39.849,Within SLA,1.0
2192,2023-05-26 04:06:54,2023-05-24 05:06:54,2023-05-24 04:10:27.276,Within SLA,2023-05-25 22:50:48.345,Within SLA,
2193,2023-05-25 09:42:39,2023-05-24 09:44:39,2023-05-24 09:44:43.215,SLA Violated,2023-05-25 01:37:40.275,Within SLA,2.0
2194,2023-05-26 04:10:39,2023-05-25 04:12:39,2023-05-25 04:12:31.283,Within SLA,2023-05-25 08:12:14.273,Within SLA,
2195,2023-05-27 07:02:20,2023-05-25 08:02:20,2023-05-25 07:44:37.942,Within SLA,2023-05-26 02:02:16.697,Within SLA,5.0
2196,2023-05-26 20:37:26,2023-05-25 20:39:26,2023-05-25 20:37:51.868,Within SLA,,SLA Violated,
2197,2023-05-27 03:58:35,2023-05-26 04:00:35,2023-05-26 04:00:12.187,Within SLA,2023-05-26 14:27:20.952,Within SLA,
2198,2023-05-27 09:26:04,2023-05-25 10:26:04,2023-05-25 12:24:28.211,SLA Violated,,SLA Violated,
2199,2023-05-27 18:47:02,2023-05-25 18:49:02,2023-05-25 18:50:42.390,SLA Violated,2023-05-26 07:27:56.504,Within SLA,4.0
2200,2023-05-27 00:08:06,2023-05-26 00:10:06,2023-05-26 00:10:26.647,SLA Violated,2023-05-26 06:36:17.761,Within SLA,
2201,2023-05-26 17:55:06,2023-05-25 17:57:06,2023-05-25 17:55:55.591,Within SLA,2023-05-26 09:14:41.304,Within SLA,3.0
2202,2023-05-27 21:33:19,2023-05-25 22:33:19,2023-05-25 22:00:21.840,Within SLA,2023-05-25 22:22:48.338,Within SLA,3.0
2203,2023-05-27 17:52:26,2023-05-25 18:52:26,2023-05-25 18:11:02.838,Within SLA,2023-05-26 05:29:28.221,Within SLA,
2204,2023-05-28 22:49:22,2023-05-26 23:49:22,2023-05-26 22:51:57.383,Within SLA,2023-05-27 16:36:41.504,Within SLA,
2205,2023-05-29 01:16:25,2023-05-27 02:16:25,2023-05-27 01:49:29.520,Within SLA,2023-05-27 14:17:32.825,Within SLA,1.0
2206,2023-05-28 15:09:54,2023-05-26 16:09:54,2023-05-26 16:07:46.452,Within SLA,2023-05-28 12:26:58.519,Within SLA,
2207,2023-05-28 11:39:45,2023-05-26 12:39:45,2023-05-26 12:10:48.579,Within SLA,2023-05-28 03:42:35.745,Within SLA,
2208,2023-05-29 02:47:11,2023-05-27 03:47:11,2023-05-27 03:33:11.804,Within SLA,2023-05-28 02:57:10.783,Within SLA,
2209,2023-05-27 20:39:38,2023-05-26 20:41:38,2023-05-26 20:41:14.637,Within SLA,,SLA Violated,
2219,2023-05-30 22:01:07,2023-05-28 23:01:07,2023-05-28 22:15:07.409,Within SLA,2023-05-30 01:22:30.456,Within SLA,2.0
2220,2023-05-30 21:35:16,2023-05-28 22:35:16,2023-05-28 21:44:32.082,Within SLA,2023-05-29 11:33:26.993,Within SLA,
2221,2023-05-30 03:04:13,2023-05-29 03:06:13,2023-05-29 03:09:13.838,SLA Violated,2023-05-29 22:08:27.546,Within SLA,4.0
2222,2023-05-30 07:21:55,2023-05-28 08:21:55,2023-05-28 08:15:15.331,Within SLA,2023-06-01 11:08:30.192,SLA Violated,
2223,2023-05-31 19:46:30,2023-05-29 20:46:30,2023-05-30 00:42:24.989,SLA Violated,2023-06-03 18:50:15.360,SLA Violated,4.0
2224,2023-05-30 04:44:02,2023-05-29 04:46:02,2023-05-29 04:45:05.146,Within SLA,2023-05-30 07:06:01.537,SLA Violated,
2225,2023-05-31 06:42:21,2023-05-30 06:44:21,2023-05-30 06:44:11.581,Within SLA,2023-05-30 10:31:30.921,Within SLA,
2226,2023-05-31 19:57:45,2023-05-30 19:59:45,2023-05-30 19:57:47.010,Within SLA,2023-05-31 11:34:53.167,Within SLA,
2227,2023-06-01 22:33:13,2023-05-30 22:35:13,2023-05-30 22:33:21.427,Within SLA,,SLA Violated,
2228,2023-05-31 12:36:51,2023-05-30 12:38:51,2023-05-30 12:37:49.841,Within SLA,,SLA Violated,
2229,2023-05-31 17:39:34,2023-05-30 17:41:34,2023-05-30 17:45:14.000,SLA Violated,2023-05-31 02:02:09.417,Within SLA,5.0
2230,2023-06-02 16:33:45,2023-05-31 16:35:45,2023-05-31 16:34:21.214,Within SLA,,SLA Violated,
2231,2023-06-02 21:08:54,2023-05-31 22:08:54,2023-05-31 21:44:31.886,Within SLA,2023-06-01 15:31:29.500,Within SLA,
2232,2023-06-03 02:08:57,2023-06-01 03:08:57,2023-06-01 02:12:53.178,Within SLA,2023-06-02 01:29:18.731,Within SLA,
2233,2023-06-01 13:43:09,2023-05-31 13:45:09,2023-05-31 13:43:29.966,Within SLA,2023-06-01 08:46:07.551,Within SLA,
2234,2023-06-01 05:43:07,2023-05-31 05:45:07,2023-05-31 05:43:39.233,Within SLA,2023-06-01 00:29:31.149,Within SLA,
2235,2023-06-01 19:37:38,2023-05-31 19:39:38,2023-05-31 19:38:26.735,Within SLA,2023-05-31 19:58:20.140,Within SLA,1.0
2236,2023-06-02 04:42:59,2023-05-31 04:44:59,2023-05-31 04:44:44.614,Within SLA,2023-05-31 19:33:16.078,Within SLA,
2237,2023-06-02 09:35:05,2023-05-31 10:35:05,2023-05-31 10:33:28.500,Within SLA,2023-06-01 17:32:12.919,Within SLA,
2238,2023-06-02 19:30:07,2023-05-31 20:30:07,2023-05-31 20:09:25.963,Within SLA,,SLA Violated,
2239,2023-06-01 11:51:56,2023-05-31 11:53:56,2023-05-31 11:56:19.632,SLA Violated,2023-06-01 03:24:24.986,Within SLA,4.0
2240,2023-06-02 22:01:38,2023-05-31 23:01:38,2023-05-31 22:40:34.972,Within SLA,2023-06-01 14:28:53.104,Within SLA,
2241,2023-06-02 13:58:22,2023-06-01 14:00:22,2023-06-01 13:58:30.218,Within SLA,2023-06-01 14:14:23.294,Within SLA,5.0
2242,2023-06-03 10:03:01,2023-06-01 11:03:01,2023-06-01 10:19:56.960,Within SLA,,SLA Violated,
2243,2023-06-02 11:22:16,2023-06-01 11:24:16,2023-06-01 11:24:14.102,Within SLA,2023-06-01 19:00:46.308,Within SLA,
2244,2023-06-03 03:48:05,2023-06-02 03:50:05,2023-06-02 03:49:07.844,Within SLA,2023-06-02 22:18:03.994,Within SLA,3.0
2245,2023-06-02 21:36:29,2023-06-01 21:38:29,2023-06-01 21:36:59.945,Within SLA,,SLA Violated,
2246,2023-06-03 19:45:26,2023-06-02 19:47:26,2023-06-02 19:47:12.962,Within SLA,,SLA Violated,
2247,2023-06-04 04:48:15,2023-06-02 04:50:15,2023-06-02 04:49:56.451,Within SLA,2023-06-03 18:05:54.093,Within SLA,
2248,2023-06-04 20:43:08,2023-06-02 20:45:08,2023-06-02 20:46:46.245,SLA Violated,,SLA Violated,
2249,2023-06-03 21:57:50,2023-06-02 21:59:50,2023-06-02 21:57:51.905,Within SLA,2023-06-06 01:53:17.242,SLA Violated,5.0
2250,2023-06-03 07:33:53,2023-06-02 07:35:53,2023-06-02 07:34:01.670,Within SLA,2023-06-06 13:54:33.874,SLA Violated,5.0
2251,2023-06-04 15:24:06,2023-06-02 16:24:06,2023-06-02 15:33:05.889,Within SLA,2023-06-04 04:02:10.209,Within SLA,2.0
2252,2023-06-05 13:56:16,2023-06-03 14:56:16,2023-06-03 14:54:22.606,Within SLA,2023-06-05 09:58:07.237,Within SLA,
2253,2023-06-04 14:52:50,2023-06-03 14:54:50,2023-06-03 14:52:59.250,Within SLA,2023-06-03 16:12:05.978,Within SLA,4.0
2254,2023-06-04 04:48:39,2023-06-03 04:50:39,2023-06-03 04:53:21.064,SLA Violated,2023-06-03 17:44:11.298,Within SLA,
2255,2023-06-04 09:01:48,2023-06-03 09:03:48,2023-06-03 09:01:50.795,Within SLA,2023-06-04 05:34:16.396,Within SLA,
2267,2023-06-06 09:31:08,2023-06-04 10:31:08,2023-06-04 09:48:28.262,Within SLA,2023-06-04 16:44:12.290,Within SLA,5.0
2268,2023-06-06 22:21:52,2023-06-04 23:21:52,2023-06-04 22:49:40.552,Within SLA,2023-06-06 17:09:17.950,Within SLA,2.0
2269,2023-06-06 16:39:07,2023-06-04 17:39:07,2023-06-04 17:20:02.461,Within SLA,2023-06-05 18:27:56.824,Within SLA,4.0
2270,2023-06-07 20:13:03,2023-06-05 21:13:03,2023-06-05 20:51:13.981,Within SLA,2023-06-06 04:13:30.431,Within SLA,1.0
2271,2023-06-06 11:21:15,2023-06-05 11:23:15,2023-06-05 11:26:18.842,SLA Violated,2023-06-10 09:24:56.300,SLA Violated,
2272,2023-06-07 14:43:50,2023-06-05 15:43:50,2023-06-05 15:24:19.454,Within SLA,2023-06-07 16:00:40.983,SLA Violated,5.0
2273,2023-06-06 07:19:23,2023-06-05 07:21:23,2023-06-05 07:20:14.310,Within SLA,2023-06-05 14:25:09.907,Within SLA,3.0
3548,2023-11-10 16:37:14,2023-11-08 17:37:14,2023-11-08 17:26:42.625,Within SLA,2023-11-11 18:57:47.721,SLA Violated,
3550,2023-11-09 17:19:12,2023-11-08 17:21:12,2023-11-08 17:20:03.170,Within SLA,2023-11-09 12:10:20.478,Within SLA,
3551,2023-11-11 02:27:37,2023-11-09 03:27:37,2023-11-09 02:38:20.075,Within SLA,2023-11-11 08:53:09.328,SLA Violated,4.0
3552,2023-11-09 12:52:27,2023-11-08 12:54:27,2023-11-08 12:53:25.383,Within SLA,,SLA Violated,
3553,2023-11-11 09:47:36,2023-11-09 10:47:36,2023-11-09 10:01:00.440,Within SLA,2023-11-09 12:06:32.593,Within SLA,5.0
3554,2023-11-12 01:45:50,2023-11-10 02:45:50,2023-11-10 02:44:19.824,Within SLA,,SLA Violated,
3555,2023-11-12 02:18:44,2023-11-10 03:18:44,2023-11-10 02:24:25.457,Within SLA,2023-11-11 14:20:17.372,Within SLA,4.0
3556,2023-11-12 04:18:57,2023-11-10 05:18:57,2023-11-10 04:31:26.868,Within SLA,2023-11-10 06:44:02.416,Within SLA,3.0
3557,2023-11-10 13:15:53,2023-11-09 13:17:53,2023-11-09 13:17:34.263,Within SLA,2023-11-10 04:09:37.026,Within SLA,3.0
3559,2023-11-11 08:02:00,2023-11-09 09:02:00,2023-11-09 08:56:03.882,Within SLA,2023-11-12 04:07:32.200,SLA Violated,3.0
3560,2023-11-10 10:13:12,2023-11-09 10:15:12,2023-11-09 10:13:17.393,Within SLA,2023-11-09 15:31:10.951,Within SLA,2.0
3561,2023-11-11 05:43:22,2023-11-09 06:43:22,2023-11-09 06:01:01.925,Within SLA,2023-11-11 03:06:03.966,Within SLA,
3562,2023-11-12 19:10:13,2023-11-10 20:10:13,2023-11-10 19:27:26.875,Within SLA,2023-11-12 04:08:30.388,Within SLA,4.0
3563,2023-11-11 05:57:33,2023-11-10 05:59:33,2023-11-10 05:57:54.056,Within SLA,2023-11-14 22:09:40.239,SLA Violated,3.0
3565,2023-11-12 17:56:25,2023-11-10 18:56:25,2023-11-10 18:48:39.320,Within SLA,2023-11-12 03:40:13.326,Within SLA,3.0
3566,2023-11-13 04:46:05,2023-11-11 04:48:05,2023-11-11 04:47:16.641,Within SLA,2023-11-12 03:08:42.402,Within SLA,3.0
3567,2023-11-12 16:46:55,2023-11-10 17:46:55,2023-11-10 16:57:57.097,Within SLA,2023-11-10 21:12:35.355,Within SLA,4.0
3568,2023-11-11 11:58:51,2023-11-10 12:00:51,2023-11-10 12:00:14.918,Within SLA,2023-11-11 06:54:47.528,Within SLA,
3569,2023-11-13 05:40:59,2023-11-11 06:40:59,2023-11-11 05:57:40.182,Within SLA,2023-11-13 09:51:55.727,SLA Violated,4.0
3570,2023-11-13 13:50:21,2023-11-11 14:50:21,2023-11-11 14:45:27.957,Within SLA,2023-11-12 13:41:11.733,Within SLA,5.0
3571,2023-11-13 05:34:31,2023-11-11 05:36:31,2023-11-11 05:37:57.508,SLA Violated,2023-11-13 01:55:24.902,Within SLA,
3572,2023-11-13 01:11:44,2023-11-12 01:13:44,2023-11-12 01:12:05.059,Within SLA,2023-11-12 23:22:55.714,Within SLA,5.0
3573,2023-11-13 05:18:43,2023-11-11 06:18:43,2023-11-11 05:51:59.069,Within SLA,2023-11-12 09:58:07.820,Within SLA,3.0
3574,2023-11-14 15:50:47,2023-11-12 16:50:47,2023-11-12 16:19:54.649,Within SLA,2023-11-15 13:29:25.248,SLA Violated,3.0
3575,2023-11-14 05:16:05,2023-11-12 06:16:05,2023-11-12 05:27:51.870,Within SLA,2023-11-12 21:28:13.666,Within SLA,5.0
3576,2023-11-14 21:48:39,2023-11-12 22:48:39,2023-11-12 22:37:36.466,Within SLA,2023-11-13 19:20:55.526,Within SLA,5.0
3584,2023-11-15 21:51:30,2023-11-13 21:53:30,2023-11-13 21:53:00.837,Within SLA,2023-11-15 15:20:37.456,Within SLA,
3585,2023-11-15 20:05:45,2023-11-13 21:05:45,2023-11-13 20:55:46.365,Within SLA,,SLA Violated,
3586,2023-11-15 13:27:15,2023-11-13 14:27:15,2023-11-13 13:59:24.616,Within SLA,,SLA Violated,
3587,2023-11-15 14:31:45,2023-11-13 15:31:45,2023-11-13 15:23:52.330,Within SLA,2023-11-15 03:05:55.908,Within SLA,4.0
3588,2023-11-15 04:03:20,2023-11-14 04:05:20,2023-11-14 04:03:42.488,Within SLA,2023-11-14 16:15:15.766,Within SLA,
3589,2023-11-15 16:46:21,2023-11-13 17:46:21,2023-11-13 16:58:27.259,Within SLA,2023-11-15 08:39:49.992,Within SLA,4.0
3590,2023-11-14 09:21:58,2023-11-13 09:23:58,2023-11-13 09:25:48.641,SLA Violated,,SLA Violated,
3591,2023-11-16 14:45:25,2023-11-14 15:45:25,2023-11-14 15:36:07.163,Within SLA,2023-11-19 05:10:52.013,SLA Violated,5.0
3592,2023-11-16 17:05:31,2023-11-14 17:07:31,2023-11-14 17:05:32.877,Within SLA,2023-11-17 08:30:30.635,SLA Violated,5.0
3593,2023-11-15 10:07:29,2023-11-14 10:09:29,2023-11-14 10:09:03.542,Within SLA,,SLA Violated,
3594,2023-11-16 21:11:11,2023-11-14 22:11:11,2023-11-14 22:08:20.863,Within SLA,2023-11-15 21:52:02.059,Within SLA,3.0
3595,2023-11-16 14:01:58,2023-11-14 15:01:58,2023-11-14 14:53:19.416,Within SLA,,SLA Violated,
3596,2023-11-17 02:15:29,2023-11-15 03:15:29,2023-11-15 03:00:14.640,Within SLA,2023-11-16 21:54:00.506,Within SLA,4.0
3597,2023-11-16 10:20:32,2023-11-14 10:22:32,2023-11-14 10:22:17.089,Within SLA,2023-11-16 00:11:06.015,Within SLA,
3598,2023-11-16 07:14:10,2023-11-14 08:14:10,2023-11-14 08:06:58.412,Within SLA,,SLA Violated,
3599,2023-11-15 10:51:57,2023-11-14 10:53:57,2023-11-14 10:52:10.523,Within SLA,2023-11-18 10:17:43.590,SLA Violated,
3600,2023-11-17 18:43:51,2023-11-15 19:43:51,2023-11-15 19:40:46.321,Within SLA,2023-11-16 13:14:46.783,Within SLA,
3601,2023-11-18 00:04:12,2023-11-16 00:06:12,2023-11-16 00:06:39.019,SLA Violated,2023-11-16 17:15:04.355,Within SLA,5.0
3602,2023-11-16 21:13:20,2023-11-15 21:15:20,2023-11-15 21:14:50.573,Within SLA,,SLA Violated,
3603,2023-11-16 20:32:02,2023-11-15 20:34:02,2023-11-15 20:36:41.088,SLA Violated,,SLA Violated,
3604,2023-11-18 03:41:22,2023-11-16 04:41:22,2023-11-16 04:16:34.267,Within SLA,2023-11-16 21:59:59.567,Within SLA,4.0
3605,2023-11-17 13:13:13,2023-11-15 14:13:13,2023-11-15 14:57:35.126,SLA Violated,,SLA Violated,
3606,2023-11-18 00:48:19,2023-11-16 01:48:19,2023-11-16 00:56:51.394,Within SLA,2023-11-18 03:03:11.859,SLA Violated,
3607,2023-11-16 22:46:50,2023-11-15 22:48:50,2023-11-15 22:47:24.066,Within SLA,2023-11-16 17:53:29.064,Within SLA,5.0
3608,2023-11-17 19:57:42,2023-11-16 19:59:42,2023-11-16 19:59:13.701,Within SLA,2023-11-19 10:59:55.242,SLA Violated,3.0
3609,2023-11-18 07:43:21,2023-11-16 08:43:21,2023-11-16 08:31:44.485,Within SLA,2023-11-17 23:07:25.793,Within SLA,4.0
3610,2023-11-17 17:28:46,2023-11-16 17:30:46,2023-11-16 17:30:14.454,Within SLA,,SLA Violated,
3611,2023-11-18 10:59:23,2023-11-16 11:59:23,2023-11-16 11:01:10.095,Within SLA,2023-11-17 10:49:30.595,Within SLA,4.0
3612,2023-11-17 21:11:44,2023-11-16 21:13:44,2023-11-16 21:12:44.638,Within SLA,2023-11-17 00:28:26.230,Within SLA,4.0
3613,2023-11-17 08:18:36,2023-11-16 08:20:36,2023-11-16 08:19:03.716,Within SLA,2023-11-20 12:19:08.090,SLA Violated,
3614,2023-11-18 05:09:43,2023-11-16 06:09:43,2023-11-16 05:56:30.312,Within SLA,2023-11-20 22:00:24.866,SLA Violated,2.0
3615,2023-11-19 02:49:34,2023-11-18 02:51:34,2023-11-18 02:50:52.222,Within SLA,,SLA Violated,
3616,2023-11-19 10:21:24,2023-11-17 11:21:24,2023-11-17 10:33:49.280,Within SLA,,SLA Violated,
3617,2023-11-19 12:52:27,2023-11-17 13:52:27,2023-11-17 13:23:56.403,Within SLA,2023-11-18 11:09:15.771,Within SLA,
3618,2023-11-20 00:40:21,2023-11-18 01:40:21,2023-11-18 00:55:00.160,Within SLA,2023-11-19 23:21:27.637,Within SLA,5.0
3619,2023-11-19 15:04:40,2023-11-17 16:04:40,2023-11-17 15:22:14.087,Within SLA,2023-11-20 10:46:44.623,SLA Violated,5.0
3620,2023-11-20 01:00:23,2023-11-18 02:00:23,2023-11-18 01:39:52.127,Within SLA,2023-11-18 12:32:22.822,Within SLA,
3621,2023-11-18 20:36:27,2023-11-17 20:38:27,2023-11-17 20:36:48.551,Within SLA,2023-11-18 17:34:34.535,Within SLA,3.0
3622,2023-11-18 15:27:31,2023-11-17 15:29:31,2023-11-17 15:29:27.666,Within SLA,2023-11-18 06:21:36.910,Within SLA,5.0
3628,2023-11-19 07:08:40,2023-11-18 07:10:40,2023-11-18 07:09:49.723,Within SLA,2023-11-18 08:13:35.358,Within SLA,1.0
3629,2023-11-19 16:16:30,2023-11-18 16:18:30,2023-11-18 16:16:31.101,Within SLA,2023-11-18 18:07:02.578,Within SLA,2.0
3630,2023-11-21 01:23:28,2023-11-19 02:23:28,2023-11-19 01:41:39.069,Within SLA,2023-11-19 21:14:02.608,Within SLA,
3631,2023-11-22 01:03:12,2023-11-20 01:05:12,2023-11-20 01:04:18.957,Within SLA,2023-11-20 06:58:38.968,Within SLA,
3632,2023-11-21 06:53:46,2023-11-19 06:55:46,2023-11-19 06:54:36.379,Within SLA,2023-11-21 02:23:51.468,Within SLA,4.0
3633,2023-11-21 06:06:29,2023-11-19 07:06:29,2023-11-19 06:26:21.733,Within SLA,2023-11-21 07:14:28.585,SLA Violated,
3634,2023-11-21 12:13:50,2023-11-19 13:13:50,2023-11-19 13:02:03.985,Within SLA,2023-11-25 03:46:55.987,SLA Violated,
3641,2023-11-21 13:01:12,2023-11-19 13:03:12,2023-11-19 13:01:17.822,Within SLA,2023-11-23 03:07:20.670,SLA Violated,2.0
3642,2023-11-23 02:50:19,2023-11-21 03:50:19,2023-11-21 03:24:14.530,Within SLA,2023-11-22 06:22:29.671,Within SLA,4.0
3643,2023-11-21 20:38:44,2023-11-20 20:40:44,2023-11-20 20:38:53.008,Within SLA,2023-11-21 18:26:18.726,Within SLA,3.0
3644,2023-11-22 09:03:51,2023-11-20 09:05:51,2023-11-20 09:04:23.728,Within SLA,,SLA Violated,
3646,2023-11-22 13:48:59,2023-11-20 14:48:59,2023-11-20 14:00:30.369,Within SLA,2023-11-22 04:28:40.692,Within SLA,5.0
3647,2023-11-22 21:00:41,2023-11-20 22:00:41,2023-11-20 21:16:13.779,Within SLA,2023-11-22 06:08:54.269,Within SLA,4.0
3648,2023-11-21 11:00:11,2023-11-20 11:02:11,2023-11-20 11:00:46.311,Within SLA,2023-11-20 15:33:00.525,Within SLA,
3649,2023-11-23 00:02:57,2023-11-21 01:02:57,2023-11-21 00:07:07.745,Within SLA,,SLA Violated,
3650,2023-11-23 12:35:59,2023-11-21 13:35:59,2023-11-21 12:43:19.158,Within SLA,2023-11-23 07:01:21.600,Within SLA,5.0
3651,2023-11-23 05:03:06,2023-11-21 06:03:06,2023-11-21 05:54:29.164,Within SLA,2023-11-21 18:40:18.820,Within SLA,4.0
3652,2023-11-23 03:55:54,2023-11-22 03:57:54,2023-11-22 03:57:09.409,Within SLA,2023-11-26 17:28:43.929,SLA Violated,4.0
3653,2023-11-23 11:59:06,2023-11-21 12:59:06,2023-11-21 11:59:38.652,Within SLA,2023-11-22 00:03:06.719,Within SLA,5.0
3654,2023-11-23 00:03:23,2023-11-22 00:05:23,2023-11-22 00:08:33.873,SLA Violated,2023-11-22 07:22:58.622,Within SLA,3.0
3655,2023-11-24 04:09:47,2023-11-22 05:09:47,2023-11-22 04:25:50.960,Within SLA,2023-11-24 01:08:59.237,Within SLA,3.0
3656,2023-11-22 11:29:06,2023-11-21 11:31:06,2023-11-21 11:30:53.273,Within SLA,2023-11-24 01:16:12.527,SLA Violated,3.0
3657,2023-11-22 20:47:44,2023-11-21 20:49:44,2023-11-21 20:47:54.648,Within SLA,2023-11-27 05:27:45.301,SLA Violated,4.0
3658,2023-11-23 14:08:52,2023-11-22 14:10:52,2023-11-22 14:10:05.667,Within SLA,2023-11-23 14:27:42.533,SLA Violated,
3659,2023-11-23 09:35:34,2023-11-22 09:37:34,2023-11-22 09:36:03.309,Within SLA,2023-11-23 00:39:26.310,Within SLA,
3660,2023-11-24 20:51:37,2023-11-22 21:51:37,2023-11-22 21:32:07.436,Within SLA,,SLA Violated,
3661,2023-11-23 14:38:49,2023-11-22 14:40:49,2023-11-22 14:42:57.632,SLA Violated,2023-11-23 08:16:37.056,Within SLA,3.0
3662,2023-11-23 16:28:44,2023-11-22 16:30:44,2023-11-22 16:29:15.102,Within SLA,2023-11-22 19:09:16.170,Within SLA,3.0
3663,2023-11-24 11:02:56,2023-11-22 12:02:56,2023-11-22 15:44:09.060,SLA Violated,2023-11-23 04:17:22.286,Within SLA,4.0
3664,2023-11-24 04:44:36,2023-11-23 04:46:36,2023-11-23 04:45:24.646,Within SLA,2023-11-23 18:28:31.636,Within SLA,4.0
3665,2023-11-23 19:26:53,2023-11-22 19:28:53,2023-11-22 19:28:04.879,Within SLA,2023-11-26 00:50:04.662,SLA Violated,
3669,2023-11-24 11:42:07,2023-11-23 11:44:07,2023-11-23 11:43:28.670,Within SLA,,SLA Violated,
3670,2023-11-25 00:35:42,2023-11-24 00:37:42,2023-11-24 00:36:30.400,Within SLA,2023-11-27 13:54:06.770,SLA Violated,
3671,2023-11-24 10:58:08,2023-11-23 11:00:08,2023-11-23 10:58:24.132,Within SLA,2023-11-23 18:18:36.752,Within SLA,
3672,2023-11-24 15:29:17,2023-11-23 15:31:17,2023-11-23 15:30:21.122,Within SLA,2023-11-23 21:37:45.853,Within SLA,
3673,2023-11-25 15:29:18,2023-11-23 16:29:18,2023-11-23 16:27:40.011,Within SLA,2023-11-26 21:12:58.336,SLA Violated,5.0
3674,2023-11-25 05:20:37,2023-11-24 05:22:37,2023-11-24 05:21:07.236,Within SLA,2023-11-25 17:24:19.333,SLA Violated,
3675,2023-11-26 15:39:39,2023-11-24 16:39:39,2023-11-24 15:43:57.801,Within SLA,2023-11-26 05:25:24.011,Within SLA,2.0
3677,2023-11-26 06:46:54,2023-11-24 07:46:54,2023-11-24 07:16:10.113,Within SLA,2023-11-24 14:10:03.766,Within SLA,
3678,2023-11-26 19:47:52,2023-11-24 20:47:52,2023-11-24 20:34:43.139,Within SLA,2023-11-25 02:03:38.867,Within SLA,3.0
3679,2023-11-26 07:11:22,2023-11-24 08:11:22,2023-11-24 07:12:07.774,Within SLA,2023-11-30 02:57:51.502,SLA Violated,
3680,2023-11-27 04:36:32,2023-11-25 05:36:32,2023-11-25 05:33:14.308,Within SLA,2023-11-25 10:02:36.476,Within SLA,5.0
3681,2023-11-26 15:27:27,2023-11-24 16:27:27,2023-11-24 16:07:17.003,Within SLA,2023-11-29 17:33:08.057,SLA Violated,2.0
3682,2023-11-26 16:18:52,2023-11-24 16:20:52,2023-11-24 16:22:47.454,SLA Violated,2023-11-25 07:11:56.616,Within SLA,4.0
3683,2023-11-26 09:11:59,2023-11-24 10:11:59,2023-11-24 09:33:06.392,Within SLA,2023-11-25 09:58:04.203,Within SLA,
3684,2023-11-25 12:46:27,2023-11-24 12:48:27,2023-11-24 12:46:47.500,Within SLA,2023-11-24 13:54:20.524,Within SLA,4.0
3685,2023-11-25 20:45:32,2023-11-24 20:47:32,2023-11-24 20:47:39.905,SLA Violated,2023-11-27 07:18:28.841,SLA Violated,
3686,2023-11-27 00:03:37,2023-11-26 00:05:37,2023-11-26 00:03:42.366,Within SLA,2023-11-26 02:58:54.686,Within SLA,4.0
3693,2023-11-26 16:16:49,2023-11-25 16:18:49,2023-11-25 16:17:41.984,Within SLA,2023-11-26 04:40:02.567,Within SLA,
3695,2023-11-27 21:49:41,2023-11-26 21:51:41,2023-11-26 21:51:04.423,Within SLA,,SLA Violated,
3696,2023-11-27 07:11:43,2023-11-26 07:13:43,2023-11-26 07:13:26.469,Within SLA,2023-11-26 23:12:16.929,Within SLA,5.0
3697,2023-11-29 19:51:28,2023-11-27 20:51:28,2023-11-27 19:56:33.931,Within SLA,2023-11-28 10:17:53.969,Within SLA,1.0
3698,2023-11-29 14:25:50,2023-11-27 15:25:50,2023-11-27 15:21:38.933,Within SLA,2023-11-29 20:47:20.091,SLA Violated,4.0
3699,2023-11-29 08:24:46,2023-11-27 09:24:46,2023-11-27 09:22:32.706,Within SLA,2023-11-30 23:53:18.962,SLA Violated,
3700,2023-11-28 12:00:19,2023-11-27 12:02:19,2023-11-27 12:05:56.785,SLA Violated,,SLA Violated,
3701,2023-11-29 19:41:58,2023-11-27 20:41:58,2023-11-27 20:39:50.911,Within SLA,2023-11-29 16:08:47.690,Within SLA,4.0
3703,2023-11-30 01:44:12,2023-11-28 02:44:12,2023-11-28 02:14:15.901,Within SLA,2023-11-28 18:17:30.166,Within SLA,4.0
3704,2023-11-28 11:31:14,2023-11-27 11:33:14,2023-11-27 11:31:53.337,Within SLA,2023-12-02 10:33:10.356,SLA Violated,
3705,2023-11-28 09:05:38,2023-11-27 09:07:38,2023-11-27 09:06:21.057,Within SLA,2023-11-28 06:48:31.751,Within SLA,2.0
3706,2023-11-29 06:35:50,2023-11-27 07:35:50,2023-11-27 07:23:11.655,Within SLA,2023-11-27 09:07:47.377,Within SLA,2.0
3707,2023-11-30 06:50:18,2023-11-28 07:50:18,2023-11-28 07:26:28.618,Within SLA,2023-12-03 19:32:57.587,SLA Violated,
3708,2023-11-30 07:08:15,2023-11-28 08:08:15,2023-11-28 07:43:20.405,Within SLA,2023-11-28 09:33:22.480,Within SLA,
3709,2023-11-30 15:37:48,2023-11-28 16:37:48,2023-11-28 18:17:35.413,SLA Violated,2023-12-03 14:03:44.393,SLA Violated,3.0
3710,2023-11-30 12:52:47,2023-11-28 13:52:47,2023-11-28 13:30:35.702,Within SLA,,SLA Violated,
3711,2023-11-30 23:20:48,2023-11-29 00:20:48,2023-11-28 23:59:12.063,Within SLA,2023-11-30 04:37:00.438,Within SLA,
3712,2023-12-01 07:28:15,2023-11-29 08:28:15,2023-11-29 07:34:00.864,Within SLA,2023-11-30 03:23:25.388,Within SLA,1.0
3713,2023-12-01 20:15:55,2023-11-29 21:15:55,2023-11-29 20:33:56.595,Within SLA,,SLA Violated,
3715,2023-11-30 09:46:58,2023-11-29 09:48:58,2023-11-29 09:48:12.504,Within SLA,2023-11-30 01:39:33.175,Within SLA,2.0
3716,2023-11-30 08:34:33,2023-11-29 08:36:33,2023-11-29 08:34:38.479,Within SLA,,SLA Violated,
3717,2023-12-01 18:23:18,2023-11-29 18:25:18,2023-11-29 18:24:58.373,Within SLA,2023-11-30 20:16:03.000,Within SLA,
3718,2023-11-30 16:04:30,2023-11-29 16:06:30,2023-11-29 16:04:42.768,Within SLA,,SLA Violated,
3719,2023-11-30 07:12:23,2023-11-29 07:14:23,2023-11-29 07:13:01.343,Within SLA,2023-12-01 00:10:46.511,SLA Violated,4.0
3720,2023-12-01 08:46:33,2023-11-29 08:48:33,2023-11-29 08:47:39.823,Within SLA,2023-11-30 05:57:54.009,Within SLA,5.0
3721,2023-12-01 05:31:07,2023-11-29 06:31:07,2023-11-29 05:59:46.276,Within SLA,2023-11-30 11:00:46.278,Within SLA,5.0
3722,2023-12-01 17:46:20,2023-11-29 17:48:20,2023-11-29 17:46:48.712,Within SLA,2023-12-01 14:30:32.247,Within SLA,3.0
3723,2023-12-02 01:07:50,2023-11-30 02:07:50,2023-11-30 01:21:09.667,Within SLA,2023-11-30 02:45:04.986,Within SLA,3.0
3724,2023-12-02 12:39:04,2023-11-30 13:39:04,2023-11-30 13:08:17.262,Within SLA,2023-12-02 14:19:51.991,SLA Violated,
3725,2023-12-02 17:40:21,2023-11-30 17:42:21,2023-11-30 17:41:21.593,Within SLA,2023-12-04 23:26:20.899,SLA Violated,5.0
3726,2023-12-02 13:39:54,2023-11-30 14:39:54,2023-11-30 14:15:17.758,Within SLA,2023-12-01 16:13:29.566,Within SLA,3.0
3727,2023-12-01 20:07:53,2023-11-30 20:09:53,2023-11-30 20:08:20.329,Within SLA,2023-12-01 12:12:03.957,Within SLA,
3728,2023-12-02 20:06:50,2023-11-30 21:06:50,2023-11-30 21:01:08.585,Within SLA,2023-12-02 08:32:57.285,Within SLA,
3729,2023-12-03 03:24:05,2023-12-01 04:24:05,2023-12-01 04:03:37.064,Within SLA,2023-12-01 20:54:39.524,Within SLA,2.0
3730,2023-12-01 06:16:32,2023-11-30 06:18:32,2023-11-30 06:20:32.496,SLA Violated,2023-12-03 00:57:31.229,SLA Violated,4.0
3731,2023-12-02 18:33:41,2023-11-30 18:35:41,2023-11-30 18:35:34.744,Within SLA,2023-12-01 22:06:20.717,Within SLA,5.0
3732,2023-12-02 06:43:27,2023-11-30 07:43:27,2023-11-30 07:01:13.454,Within SLA,2023-12-01 23:12:03.345,Within SLA,
3733,2023-12-02 15:52:26,2023-11-30 16:52:26,2023-11-30 16:08:19.754,Within SLA,2023-12-01 23:29:07.996,Within SLA,4.0
3734,2023-12-02 16:14:08,2023-11-30 17:14:08,2023-11-30 16:27:48.267,Within SLA,2023-12-02 15:47:26.612,Within SLA,4.0
3735,2023-12-01 20:41:41,2023-11-30 20:43:41,2023-11-30 20:43:19.398,Within SLA,2023-12-01 14:22:16.193,Within SLA,4.0
3736,2023-12-01 17:36:28,2023-11-30 17:38:28,2023-11-30 17:37:52.060,Within SLA,2023-12-02 13:29:03.081,SLA Violated,1.0
3737,2023-12-03 09:12:24,2023-12-01 10:12:24,2023-12-01 10:11:25.657,Within SLA,,SLA Violated,
3738,2023-12-03 15:27:24,2023-12-01 16:27:24,2023-12-01 16:06:51.421,Within SLA,,SLA Violated,
3739,2023-12-03 11:10:41,2023-12-01 12:10:41,2023-12-01 11:50:05.824,Within SLA,2023-12-02 16:33:18.965,Within SLA,4.0
3740,2023-12-02 10:04:05,2023-12-01 10:06:05,,SLA Violated,,SLA Violated,
3741,2023-12-03 03:07:45,2023-12-02 03:09:45,,SLA Violated,,SLA Violated,
3742,2023-12-03 13:23:02,2023-12-01 14:23:02,2023-12-01 14:09:50.930,Within SLA,2023-12-03 01:56:45.432,Within SLA,3.0
3743,2023-12-03 03:43:53,2023-12-02 03:45:53,2023-12-02 03:48:41.494,SLA Violated,,SLA Violated,
3744,2023-12-03 08:13:09,2023-12-02 08:15:09,2023-12-02 08:14:10.235,Within SLA,2023-12-03 02:38:15.621,Within SLA,5.0
3745,2023-12-04 08:47:24,2023-12-02 09:47:24,2023-12-02 08:56:47.390,Within SLA,2023-12-08 06:00:06.059,SLA Violated,4.0
3746,2023-12-04 22:40:06,2023-12-02 23:40:06,2023-12-02 23:34:08.522,Within SLA,2023-12-03 22:42:02.201,Within SLA,2.0
3752,2023-12-04 20:47:24,2023-12-02 21:47:24,2023-12-02 23:53:52.647,SLA Violated,2023-12-03 01:31:13.411,Within SLA,4.0
3753,2023-12-03 06:33:34,2023-12-02 06:35:34,2023-12-02 06:34:00.309,Within SLA,2023-12-03 13:36:02.762,SLA Violated,
3755,2023-12-04 12:41:59,2023-12-03 12:43:59,2023-12-03 12:43:03.640,Within SLA,,SLA Violated,
3756,2023-12-06 04:02:15,2023-12-04 05:02:15,2023-12-04 04:42:01.151,Within SLA,2023-12-04 18:52:26.029,Within SLA,4.0
3757,2023-12-04 14:36:37,2023-12-03 14:38:37,2023-12-03 14:37:44.987,Within SLA,2023-12-04 13:43:14.488,Within SLA,4.0
3758,2023-12-04 17:13:20,2023-12-03 17:15:20,2023-12-03 17:13:24.976,Within SLA,2023-12-04 16:00:37.314,Within SLA,1.0
3759,2023-12-04 21:40:24,2023-12-03 21:42:24,2023-12-03 21:41:16.539,Within SLA,2023-12-06 00:04:43.890,SLA Violated,
3760,2023-12-05 13:41:50,2023-12-03 14:41:50,2023-12-03 13:51:53.682,Within SLA,2023-12-06 03:34:02.470,SLA Violated,4.0
3762,2023-12-05 08:02:19,2023-12-04 08:04:19,2023-12-04 08:03:24.139,Within SLA,2023-12-05 04:07:50.021,Within SLA,5.0
3763,2023-12-06 19:53:51,2023-12-04 20:53:51,2023-12-04 20:11:04.774,Within SLA,2023-12-06 11:14:21.879,Within SLA,
3765,2023-12-06 09:44:02,2023-12-04 10:44:02,2023-12-04 09:58:41.644,Within SLA,2023-12-05 11:40:56.591,Within SLA,3.0
3766,2023-12-06 22:21:19,2023-12-04 23:21:19,2023-12-04 23:05:55.223,Within SLA,2023-12-06 06:58:37.751,Within SLA,5.0
3767,2023-12-06 01:25:55,2023-12-05 01:27:55,2023-12-05 01:30:27.956,SLA Violated,2023-12-05 01:47:38.811,Within SLA,1.0
3770,2023-12-06 23:47:16,2023-12-05 00:47:16,2023-12-05 00:45:57.481,Within SLA,2023-12-08 02:46:44.568,SLA Violated,4.0
3771,2023-12-05 09:19:29,2023-12-04 09:21:29,2023-12-04 09:19:40.678,Within SLA,,SLA Violated,
3772,2023-12-06 12:48:05,2023-12-04 13:48:05,2023-12-04 13:14:18.134,Within SLA,2023-12-05 02:30:05.684,Within SLA,5.0
3773,2023-12-07 14:29:27,2023-12-05 15:29:27,2023-12-05 14:35:07.702,Within SLA,2023-12-06 11:39:56.697,Within SLA,1.0
3774,2023-12-07 01:35:11,2023-12-06 01:37:11,2023-12-06 01:40:18.563,SLA Violated,2023-12-06 19:08:18.693,Within SLA,5.0
3775,2023-12-06 22:34:01,2023-12-05 22:36:01,2023-12-05 22:34:58.101,Within SLA,2023-12-06 20:53:35.586,Within SLA,5.0
3776,2023-12-06 07:07:14,2023-12-05 07:09:14,2023-12-05 07:08:41.422,Within SLA,2023-12-10 10:19:39.229,SLA Violated,
3777,2023-12-07 21:10:33,2023-12-05 22:10:33,2023-12-05 21:28:48.999,Within SLA,2023-12-06 04:40:59.258,Within SLA,5.0
3778,2023-12-06 22:19:35,2023-12-05 22:21:35,2023-12-05 22:19:47.548,Within SLA,2023-12-06 12:59:58.332,Within SLA,5.0
3779,2023-12-07 08:25:18,2023-12-05 09:25:18,2023-12-05 08:38:24.150,Within SLA,2023-12-05 23:25:30.434,Within SLA,5.0
3780,2023-12-06 21:52:36,2023-12-05 21:54:36,2023-12-05 21:56:10.731,SLA Violated,2023-12-09 06:05:15.667,SLA Violated,4.0
3781,2023-12-07 14:49:17,2023-12-05 15:49:17,2023-12-05 15:21:40.058,Within SLA,,SLA Violated,
3782,2023-12-08 12:16:35,2023-12-06 13:16:35,2023-12-06 13:13:10.885,Within SLA,2023-12-06 14:29:43.590,Within SLA,2.0
3783,2023-12-07 05:28:18,2023-12-06 05:30:18,2023-12-06 05:29:15.252,Within SLA,2023-12-06 18:55:04.154,Within SLA,5.0
3784,2023-12-08 02:29:10,2023-12-07 02:31:10,2023-12-07 02:29:34.151,Within SLA,2023-12-13 00:04:44.655,SLA Violated,4.0
3785,2023-12-08 18:58:09,2023-12-06 19:58:09,2023-12-06 19:24:00.201,Within SLA,2023-12-12 05:26:38.911,SLA Violated,3.0
3786,2023-12-08 14:54:13,2023-12-06 15:54:13,2023-12-06 15:51:23.070,Within SLA,2023-12-08 03:10:11.235,Within SLA,
3787,2023-12-08 08:52:38,2023-12-06 09:52:38,,SLA Violated,,SLA Violated,
3788,2023-12-08 22:56:14,2023-12-06 23:56:14,2023-12-06 23:32:59.245,Within SLA,2023-12-08 03:24:48.016,Within SLA,4.0
3789,2023-12-08 23:49:15,2023-12-07 23:51:15,2023-12-07 23:50:56.413,Within SLA,2023-12-08 09:22:44.696,Within SLA,
3790,2023-12-09 03:00:48,2023-12-08 03:02:48,2023-12-08 03:02:03.021,Within SLA,2023-12-09 20:19:39.678,SLA Violated,3.0
3791,2023-12-09 07:56:44,2023-12-07 08:56:44,2023-12-07 08:43:39.645,Within SLA,,SLA Violated,
3792,2023-12-09 08:27:04,2023-12-07 09:27:04,2023-12-07 09:11:17.430,Within SLA,2023-12-07 11:57:33.099,Within SLA,4.0
3793,2023-12-09 01:45:23,2023-12-08 01:47:23,,SLA Violated,,SLA Violated,
3794,2023-12-09 06:47:33,2023-12-07 07:47:33,2023-12-07 08:53:33.936,SLA Violated,2023-12-10 17:04:48.024,SLA Violated,
3795,2023-12-09 03:35:46,2023-12-08 03:37:46,2023-12-08 03:36:38.742,Within SLA,2023-12-09 01:04:53.684,Within SLA,2.0
3797,2023-12-09 06:02:40,2023-12-07 07:02:40,2023-12-07 06:38:44.560,Within SLA,2023-12-07 23:03:03.680,Within SLA,5.0
3798,2023-12-11 00:29:32,2023-12-09 01:29:32,2023-12-09 01:24:21.138,Within SLA,2023-12-09 01:58:51.203,Within SLA,4.0
3799,2023-12-10 03:29:50,2023-12-09 03:31:50,2023-12-09 03:29:56.931,Within SLA,2023-12-13 23:47:34.399,SLA Violated,
3801,2023-12-11 02:05:54,2023-12-09 03:05:54,2023-12-09 02:51:50.339,Within SLA,2023-12-09 21:13:06.623,Within SLA,5.0
3802,2023-12-09 20:21:56,2023-12-08 20:23:56,2023-12-08 20:23:01.133,Within SLA,2023-12-09 09:56:30.500,Within SLA,1.0
3803,2023-12-10 16:28:58,2023-12-08 17:28:58,2023-12-08 17:19:11.165,Within SLA,2023-12-09 12:19:21.969,Within SLA,4.0
3804,2023-12-10 21:08:01,2023-12-08 22:08:01,2023-12-08 21:16:25.450,Within SLA,2023-12-10 20:17:11.027,Within SLA,2.0
3805,2023-12-10 15:42:36,2023-12-08 16:42:36,2023-12-08 15:57:16.961,Within SLA,2023-12-08 18:25:30.102,Within SLA,4.0
3806,2023-12-10 18:42:26,2023-12-08 18:44:26,2023-12-08 18:43:25.069,Within SLA,2023-12-09 10:45:38.833,Within SLA,4.0
3812,2023-12-10 23:12:30,2023-12-09 23:14:30,2023-12-09 23:13:32.265,Within SLA,2023-12-10 18:56:24.482,Within SLA,4.0
3813,2023-12-11 07:41:17,2023-12-09 08:41:17,2023-12-09 08:11:00.454,Within SLA,2023-12-12 22:44:36.561,SLA Violated,3.0
3814,2023-12-11 14:47:02,2023-12-09 15:47:02,2023-12-09 15:08:51.265,Within SLA,2023-12-10 20:18:43.428,Within SLA,3.0
3815,2023-12-10 14:30:21,2023-12-09 14:32:21,2023-12-09 14:30:25.483,Within SLA,2023-12-10 14:02:06.488,Within SLA,5.0
3816,2023-12-12 01:53:54,2023-12-10 01:55:54,2023-12-10 01:54:15.359,Within SLA,2023-12-11 18:25:50.972,Within SLA,
3817,2023-12-11 05:08:27,2023-12-10 05:10:27,2023-12-10 05:08:33.541,Within SLA,2023-12-10 09:41:20.495,Within SLA,4.0
3818,2023-12-12 03:40:41,2023-12-11 03:42:41,,SLA Violated,,SLA Violated,
3819,2023-12-12 22:29:44,2023-12-10 23:29:44,2023-12-10 22:40:01.594,Within SLA,2023-12-13 12:23:42.726,SLA Violated,5.0
3820,2023-12-13 01:12:57,2023-12-11 02:12:57,2023-12-11 05:25:40.025,SLA Violated,2023-12-15 06:23:51.631,SLA Violated,5.0
3821,2023-12-12 00:12:58,2023-12-11 00:14:58,2023-12-11 00:13:32.738,Within SLA,2023-12-12 14:36:37.602,SLA Violated,2.0
3822,2023-12-12 20:47:58,2023-12-10 21:47:58,2023-12-10 21:27:45.736,Within SLA,,SLA Violated,
3828,2023-12-13 11:10:27,2023-12-11 12:10:27,2023-12-11 12:10:26.538,Within SLA,2023-12-16 00:12:16.231,SLA Violated,5.0
3829,2023-12-14 03:06:52,2023-12-12 04:06:52,2023-12-12 03:08:25.871,Within SLA,,SLA Violated,
3830,2023-12-13 06:00:06,2023-12-11 07:00:06,,SLA Violated,,SLA Violated,
3831,2023-12-12 12:52:40,2023-12-11 12:54:40,2023-12-11 12:53:53.290,Within SLA,2023-12-11 21:46:32.679,Within SLA,
3832,2023-12-13 06:16:44,2023-12-11 06:18:44,2023-12-11 06:17:13.501,Within SLA,2023-12-12 01:26:14.154,Within SLA,2.0
3833,2023-12-14 00:50:54,2023-12-12 01:50:54,2023-12-12 01:43:50.729,Within SLA,2023-12-12 22:39:03.389,Within SLA,4.0
3834,2023-12-13 09:32:49,2023-12-11 10:32:49,2023-12-11 10:25:08.907,Within SLA,2023-12-11 19:24:37.686,Within SLA,2.0
3835,2023-12-12 19:58:22,2023-12-11 20:00:22,2023-12-11 19:58:52.609,Within SLA,,SLA Violated,
3837,2023-12-14 11:24:10,2023-12-12 12:24:10,2023-12-12 12:09:43.954,Within SLA,2023-12-14 02:39:15.602,Within SLA,3.0
3838,2023-12-13 20:38:11,2023-12-12 20:40:11,2023-12-12 20:39:25.167,Within SLA,2023-12-15 03:10:48.167,SLA Violated,
3839,2023-12-14 13:40:16,2023-12-12 14:40:16,2023-12-12 13:42:47.896,Within SLA,2023-12-13 10:40:15.230,Within SLA,
3840,2023-12-13 23:31:41,2023-12-12 23:33:41,2023-12-12 23:32:39.852,Within SLA,2023-12-13 12:55:43.441,Within SLA,5.0
3841,2023-12-14 11:13:31,2023-12-12 12:13:31,2023-12-12 11:27:55.370,Within SLA,2023-12-14 09:53:33.137,Within SLA,4.0
3842,2023-12-13 05:10:31,2023-12-12 05:12:31,2023-12-12 05:10:36.247,Within SLA,2023-12-12 15:23:25.902,Within SLA,
3843,2023-12-15 13:49:29,2023-12-13 14:49:29,2023-12-13 14:04:25.117,Within SLA,2023-12-16 15:56:24.711,SLA Violated,4.0
3844,2023-12-16 00:06:23,2023-12-14 01:06:23,2023-12-14 00:53:41.438,Within SLA,2023-12-15 07:17:54.695,Within SLA,2.0
3845,2023-12-15 23:00:56,2023-12-14 00:00:56,2023-12-13 23:23:57.361,Within SLA,2023-12-14 14:10:25.544,Within SLA,5.0
3846,2023-12-15 10:24:35,2023-12-13 11:24:35,2023-12-13 10:38:46.951,Within SLA,,SLA Violated,
3847,2023-12-15 15:53:21,2023-12-13 16:53:21,2023-12-13 16:18:27.747,Within SLA,2023-12-14 07:20:26.522,Within SLA,
3849,2023-12-16 02:04:05,2023-12-14 03:04:05,2023-12-14 02:58:41.767,Within SLA,2023-12-14 07:43:15.688,Within SLA,3.0
3850,2023-12-14 10:54:19,2023-12-13 10:56:19,2023-12-13 10:54:31.868,Within SLA,2023-12-13 14:05:22.333,Within SLA,4.0
3851,2023-12-15 14:15:55,2023-12-13 15:15:55,2023-12-13 14:39:50.838,Within SLA,2023-12-14 03:38:26.827,Within SLA,
3852,2023-12-16 22:49:40,2023-12-14 23:49:40,2023-12-14 23:26:45.340,Within SLA,2023-12-15 06:58:23.307,Within SLA,
3854,2023-12-16 09:06:46,2023-12-14 10:06:46,2023-12-14 10:00:34.456,Within SLA,2023-12-16 19:44:29.282,SLA Violated,1.0
3855,2023-12-15 22:09:24,2023-12-14 22:11:24,2023-12-14 22:09:45.615,Within SLA,2023-12-16 16:23:28.652,SLA Violated,3.0
3856,2023-12-16 20:45:25,2023-12-14 21:45:25,2023-12-14 20:55:24.987,Within SLA,2023-12-15 15:49:45.288,Within SLA,4.0
3857,2023-12-15 20:07:48,2023-12-14 20:09:48,2023-12-14 20:08:40.879,Within SLA,2023-12-15 05:03:40.920,Within SLA,
3858,2023-12-15 22:23:53,2023-12-14 22:25:53,2023-12-14 22:26:55.189,SLA Violated,2023-12-18 08:49:46.647,SLA Violated,5.0
3860,2023-12-18 01:30:21,2023-12-16 02:30:21,2023-12-16 02:07:09.465,Within SLA,2023-12-16 03:37:55.536,Within SLA,5.0
3862,2023-12-17 15:06:09,2023-12-15 16:06:09,,SLA Violated,,SLA Violated,
3863,2023-12-17 18:19:40,2023-12-15 19:19:40,2023-12-15 18:46:29.774,Within SLA,,SLA Violated,
3870,2023-12-18 11:13:16,2023-12-16 12:13:16,,SLA Violated,,SLA Violated,
3871,2023-12-18 01:08:02,2023-12-17 01:10:02,2023-12-17 01:12:07.068,SLA Violated,2023-12-17 04:36:10.736,Within SLA,3.0
3872,2023-12-19 02:01:13,2023-12-18 02:03:13,2023-12-18 02:02:49.292,Within SLA,2023-12-18 14:28:34.061,Within SLA,1.0
3873,2023-12-19 13:24:18,2023-12-17 14:24:18,2023-12-17 13:58:14.543,Within SLA,2023-12-18 16:16:44.832,Within SLA,4.0
3874,2023-12-18 08:40:04,2023-12-17 08:42:04,2023-12-17 08:41:02.845,Within SLA,,SLA Violated,
3880,2023-12-18 15:12:25,2023-12-17 15:14:25,2023-12-17 15:12:38.923,Within SLA,2023-12-22 06:45:36.386,SLA Violated,3.0
3881,2023-12-18 08:01:30,2023-12-17 08:03:30,2023-12-17 08:03:17.230,Within SLA,2023-12-17 12:59:42.746,Within SLA,5.0
3882,2023-12-19 06:45:34,2023-12-17 06:47:34,2023-12-17 06:48:00.176,SLA Violated,,SLA Violated,
3883,2023-12-20 03:44:09,2023-12-18 04:44:09,2023-12-18 04:03:10.610,Within SLA,2023-12-23 00:57:10.823,SLA Violated,
3884,2023-12-21 04:41:27,2023-12-19 04:43:27,2023-12-19 04:42:35.826,Within SLA,2023-12-19 10:37:51.874,Within SLA,4.0
3885,2023-12-20 13:45:38,2023-12-18 14:45:38,2023-12-18 14:02:39.692,Within SLA,,SLA Violated,
3886,2023-12-20 11:00:25,2023-12-18 11:02:25,2023-12-18 11:01:39.016,Within SLA,,SLA Violated,
3887,2023-12-21 04:25:00,2023-12-19 05:25:00,2023-12-19 05:20:42.047,Within SLA,2023-12-19 08:42:14.074,Within SLA,4.0
3888,2023-12-20 22:02:21,2023-12-18 22:04:21,2023-12-18 22:03:07.626,Within SLA,2023-12-20 12:06:03.257,Within SLA,
3889,2023-12-19 22:25:51,2023-12-18 22:27:51,2023-12-18 22:27:43.959,Within SLA,2023-12-19 22:04:41.307,Within SLA,4.0
3890,2023-12-19 13:25:11,2023-12-18 13:27:11,2023-12-18 13:26:17.899,Within SLA,2023-12-18 19:19:28.000,Within SLA,3.0
3891,2023-12-20 15:20:16,2023-12-18 16:20:16,2023-12-18 15:22:07.268,Within SLA,2023-12-23 03:32:31.213,SLA Violated,
3892,2023-12-20 18:29:29,2023-12-18 19:29:29,2023-12-18 18:52:40.034,Within SLA,,SLA Violated,
3893,2023-12-20 16:34:41,2023-12-19 16:36:41,2023-12-19 16:35:12.806,Within SLA,2023-12-22 12:48:25.706,SLA Violated,4.0
3895,2023-12-20 10:55:21,2023-12-19 10:57:21,2023-12-19 10:55:25.777,Within SLA,2023-12-19 17:29:42.757,Within SLA,
3898,2023-12-20 10:13:51,2023-12-19 10:15:51,2023-12-19 10:14:15.636,Within SLA,2023-12-22 22:41:42.231,SLA Violated,
3900,2023-12-20 05:47:28,2023-12-19 05:49:28,2023-12-19 05:48:51.047,Within SLA,2023-12-19 16:02:36.898,Within SLA,3.0
3901,2023-12-22 00:57:37,2023-12-20 01:57:37,2023-12-20 01:34:36.622,Within SLA,2023-12-20 15:22:33.918,Within SLA,
3902,2023-12-22 04:05:20,2023-12-20 05:05:20,2023-12-20 04:35:07.865,Within SLA,2023-12-22 01:42:00.126,Within SLA,4.0
3903,2023-12-21 13:47:16,2023-12-19 14:47:16,,SLA Violated,,SLA Violated,
3904,2023-12-21 10:32:23,2023-12-19 11:32:23,2023-12-19 10:44:21.895,Within SLA,2023-12-20 11:46:46.034,Within SLA,
3905,2023-12-22 08:14:23,2023-12-20 09:14:23,2023-12-20 15:03:37.209,SLA Violated,2023-12-21 06:19:12.057,Within SLA,
3906,2023-12-21 11:19:31,2023-12-20 11:21:31,2023-12-20 11:22:35.356,SLA Violated,2023-12-20 15:17:18.502,Within SLA,5.0
3907,2023-12-23 03:08:52,2023-12-21 04:08:52,,SLA Violated,,SLA Violated,
3908,2023-12-22 23:03:42,2023-12-21 00:03:42,2023-12-20 23:44:06.976,Within SLA,2023-12-22 17:43:57.182,Within SLA,
3909,2023-12-21 07:51:25,2023-12-20 07:53:25,2023-12-20 07:52:57.232,Within SLA,2023-12-24 23:54:03.164,SLA Violated,
3910,2023-12-22 04:24:36,2023-12-21 04:26:36,2023-12-21 04:29:54.351,SLA Violated,2023-12-25 14:22:06.796,SLA Violated,1.0
3911,2023-12-21 17:04:35,2023-12-20 17:06:35,2023-12-20 17:04:41.637,Within SLA,,SLA Violated,
3912,2023-12-23 00:52:48,2023-12-21 00:54:48,2023-12-21 00:52:56.200,Within SLA,2023-12-21 07:53:07.984,Within SLA,
3913,2023-12-22 20:58:23,2023-12-21 21:00:23,2023-12-21 20:59:37.157,Within SLA,2023-12-22 13:41:46.026,Within SLA,3.0
3914,2023-12-24 01:19:02,2023-12-22 02:19:02,,SLA Violated,,SLA Violated,
3915,2023-12-24 01:46:12,2023-12-22 02:46:12,2023-12-22 02:34:50.981,Within SLA,2023-12-22 05:38:40.716,Within SLA,4.0
3916,2023-12-23 14:23:15,2023-12-21 15:23:15,2023-12-21 14:52:33.703,Within SLA,2023-12-26 23:00:50.656,SLA Violated,3.0
3917,2023-12-22 23:53:16,2023-12-21 23:55:16,2023-12-21 23:53:53.474,Within SLA,2023-12-22 13:13:13.220,Within SLA,
3918,2023-12-23 13:37:49,2023-12-22 13:39:49,2023-12-22 13:38:31.022,Within SLA,2023-12-22 19:11:58.378,Within SLA,3.0
3919,2023-12-23 09:43:16,2023-12-22 09:45:16,2023-12-22 09:43:27.295,Within SLA,2023-12-26 02:26:47.772,SLA Violated,5.0
3920,2023-12-24 20:36:22,2023-12-22 20:38:22,2023-12-22 20:37:12.055,Within SLA,2023-12-23 07:31:56.111,Within SLA,
3921,2023-12-24 07:52:27,2023-12-22 08:52:27,2023-12-22 08:02:50.822,Within SLA,2023-12-22 22:27:10.720,Within SLA,
3922,2023-12-23 18:17:01,2023-12-22 18:19:01,2023-12-22 18:17:38.906,Within SLA,2023-12-28 17:58:08.130,SLA Violated,3.0
3923,2023-12-23 18:30:59,2023-12-22 18:32:59,2023-12-22 18:31:20.133,Within SLA,2023-12-25 04:42:52.189,SLA Violated,
3924,2023-12-24 22:12:34,2023-12-22 23:12:34,2023-12-22 22:51:35.154,Within SLA,2023-12-23 20:17:19.241,Within SLA,5.0
3925,2023-12-25 03:04:33,2023-12-23 04:04:33,2023-12-23 03:40:04.464,Within SLA,2023-12-23 03:40:28.907,Within SLA,4.0
3926,2023-12-24 12:38:22,2023-12-22 13:38:22,2023-12-22 13:27:20.847,Within SLA,2023-12-23 14:42:15.155,Within SLA,5.0
3927,2023-12-24 16:16:19,2023-12-22 17:16:19,2023-12-22 16:50:50.817,Within SLA,2023-12-23 07:27:36.179,Within SLA,4.0
3928,2023-12-25 14:16:43,2023-12-23 15:16:43,2023-12-23 14:20:59.571,Within SLA,2023-12-24 18:55:13.649,Within SLA,
3929,2023-12-24 05:25:38,2023-12-23 05:27:38,2023-12-23 05:25:45.514,Within SLA,2023-12-23 20:42:40.146,Within SLA,4.0
3930,2023-12-24 09:29:19,2023-12-23 09:31:19,2023-12-23 09:30:52.987,Within SLA,2023-12-25 14:21:42.230,SLA Violated,2.0
3965,2023-12-28 20:48:43,2023-12-27 20:50:43,2023-12-27 20:49:37.027,Within SLA,2023-12-28 14:27:59.783,Within SLA,
3966,2023-12-29 16:10:03,2023-12-27 17:10:03,2023-12-27 17:08:54.565,Within SLA,2024-01-01 17:19:05.866,SLA Violated,
3967,2023-12-30 01:16:47,2023-12-28 02:16:47,2023-12-28 02:02:43.926,Within SLA,2023-12-29 11:38:03.940,Within SLA,
3968,2023-12-29 09:33:46,2023-12-27 10:33:46,2023-12-27 09:43:33.264,Within SLA,2023-12-29 09:04:43.761,Within SLA,3.0
3970,2023-12-29 05:37:16,2023-12-27 06:37:16,,SLA Violated,,SLA Violated,
3971,2023-12-29 00:22:36,2023-12-28 00:24:36,2023-12-28 00:24:55.332,SLA Violated,2023-12-31 08:55:48.905,SLA Violated,
3972,2023-12-28 23:55:02,2023-12-27 23:57:02,2023-12-27 23:56:28.678,Within SLA,2023-12-28 00:43:53.051,Within SLA,
3973,2023-12-29 20:22:32,2023-12-27 21:22:32,2023-12-27 20:42:15.538,Within SLA,2023-12-28 08:26:42.664,Within SLA,2.0
3975,2023-12-31 00:21:47,2023-12-29 01:21:47,2023-12-29 01:01:13.146,Within SLA,2023-12-30 17:00:19.058,Within SLA,5.0
3976,2023-12-29 17:19:41,2023-12-28 17:21:41,2023-12-28 17:21:15.394,Within SLA,2023-12-30 01:10:29.997,SLA Violated,
3978,2024-01-01 02:30:01,2023-12-30 03:30:01,2023-12-30 03:28:35.040,Within SLA,2023-12-30 08:38:04.871,Within SLA,2.0
3979,2023-12-31 19:27:25,2023-12-29 20:27:25,2023-12-29 19:40:41.413,Within SLA,2023-12-30 03:06:24.311,Within SLA,3.0
3981,2023-12-30 19:59:36,2023-12-29 20:01:36,2023-12-29 20:00:30.285,Within SLA,2023-12-31 20:48:35.260,SLA Violated,
3982,2023-12-31 21:43:21,2023-12-29 22:43:21,2023-12-29 22:11:24.429,Within SLA,2024-01-01 21:20:50.792,SLA Violated,4.0
3983,2023-12-31 17:16:43,2023-12-29 18:16:43,2023-12-29 17:59:58.721,Within SLA,2023-12-30 19:40:52.586,Within SLA,
3984,2023-12-30 19:00:44,2023-12-29 19:02:44,2023-12-29 19:02:10.732,Within SLA,2023-12-30 18:29:16.566,Within SLA,
3985,2023-12-30 21:29:15,2023-12-29 21:31:15,2023-12-29 21:31:38.378,SLA Violated,2023-12-30 17:10:38.222,Within SLA,4.0
3986,2024-01-01 02:52:38,2023-12-30 03:52:38,2023-12-30 03:46:57.815,Within SLA,,Within SLA,
3987,2023-12-30 20:20:30,2023-12-29 20:22:30,2023-12-29 20:22:17.036,Within SLA,2023-12-30 14:05:38.413,Within SLA,
3988,2023-12-31 08:33:04,2023-12-29 09:33:04,2023-12-29 09:29:37.420,Within SLA,2023-12-30 23:38:54.682,Within SLA,
3996,2024-01-01 08:11:44,2023-12-30 09:11:44,2023-12-30 09:09:58.671,Within SLA,2023-12-31 01:49:05.132,Within SLA,
3997,2024-01-01 09:51:54,2023-12-30 10:51:54,2023-12-30 09:54:26.957,Within SLA,2024-01-04 10:39:41.133,SLA Violated,
3998,2024-01-01 18:16:56,2023-12-30 19:16:56,2023-12-30 18:53:21.103,Within SLA,2024-01-01 04:25:16.816,Within SLA,
3999,2024-01-02 00:49:51,2023-12-31 01:49:51,2023-12-31 01:18:08.199,Within SLA,2024-01-01 15:17:15.196,Within SLA,
