ticket_id,status,priority,source,topic,created_time,close_time,product_group,support_level,country,latitude,longitude
2916,Closed,Low,Chat,Pricing and licensing,2023-08-21 07:51:19.000000,2023-08-26 10:07:15.902,Custom software development,Tier 1,Spain,39.67337,-4.767726
2917,Open,Medium,Email,Product setup,2023-08-21 07:01:38.000000,,Ready to use Software,Tier 1,Germany,51.165691,10.451526
2920,Closed,High,Email,Pricing and Licensing,2023-08-21 06:49:00.000000,2023-08-25 22:19:34.152,Custom software development,Tier 1,Spain,39.67337,-4.767726
2921,In progress,High,Email,Feature request,2023-08-21 11:26:33.000000,,Ready to use Software,Tier 1,Italy,43.036776,12.678565
2922,In progress,Medium,Chat,Training request,2023-08-21 11:51:18.000000,,Training and Consulting Services,Tier 1,Germany,51.165691,10.451526
2923,Resolved,High,Email,Other,2023-08-22 08:27:03.000000,,Training and Consulting Services,Tier 1,United Kingdom,55.378052,-3.435973
2924,Resolved,High,Email,Product setup,2023-08-22 23:29:31.000000,,Other,Tier 2,Germany,51.165691,10.451526
2926,Resolved,Low,Email,Bug report,2023-08-22 17:47:01.000000,,Ready to use Software,Tier 2,Germany,51.165691,10.451526
2927,Closed,Low,Email,Bug report,2023-08-22 19:20:45.000000,2023-08-27 09:01:12.291,Custom software development,Tier 1,United Kingdom,55.378052,-3.435973
2928,Resolved,Low,Email,Feature request,2023-08-22 11:32:33.000000,,Other,Tier 1,Czech Republic,49.8037633,15.4749126
2929,Closed,Medium,Chat,Purchasing and invoicing,2023-08-22 06:24:14.000000,2023-08-27 03:16:31.916,Training and Consulting Services,Tier 1,Spain,39.67337,-4.767726
2930,Closed,Low,Chat,Bug report,2023-08-23 03:11:45.000000,2023-08-26 06:38:45.962,Custom software development,Tier 1,Poland,52.536273,19.050639
2931,Closed,Medium,Chat,Training request,2023-08-22 07:00:56.000000,2023-08-25 08:56:56.387,Training and Consulting Services,Tier 1,Republic of Ireland,53.094024,-8.019675
2932,Closed,Low,Email,Pricing and Licensing,2023-08-22 22:07:13.000000,2023-08-29 11:49:32.037,Custom software development,Tier 1,Italy,43.036776,12.678565
2933,Closed,High,Email,Purchasing and invoicing,2023-08-22 22:04:49.000000,2023-08-27 06:57:25.618,Other,Tier 1,Slovenia,46.1491664,14.9860106
2934,Closed,High,Phone,Bug report,2023-08-22 08:28:36.000000,2023-08-24 23:39:39.981,Ready to use Software,Tier 1,Germany,51.165691,10.451526
2935,Resolved,Medium,Chat,Pricing and licensing,2023-08-23 18:28:02.000000,,Custom software development,Tier 1,Republic of Ireland,53.094024,-8.019675
2936,Closed,Low,Email,Product setup,2023-08-23 21:19:57.000000,2023-08-25 01:03:58.180,Other,Tier 2,Greece,39.368279,21.863141
2937,Resolved,Low,Email,Pricing and Licensing,2023-08-23 16:29:57.000000,,Custom software development,Tier 1,Austria,47.6964719,13.3457347
2938,Resolved,Low,Chat,Purchasing and invoicing,2023-08-23 13:04:37.000000,,Custom software development,Tier 2,Italy,43.036776,12.678565
2939,Resolved,Low,Email,Feature request,2023-08-23 14:00:28.000000,,Ready to use Software,Tier 1,Czech Republic,49.8037633,15.4749126
2940,In progress,Medium,Chat,Product setup,2023-08-23 10:34:06.000000,,Ready to use Software,Tier 1,France,48.864716,2.349014
2941,In progress,Low,Email,Product setup,2023-08-23 06:51:32.000000,,Training and Consulting Services,Tier 1,Greece,39.368279,21.863141
2942,Resolved,Medium,Email,Pricing and licensing,2023-08-23 13:34:18.000000,,Ready to use Software,Tier 1,France,48.864716,2.349014
2943,Closed,Medium,Email,Training request,2023-08-23 04:12:56.000000,2023-08-28 17:58:40.219,Training and Consulting Services,Tier 1,Republic of Ireland,53.094024,-8.019675
2944,Closed,Low,Chat,Pricing and licensing,2023-08-23 23:12:17.000000,2023-08-30 07:26:30.026,Custom software development,Tier 1,Italy,43.036776,12.678565
2945,Resolved,High,Chat,Bug report,2023-08-23 22:56:26.000000,,Ready to use Software,Tier 1,France,48.864716,2.349014
2946,Closed,Low,Phone,Product setup,2023-08-24 05:23:22.000000,2023-08-27 17:53:40.030,Ready to use Software,Tier 2,Greece,39.368279,21.863141
2947,Closed,Medium,Email,Pricing and licensing,2023-08-24 21:27:43.000000,2023-08-27 21:41:52.506,Custom software development,Tier 1,Germany,51.165691,10.451526
2948,Closed,Medium,Chat,Product setup,2023-08-24 20:51:43.000000,2023-08-28 04:35:05.316,Training and Consulting Services,Tier 2,Republic of Ireland,53.094024,-8.019675
2949,Resolved,Low,Chat,Bug report,2023-08-24 13:50:49.000000,,Custom software development,Tier 2,Slovenia,46.1491664,14.9860106
2950,Closed,Low,Chat,Product setup,2023-08-24 12:02:10.000000,2023-08-29 10:08:37.898,Ready to use Software,Tier 1,Spain,39.67337,-4.767726
2951,Resolved,High,Email,Product setup,2023-08-24 22:11:52.000000,,Training and Consulting Services,Tier 1,Germany,51.165691,10.451526
2952,Closed,Medium,Email,Product setup,2023-08-24 11:11:36.000000,2023-08-26 05:04:11.303,Other,Tier 1,Slovenia,46.1491664,14.9860106
2953,In progress,Low,Phone,Product setup,2023-08-24 10:44:24.000000,,Ready to use Software,Tier 1,Czech Republic,49.8037633,15.4749126
2954,Closed,High,Email,Bug report,2023-08-24 04:09:49.000000,2023-08-27 22:06:01.744,Ready to use Software,Tier 1,Germany,51.165691,10.451526
2955,Resolved,High,Email,Purchasing and invoicing,2023-08-24 08:59:59.000000,,Other,Tier 1,Czech Republic,49.8037633,15.4749126
2956,Closed,Medium,Chat,Product setup,2023-08-24 07:29:42.000000,2023-08-28 04:01:25.366,Training and Consulting Services,Tier 1,Bulgaria,42.7249925,25.4833039
2957,Closed,Low,Email,Pricing and licensing,2023-08-25 22:54:17.000000,2023-08-31 07:54:15.940,Training and Consulting Services,Tier 1,Czech Republic,49.8037633,15.4749126
2958,Closed,Low,Chat,Pricing and licensing,2023-08-25 23:31:27.000000,2023-09-02 04:45:22.409,Ready to use Software,Tier 1,Slovenia,46.1491664,14.9860106
2959,Resolved,Low,Email,Pricing and Licensing,2023-08-26 01:09:36.000000,,Custom software development,Tier 1,United Kingdom,55.378052,-3.435973
2960,Resolved,Low,Email,Feature request,2023-08-26 00:56:12.000000,,Other,Tier 2,Germany,51.165691,10.451526
2961,Resolved,Low,Email,Product setup,2023-08-26 02:55:35.000000,,Training and Consulting Services,Tier 1,Italy,43.036776,12.678565
2962,Resolved,Low,Chat,Bug report,2023-08-26 05:17:34.000000,,Custom software development,Tier 1,Germany,51.165691,10.451526
2974,Closed,Medium,Chat,Product setup,2023-08-27 16:53:28.000000,2023-09-02 06:57:24.235,Ready to use Software,Tier 1,United Kingdom,55.378052,-3.435973
2975,Closed,High,Email,Purchasing and invoicing,2023-08-27 16:42:24.000000,2023-08-29 21:00:52.283,Custom software development,Tier 1,Germany,51.165691,10.451526
2976,In progress,Medium,Chat,Bug report,2023-08-28 16:32:47.000000,,Ready to use Software,Tier 2,Bulgaria,42.7249925,25.4833039
2977,Resolved,Low,Phone,Purchasing and invoicing,2023-08-29 01:46:09.000000,,Custom software development,Tier 1,France,48.864716,2.349014
2978,In progress,Low,Email,Feature request,2023-08-28 16:12:43.000000,,Custom software development,Tier 1,Spain,39.67337,-4.767726
2979,Resolved,Low,Chat,Product setup,2023-08-28 09:34:03.000000,,Other,Tier 1,Italy,43.036776,12.678565
2980,Closed,Medium,Email,Training request,2023-08-28 05:24:31.000000,2023-09-02 03:11:11.491,Training and Consulting Services,Tier 1,Republic of Ireland,53.094024,-8.019675
2981,Resolved,High,Chat,Pricing and licensing,2023-08-28 13:07:20.000000,,Ready to use Software,Tier 1,Bulgaria,42.7249925,25.4833039
2982,In progress,Medium,Email,Product setup,2023-08-28 14:05:38.000000,,Ready to use Software,Tier 1,Spain,39.67337,-4.767726
2983,In progress,Low,Phone,Other,2023-08-28 23:45:35.000000,,Training and Consulting Services,Tier 1,Germany,51.165691,10.451526
2984,Closed,Low,Email,Product setup,2023-08-29 12:29:05.000000,2023-08-30 22:43:35.083,Ready to use Software,Tier 1,Slovenia,46.1491664,14.9860106
2985,In progress,Low,Email,Pricing and licensing,2023-08-29 10:58:39.000000,,Ready to use Software,Tier 2,Bulgaria,42.7249925,25.4833039
2986,Closed,Low,Email,Pricing and licensing,2023-08-29 15:45:15.000000,2023-09-03 05:36:51.145,Ready to use Software,Tier 1,Poland,52.536273,19.050639
2987,Resolved,Medium,Chat,Bug report,2023-08-29 09:25:56.000000,,Custom software development,Tier 1,Poland,52.536273,19.050639
2988,Resolved,Medium,Chat,Training request,2023-08-29 12:19:53.000000,,Training and Consulting Services,Tier 1,Italy,43.036776,12.678565
2989,Resolved,High,Email,Product setup,2023-08-29 09:38:56.000000,,Ready to use Software,Tier 2,Italy,43.036776,12.678565
2990,Closed,Medium,Email,Other,2023-08-30 02:00:38.000000,2023-09-02 00:07:09.712,Ready to use Software,Tier 1,Austria,47.6964719,13.3457347
2991,Closed,Medium,Email,Feature request,2023-08-31 01:41:11.000000,2023-09-01 13:04:36.587,Ready to use Software,Tier 2,United Kingdom,55.378052,-3.435973
2992,Closed,Low,Phone,Purchasing and invoicing,2023-08-30 21:06:02.000000,2023-09-03 16:53:44.649,Ready to use Software,Tier 1,United Kingdom,55.378052,-3.435973
2993,Closed,Medium,Email,Pricing and licensing,2023-08-30 14:31:49.000000,2023-09-03 20:41:31.791,Ready to use Software,Tier 1,Austria,47.6964719,13.3457347
2994,Closed,Low,Chat,Product setup,2023-08-31 03:45:05.000000,2023-09-05 23:55:49.995,Ready to use Software,Tier 2,Republic of Ireland,53.094024,-8.019675
2995,Closed,High,Email,Feature request,2023-08-30 16:44:26.000000,2023-09-05 03:16:56.233,Other,Tier 2,Bulgaria,42.7249925,25.4833039
2996,Closed,Low,Chat,Bug report,2023-08-30 13:09:49.000000,2023-09-03 16:25:15.159,Training and Consulting Services,Tier 2,Poland,52.536273,19.050639
2997,In progress,Low,Chat,Purchasing and invoicing,2023-08-30 23:32:54.000000,,Other,Tier 1,Austria,47.6964719,13.3457347
2998,Resolved,Low,Chat,Pricing and licensing,2023-08-30 08:21:13.000000,,Ready to use Software,Tier 1,Republic of Ireland,53.094024,-8.019675
2999,Resolved,Low,Email,Feature request,2023-08-30 09:34:14.000000,,Ready to use Software,Tier 1,Italy,43.036776,12.678565
3000,In progress,Low,Phone,Product setup,2023-08-31 06:16:21.000000,,Other,Tier 1,Slovenia,46.1491664,14.9860106
3001,Closed,Low,Email,Feature request,2023-08-31 21:03:27.000000,2023-09-02 15:51:55.206,Ready to use Software,Tier 2,Poland,52.536273,19.050639
3002,Resolved,Medium,Email,Product setup,2023-09-01 02:11:35.000000,,Ready to use Software,Tier 1,Czech Republic,49.8037633,15.4749126
3003,Resolved,Low,Phone,Product setup,2023-08-31 20:32:43.000000,,Ready to use Software,Tier 1,Germany,51.165691,10.451526
3004,In progress,High,Chat,Pricing and Licensing,2023-08-31 21:52:50.000000,,Custom software development,Tier 1,Austria,47.6964719,13.3457347
3005,Closed,Medium,Chat,Other,2023-08-31 10:04:03.000000,2023-09-04 00:05:01.384,Ready to use Software,Tier 1,United Kingdom,55.378052,-3.435973
3006,Closed,Medium,Email,Feature request,2023-08-31 12:10:53.000000,2023-09-06 00:34:57.024,Ready to use Software,Tier 1,Republic of Ireland,53.094024,-8.019675
3007,Closed,High,Email,Feature request,2023-08-31 22:47:17.000000,2023-09-05 08:22:19.914,Ready to use Software,Tier 2,Poland,52.536273,19.050639
3008,Closed,High,Email,Pricing and Licensing,2023-09-02 01:09:41.000000,2023-09-05 00:25:48.461,Custom software development,Tier 1,United Kingdom,55.378052,-3.435973
3009,Closed,Medium,Email,Bug report,2023-09-02 03:33:18.000000,2023-09-07 02:24:40.543,Custom software development,Tier 1,Spain,39.67337,-4.767726
3010,Resolved,Low,Email,Pricing and Licensing,2023-09-02 00:08:06.000000,,Custom software development,Tier 1,Austria,47.6964719,13.3457347
3011,Resolved,Medium,Phone,Product setup,2023-09-01 15:39:17.000000,,Other,Tier 1,Italy,43.036776,12.678565
3012,Resolved,Low,Email,Product setup,2023-09-01 15:16:05.000000,,Training and Consulting Services,Tier 1,France,48.864716,2.349014
3013,Resolved,Low,Email,Pricing and licensing,2023-09-01 08:42:18.000000,,Ready to use Software,Tier 1,United Kingdom,55.378052,-3.435973
3014,Closed,High,Email,Product setup,2023-09-01 18:27:41.000000,2023-09-05 00:43:30.671,Other,Tier 1,United Kingdom,55.378052,-3.435973
3015,Closed,Medium,Email,Pricing and licensing,2023-09-01 19:08:51.000000,2023-09-04 16:03:09.689,Ready to use Software,Tier 1,Poland,52.536273,19.050639
3020,Resolved,Medium,Email,Pricing and licensing,2023-09-02 21:49:22.000000,,Ready to use Software,Tier 1,Austria,47.6964719,13.3457347
3021,Closed,Medium,Chat,Pricing and Licensing,2023-09-02 06:22:49.000000,2023-09-06 06:12:51.829,Custom software development,Tier 1,Poland,52.536273,19.050639
3022,Closed,High,Chat,Pricing and Licensing,2023-09-03 20:18:23.000000,2023-09-06 16:45:04.094,Custom software development,Tier 1,Slovenia,46.1491664,14.9860106
3023,Resolved,Medium,Chat,Feature request,2023-09-03 12:27:59.000000,,Custom software development,Tier 1,Poland,52.536273,19.050639
3024,Resolved,Medium,Chat,Product setup,2023-09-03 18:17:38.000000,,Custom software development,Tier 2,France,48.864716,2.349014
3025,Closed,Low,Email,Bug report,2023-09-03 15:23:01.000000,2023-09-04 05:43:38.207,Custom software development,Tier 1,Republic of Ireland,53.094024,-8.019675
3026,Closed,Low,Chat,Feature request,2023-09-05 00:05:09.000000,2023-09-09 10:04:55.185,Other,Tier 1,Germany,51.165691,10.451526
3027,Resolved,Low,Chat,Product setup,2023-09-05 02:18:03.000000,,Ready to use Software,Tier 1,Germany,51.165691,10.451526
3028,Closed,Low,Phone,Product setup,2023-09-04 05:34:53.000000,2023-09-07 01:29:23.850,Ready to use Software,Tier 1,Italy,43.036776,12.678565
3029,Closed,Low,Email,Feature request,2023-09-05 03:39:26.000000,2023-09-09 14:26:48.557,Other,Tier 2,Italy,43.036776,12.678565
3030,Resolved,Low,Chat,Feature request,2023-09-04 14:55:40.000000,,Custom software development,Tier 1,United Kingdom,55.378052,-3.435973
3031,In progress,Low,Chat,Purchasing and invoicing,2023-09-04 14:51:23.000000,,Ready to use Software,Tier 2,Czech Republic,49.8037633,15.4749126
3032,Resolved,Low,Email,Feature request,2023-09-04 19:27:00.000000,,Ready to use Software,Tier 1,Czech Republic,49.8037633,15.4749126
3033,Closed,High,Chat,Purchasing and invoicing,2023-09-05 10:07:30.000000,2023-09-12 02:03:00.725,Other,Tier 1,United Kingdom,55.378052,-3.435973
3034,Closed,Low,Chat,Product setup,2023-09-05 07:58:35.000000,2023-09-09 22:09:25.954,Ready to use Software,Tier 1,Spain,39.67337,-4.767726
3035,Closed,Medium,Chat,Pricing and Licensing,2023-09-05 18:43:52.000000,2023-09-07 17:10:15.675,Custom software development,Tier 1,Bulgaria,42.7249925,25.4833039
3036,Closed,Low,Email,Feature request,2023-09-06 20:42:58.000000,2023-09-10 00:18:44.565,Custom software development,Tier 1,Germany,51.165691,10.451526
3037,Closed,Medium,Email,Feature request,2023-09-06 21:04:33.000000,2023-09-08 21:38:13.410,Ready to use Software,Tier 2,France,48.864716,2.349014
3038,Resolved,Low,Chat,Bug report,2023-09-06 06:29:17.000000,,Ready to use Software,Tier 1,Italy,43.036776,12.678565
3039,Closed,Low,Chat,Pricing and licensing,2023-09-06 19:30:44.000000,2023-09-11 12:07:03.841,Custom software development,Tier 1,Germany,51.165691,10.451526
3040,Closed,Medium,Email,Product setup,2023-09-07 03:22:01.000000,2023-09-10 11:02:40.227,Custom software development,Tier 2,Germany,51.165691,10.451526
3041,In progress,Medium,Email,Purchasing and invoicing,2023-09-06 06:31:53.000000,,Ready to use Software,Tier 2,Slovenia,46.1491664,14.9860106
3042,Resolved,Medium,Email,Other,2023-09-06 10:16:22.000000,,Ready to use Software,Tier 1,Poland,52.536273,19.050639
3043,Closed,Medium,Chat,Pricing and licensing,2023-09-07 14:11:05.000000,2023-09-09 14:01:01.822,Custom software development,Tier 1,United Kingdom,55.378052,-3.435973
3044,Closed,Medium,Chat,Other,2023-09-07 04:48:48.000000,2023-09-13 03:10:34.242,Ready to use Software,Tier 1,France,48.864716,2.349014
3045,Closed,Low,Phone,Purchasing and invoicing,2023-09-07 14:33:10.000000,2023-09-12 12:41:33.398,Training and Consulting Services,Tier 1,Italy,43.036776,12.678565
3046,Closed,Low,Email,Pricing and licensing,2023-09-07 18:17:03.000000,2023-09-11 13:50:54.655,Custom software development,Tier 1,United Kingdom,55.378052,-3.435973
3047,Closed,Low,Phone,Pricing and licensing,2023-09-07 06:32:34.000000,2023-09-09 15:32:58.812,Ready to use Software,Tier 2,Czech Republic,49.8037633,15.4749126
3048,Closed,Low,Chat,Other,2023-09-07 12:39:28.000000,2023-09-11 00:35:52.199,Custom software development,Tier 1,Slovenia,46.1491664,14.9860106
3049,Resolved,Medium,Chat,Bug report,2023-09-07 15:21:45.000000,,Ready to use Software,Tier 2,Slovenia,46.1491664,14.9860106
3050,In progress,Medium,Chat,Product setup,2023-09-08 10:40:11.000000,,Other,Tier 1,Poland,52.536273,19.050639
3051,Closed,Low,Chat,Feature request,2023-09-08 13:52:38.000000,2023-09-11 09:37:09.692,Ready to use Software,Tier 2,Poland,52.536273,19.050639
3052,Resolved,Medium,Email,Other,2023-09-08 12:22:08.000000,,Ready to use Software,Tier 2,United Kingdom,55.378052,-3.435973
3053,Closed,High,Email,Other,2023-09-09 02:51:17.000000,2023-09-10 04:31:55.050,Ready to use Software,Tier 2,Poland,52.536273,19.050639
3054,In progress,Low,Chat,Pricing and licensing,2023-09-09 00:21:49.000000,,Other,Tier 1,United Kingdom,55.378052,-3.435973
3055,In progress,Low,Phone,Other,2023-09-09 17:21:44.000000,,Ready to use Software,Tier 2,United Kingdom,55.378052,-3.435973
3056,In progress,Low,Email,Product setup,2023-09-09 19:22:52.000000,,Ready to use Software,Tier 1,Spain,39.67337,-4.767726
3057,Resolved,Low,Chat,Feature request,2023-09-09 11:08:07.000000,,Ready to use Software,Tier 1,Slovenia,46.1491664,14.9860106
3058,Closed,High,Phone,Feature request,2023-09-09 10:14:30.000000,2023-09-16 23:56:30.636,Custom software development,Tier 1,Greece,39.368279,21.863141
3068,In progress,High,Chat,Product setup,2023-09-10 13:12:48.000000,,Custom software development,Tier 2,Poland,52.536273,19.050639
3069,Closed,Medium,Chat,Bug report,2023-09-10 07:13:55.000000,2023-09-12 05:45:48.972,Custom software development,Tier 1,Germany,51.165691,10.451526
3070,Resolved,Medium,Chat,Product setup,2023-09-11 00:22:38.000000,,Ready to use Software,Tier 1,Bulgaria,42.7249925,25.4833039
3071,Resolved,Low,Chat,Purchasing and invoicing,2023-09-10 10:36:03.000000,,Ready to use Software,Tier 1,Spain,39.67337,-4.767726
3072,In progress,Medium,Chat,Product setup,2023-09-11 16:01:46.000000,,Ready to use Software,Tier 1,Greece,39.368279,21.863141
3073,Closed,Low,Email,Pricing and licensing,2023-09-11 10:29:45.000000,2023-09-16 23:40:11.865,Ready to use Software,Tier 1,Czech Republic,49.8037633,15.4749126
3074,Closed,Low,Chat,Purchasing and invoicing,2023-09-11 09:40:59.000000,2023-09-17 02:34:16.651,Training and Consulting Services,Tier 1,Greece,39.368279,21.863141
3075,Resolved,Medium,Email,Other,2023-09-12 03:52:07.000000,,Ready to use Software,Tier 1,Austria,47.6964719,13.3457347
3076,Resolved,High,Chat,Pricing and Licensing,2023-09-11 11:01:21.000000,,Custom software development,Tier 1,Italy,43.036776,12.678565
3077,Resolved,Low,Email,Bug report,2023-09-11 04:39:37.000000,,Custom software development,Tier 2,France,48.864716,2.349014
3078,Closed,Low,Email,Feature request,2023-09-11 05:52:30.000000,2023-09-17 23:04:06.537,Ready to use Software,Tier 2,France,48.864716,2.349014
3079,Closed,Low,Email,Feature request,2023-09-11 20:12:48.000000,2023-09-15 20:12:51.399,Ready to use Software,Tier 1,United Kingdom,55.378052,-3.435973
3080,Closed,Low,Chat,Training request,2023-09-12 19:14:55.000000,2023-09-17 19:26:43.812,Training and Consulting Services,Tier 1,Germany,51.165691,10.451526
3081,Resolved,High,Chat,Feature request,2023-09-13 03:05:55.000000,,Ready to use Software,Tier 1,Germany,51.165691,10.451526
3082,Resolved,Low,Chat,Feature request,2023-09-12 17:30:51.000000,,Other,Tier 2,France,48.864716,2.349014
3083,Closed,Medium,Chat,Pricing and Licensing,2023-09-12 05:42:27.000000,2023-09-14 06:53:38.738,Custom software development,Tier 1,Poland,52.536273,19.050639
3084,Closed,Low,Email,Bug report,2023-09-13 01:51:21.000000,2023-09-19 02:32:47.838,Training and Consulting Services,Tier 2,France,48.864716,2.349014
3085,Closed,High,Chat,Purchasing and invoicing,2023-09-12 09:30:01.000000,2023-09-18 07:27:39.420,Training and Consulting Services,Tier 1,Greece,39.368279,21.863141
3086,In progress,Low,Chat,Feature request,2023-09-12 11:10:41.000000,,Custom software development,Tier 1,Spain,39.67337,-4.767726
3087,Resolved,Low,Email,Pricing and licensing,2023-09-13 12:10:13.000000,,Ready to use Software,Tier 1,Czech Republic,49.8037633,15.4749126
3088,Resolved,Low,Email,Product setup,2023-09-13 11:27:37.000000,,Ready to use Software,Tier 1,Poland,52.536273,19.050639
3089,Resolved,High,Email,Pricing and licensing,2023-09-14 02:49:49.000000,,Ready to use Software,Tier 1,Spain,39.67337,-4.767726
3090,Closed,Medium,Email,Pricing and licensing,2023-09-13 22:38:56.000000,2023-09-20 05:05:41.075,Ready to use Software,Tier 1,Czech Republic,49.8037633,15.4749126
3091,Closed,Medium,Email,Bug report,2023-09-13 09:38:34.000000,2023-09-16 13:12:41.361,Custom software development,Tier 1,France,48.864716,2.349014
3092,Closed,Medium,Chat,Other,2023-09-14 06:24:22.000000,2023-09-15 21:00:48.094,Ready to use Software,Tier 1,Austria,47.6964719,13.3457347
3093,Closed,Low,Email,Feature request,2023-09-14 20:22:03.000000,2023-09-17 09:52:41.393,Ready to use Software,Tier 2,Poland,52.536273,19.050639
3094,Resolved,Low,Email,Pricing and licensing,2023-09-14 05:53:12.000000,,Custom software development,Tier 1,United Kingdom,55.378052,-3.435973
3095,In progress,Low,Email,Purchasing and invoicing,2023-09-14 16:58:10.000000,,Other,Tier 1,Poland,52.536273,19.050639
3096,Closed,Low,Email,Purchasing and invoicing,2023-09-15 06:21:22.000000,2023-09-17 12:59:49.925,Custom software development,Tier 1,Poland,52.536273,19.050639
3097,In progress,Low,Chat,Feature request,2023-09-16 03:13:37.000000,,Ready to use Software,Tier 1,Poland,52.536273,19.050639
3098,Closed,High,Chat,Pricing and licensing,2023-09-15 13:52:42.000000,2023-09-19 18:39:21.803,Training and Consulting Services,Tier 2,Slovenia,46.1491664,14.9860106
3099,Closed,Medium,Chat,Purchasing and invoicing,2023-09-15 06:34:04.000000,2023-09-17 16:21:19.837,Ready to use Software,Tier 1,Austria,47.6964719,13.3457347
3100,Resolved,Medium,Phone,Pricing and licensing,2023-09-15 16:12:26.000000,,Other,Tier 1,United Kingdom,55.378052,-3.435973
3101,Closed,High,Chat,Pricing and licensing,2023-09-15 11:31:17.000000,2023-09-22 16:47:40.015,Training and Consulting Services,Tier 1,Germany,51.165691,10.451526
3102,Closed,Medium,Chat,Product setup,2023-09-15 13:48:58.000000,2023-09-18 23:11:07.970,Ready to use Software,Tier 1,Poland,52.536273,19.050639
3103,Closed,Low,Phone,Pricing and licensing,2023-09-15 17:32:04.000000,2023-09-19 10:27:31.823,Ready to use Software,Tier 2,Czech Republic,49.8037633,15.4749126
3104,Resolved,Low,Chat,Purchasing and invoicing,2023-09-17 01:36:50.000000,,Other,Tier 1,Republic of Ireland,53.094024,-8.019675
3105,Closed,Low,Email,Product setup,2023-09-16 07:27:45.000000,2023-09-20 11:51:05.328,Ready to use Software,Tier 2,Spain,39.67337,-4.767726
3120,Resolved,High,Chat,Product setup,2023-09-17 08:00:18.000000,,Other,Tier 1,United Kingdom,55.378052,-3.435973
3122,Closed,Medium,Email,Product setup,2023-09-17 11:39:25.000000,2023-09-21 04:31:51.002,Ready to use Software,Tier 1,Italy,43.036776,12.678565
3124,Closed,Low,Email,Bug report,2023-09-19 01:59:50.000000,2023-09-22 07:19:46.749,Ready to use Software,Tier 1,Czech Republic,49.8037633,15.4749126
3125,Closed,High,Chat,Purchasing and invoicing,2023-09-18 22:47:16.000000,2023-09-20 01:27:16.701,Training and Consulting Services,Tier 2,Bulgaria,42.7249925,25.4833039
3126,Closed,Low,Email,Other,2023-09-18 06:37:37.000000,2023-09-20 15:25:06.300,Ready to use Software,Tier 1,Bulgaria,42.7249925,25.4833039
3127,Closed,Medium,Email,Other,2023-09-18 14:26:53.000000,2023-09-22 04:38:40.761,Custom software development,Tier 1,Austria,47.6964719,13.3457347
3128,Closed,Medium,Chat,Pricing and Licensing,2023-09-18 23:11:54.000000,2023-09-22 19:55:26.865,Custom software development,Tier 1,Germany,51.165691,10.451526
3130,Resolved,High,Email,Product setup,2023-09-19 02:00:02.000000,,Training and Consulting Services,Tier 2,Austria,47.6964719,13.3457347
3132,Closed,Low,Chat,Training request,2023-09-18 10:51:24.000000,2023-09-23 02:49:54.316,Training and Consulting Services,Tier 1,Germany,51.165691,10.451526
3133,Closed,Medium,Email,Product setup,2023-09-18 15:31:34.000000,2023-09-23 19:29:32.717,Ready to use Software,Tier 1,Slovenia,46.1491664,14.9860106
3134,Closed,High,Email,Other,2023-09-18 18:49:08.000000,2023-09-22 17:28:30.812,Training and Consulting Services,Tier 1,Bulgaria,42.7249925,25.4833039
3135,In progress,Low,Email,Product setup,2023-09-19 15:41:28.000000,,Other,Tier 1,Italy,43.036776,12.678565
3136,Closed,High,Email,Feature request,2023-09-19 11:00:57.000000,2023-09-24 03:32:37.723,Ready to use Software,Tier 2,Spain,39.67337,-4.767726
3137,Resolved,Medium,Chat,Pricing and licensing,2023-09-19 09:34:04.000000,,Ready to use Software,Tier 1,Poland,52.536273,19.050639
3138,Closed,High,Email,Pricing and licensing,2023-09-20 05:36:50.000000,2023-09-21 17:33:13.825,Custom software development,Tier 2,Republic of Ireland,53.094024,-8.019675
3139,Closed,Low,Email,Other,2023-09-20 09:23:18.000000,2023-09-25 13:49:11.832,Training and Consulting Services,Tier 2,Czech Republic,49.8037633,15.4749126
3141,Resolved,Low,Phone,Feature request,2023-09-20 15:15:58.000000,,Other,Tier 2,Republic of Ireland,53.094024,-8.019675
3142,In progress,Medium,Chat,Product setup,2023-09-20 19:41:51.000000,,Other,Tier 2,Germany,51.165691,10.451526
3143,Closed,Low,Chat,Feature request,2023-09-20 04:42:32.000000,2023-09-23 22:24:22.579,Other,Tier 2,Bulgaria,42.7249925,25.4833039
3144,Closed,Medium,Email,Purchasing and invoicing,2023-09-21 19:52:27.000000,2023-09-28 12:43:44.409,Ready to use Software,Tier 1,Spain,39.67337,-4.767726
3145,Resolved,Medium,Chat,Product setup,2023-09-22 02:13:48.000000,,Custom software development,Tier 2,Germany,51.165691,10.451526
3146,Closed,High,Email,Pricing and licensing,2023-09-22 03:10:40.000000,2023-09-25 15:54:10.435,Training and Consulting Services,Tier 1,Greece,39.368279,21.863141
3147,Closed,Medium,Phone,Feature request,2023-09-21 18:23:24.000000,2023-09-22 03:47:09.415,Other,Tier 2,Austria,47.6964719,13.3457347
3148,Closed,Medium,Email,Pricing and licensing,2023-09-21 11:49:40.000000,2023-09-26 18:22:29.918,Ready to use Software,Tier 1,Germany,51.165691,10.451526
3149,Closed,Low,Phone,Feature request,2023-09-21 23:00:10.000000,2023-09-26 08:25:31.204,Other,Tier 1,United Kingdom,55.378052,-3.435973
3150,Closed,Low,Phone,Pricing and licensing,2023-09-21 20:36:25.000000,2023-09-25 01:31:14.556,Training and Consulting Services,Tier 2,France,48.864716,2.349014
3151,Closed,Medium,Phone,Feature request,2023-09-21 14:25:35.000000,2023-09-26 21:41:30.048,Ready to use Software,Tier 1,Germany,51.165691,10.451526
3152,Closed,Medium,Chat,Pricing and licensing,2023-09-22 05:23:47.000000,2023-09-28 15:19:43.184,Custom software development,Tier 2,Italy,43.036776,12.678565
3153,Closed,Low,Chat,Bug report,2023-09-22 19:53:36.000000,2023-09-26 10:07:17.295,Ready to use Software,Tier 1,United Kingdom,55.378052,-3.435973
3154,Closed,Low,Email,Pricing and licensing,2023-09-22 08:05:12.000000,2023-09-25 06:09:57.651,Custom software development,Tier 1,Germany,51.165691,10.451526
3155,Resolved,Low,Phone,Product setup,2023-09-22 09:52:08.000000,,Training and Consulting Services,Tier 1,France,48.864716,2.349014
3156,Closed,High,Phone,Other,2023-09-23 03:23:44.000000,2023-09-25 23:30:16.104,Ready to use Software,Tier 2,United Kingdom,55.378052,-3.435973
3157,Resolved,Medium,Chat,Purchasing and invoicing,2023-09-23 01:49:23.000000,,Ready to use Software,Tier 1,Republic of Ireland,53.094024,-8.019675
3158,Closed,Low,Chat,Pricing and Licensing,2023-09-22 23:56:13.000000,2023-09-30 01:33:41.229,Custom software development,Tier 1,Poland,52.536273,19.050639
3159,Resolved,Medium,Email,Product setup,2023-09-22 05:37:21.000000,,Custom software development,Tier 2,France,48.864716,2.349014
3160,Closed,Medium,Phone,Purchasing and invoicing,2023-09-22 13:32:02.000000,2023-09-24 14:15:41.005,Ready to use Software,Tier 1,Germany,51.165691,10.451526
3161,Resolved,Low,Chat,Product setup,2023-09-22 04:55:01.000000,,Training and Consulting Services,Tier 1,Spain,39.67337,-4.767726
3162,Closed,Low,Email,Pricing and licensing,2023-09-23 20:45:45.000000,2023-09-28 05:13:29.924,Ready to use Software,Tier 1,Spain,39.67337,-4.767726
3163,Closed,Low,Email,Feature request,2023-09-23 04:34:40.000000,2023-09-26 14:29:32.129,Other,Tier 2,Greece,39.368279,21.863141
3164,Closed,Low,Email,Purchasing and invoicing,2023-09-23 05:32:55.000000,2023-09-28 03:10:01.983,Ready to use Software,Tier 2,United Kingdom,55.378052,-3.435973
3178,In progress,Low,Email,Product setup,2023-09-24 23:44:22.000000,,Other,Tier 1,Germany,51.165691,10.451526
3179,Closed,Medium,Chat,Pricing and licensing,2023-09-24 07:25:42.000000,2023-09-28 12:53:20.231,Custom software development,Tier 2,United Kingdom,55.378052,-3.435973
3180,In progress,Low,Chat,Pricing and Licensing,2023-09-25 01:16:42.000000,,Custom software development,Tier 1,Germany,51.165691,10.451526
3181,Closed,Low,Chat,Product setup,2023-09-25 14:35:13.000000,2023-09-27 00:56:20.205,Training and Consulting Services,Tier 2,Italy,43.036776,12.678565
3182,Closed,High,Email,Feature request,2023-09-25 19:13:39.000000,2023-10-02 05:13:15.253,Custom software development,Tier 1,Austria,47.6964719,13.3457347
3183,In progress,High,Email,Purchasing and invoicing,2023-09-25 05:25:06.000000,,Training and Consulting Services,Tier 1,Italy,43.036776,12.678565
3184,Resolved,Medium,Chat,Purchasing and invoicing,2023-09-25 07:28:54.000000,,Other,Tier 2,United Kingdom,55.378052,-3.435973
3185,Resolved,Low,Phone,Purchasing and invoicing,2023-09-25 07:57:29.000000,,Custom software development,Tier 1,Slovenia,46.1491664,14.9860106
3186,Resolved,Low,Phone,Product setup,2023-09-25 09:24:37.000000,,Ready to use Software,Tier 1,Spain,39.67337,-4.767726
3187,Closed,Medium,Chat,Bug report,2023-09-25 19:07:49.000000,2023-09-28 10:23:49.836,Custom software development,Tier 1,Poland,52.536273,19.050639
3188,Closed,Low,Phone,Feature request,2023-09-25 13:47:27.000000,2023-09-30 09:53:56.718,Custom software development,Tier 1,Bulgaria,42.7249925,25.4833039
3189,Resolved,Low,Chat,Pricing and licensing,2023-09-25 19:40:01.000000,,Custom software development,Tier 1,Poland,52.536273,19.050639
3190,Closed,Low,Email,Purchasing and invoicing,2023-09-27 02:51:15.000000,2023-09-28 19:43:20.948,Custom software development,Tier 1,Republic of Ireland,53.094024,-8.019675
3191,Closed,Medium,Email,Pricing and licensing,2023-09-26 19:34:41.000000,2023-10-02 03:04:21.348,Other,Tier 1,Bulgaria,42.7249925,25.4833039
3192,Closed,Medium,Email,Product setup,2023-09-26 21:16:49.000000,2023-09-28 13:48:56.431,Ready to use Software,Tier 1,Bulgaria,42.7249925,25.4833039
3193,Closed,Low,Phone,Feature request,2023-09-26 15:00:11.000000,2023-10-01 07:52:50.712,Other,Tier 2,Bulgaria,42.7249925,25.4833039
3194,In progress,Low,Email,Product setup,2023-09-26 16:56:07.000000,,Ready to use Software,Tier 1,Czech Republic,49.8037633,15.4749126
3196,Resolved,Medium,Email,Other,2023-09-27 05:56:05.000000,,Custom software development,Tier 2,Spain,39.67337,-4.767726
3197,In progress,Low,Email,Feature request,2023-09-28 02:45:17.000000,,Ready to use Software,Tier 1,United Kingdom,55.378052,-3.435973
3198,Closed,Low,Chat,Bug report,2023-09-27 09:29:59.000000,2023-10-02 13:08:12.949,Ready to use Software,Tier 1,United Kingdom,55.378052,-3.435973
3200,Closed,High,Chat,Pricing and licensing,2023-09-27 10:14:51.000000,2023-10-01 07:32:58.280,Ready to use Software,Tier 2,Greece,39.368279,21.863141
3201,Closed,Medium,Chat,Pricing and licensing,2023-09-27 09:52:12.000000,2023-10-04 08:42:21.403,Training and Consulting Services,Tier 2,Poland,52.536273,19.050639
3202,Resolved,High,Chat,Product setup,2023-09-27 13:00:12.000000,,Ready to use Software,Tier 1,Bulgaria,42.7249925,25.4833039
3203,In progress,Low,Chat,Pricing and licensing,2023-09-27 14:58:40.000000,,Custom software development,Tier 1,France,48.864716,2.349014
3204,Closed,Low,Email,Bug report,2023-09-27 04:18:02.000000,2023-09-30 08:14:04.966,Training and Consulting Services,Tier 2,Poland,52.536273,19.050639
3205,Closed,Low,Email,Purchasing and invoicing,2023-09-27 18:36:20.000000,2023-09-29 06:01:21.106,Training and Consulting Services,Tier 1,France,48.864716,2.349014
3206,In progress,Medium,Chat,Product setup,2023-09-28 15:38:17.000000,,Ready to use Software,Tier 1,Slovenia,46.1491664,14.9860106
3207,Closed,Low,Chat,Purchasing and invoicing,2023-09-28 06:28:25.000000,2023-10-03 19:04:20.368,Custom software development,Tier 1,Poland,52.536273,19.050639
3208,Resolved,Medium,Email,Other,2023-09-28 12:07:52.000000,,Other,Tier 1,Bulgaria,42.7249925,25.4833039
3209,Closed,High,Email,Product setup,2023-09-28 18:43:00.000000,2023-10-04 11:27:28.517,Other,Tier 1,Italy,43.036776,12.678565
3210,Closed,Low,Email,Pricing and Licensing,2023-09-28 22:54:26.000000,2023-10-02 13:41:47.920,Custom software development,Tier 1,Poland,52.536273,19.050639
3211,Closed,Medium,Chat,Training request,2023-09-28 11:43:20.000000,2023-10-01 02:21:10.934,Training and Consulting Services,Tier 1,Italy,43.036776,12.678565
3212,In progress,Medium,Chat,Pricing and Licensing,2023-09-28 22:52:08.000000,,Custom software development,Tier 1,Greece,39.368279,21.863141
3214,Closed,Low,Email,Purchasing and invoicing,2023-09-29 05:39:42.000000,2023-10-01 21:03:43.697,Other,Tier 1,France,48.864716,2.349014
3215,Closed,Low,Email,Product setup,2023-09-30 03:41:14.000000,2023-10-07 03:20:52.466,Ready to use Software,Tier 1,United Kingdom,55.378052,-3.435973
3216,Resolved,High,Email,Product setup,2023-09-29 13:45:58.000000,,Training and Consulting Services,Tier 1,Bulgaria,42.7249925,25.4833039
3218,Closed,Medium,Email,Pricing and licensing,2023-09-30 05:21:38.000000,2023-10-05 11:18:45.778,Ready to use Software,Tier 1,Greece,39.368279,21.863141
3219,Resolved,Low,Phone,Pricing and licensing,2023-09-30 06:53:40.000000,,Other,Tier 1,Italy,43.036776,12.678565
3220,Closed,Low,Email,Feature request,2023-09-30 20:21:10.000000,2023-10-04 16:04:32.734,Ready to use Software,Tier 2,France,48.864716,2.349014
3228,Resolved,Low,Phone,Pricing and licensing,2023-10-01 16:32:53.000000,,Ready to use Software,Tier 1,Italy,43.036776,12.678565
3229,Resolved,Low,Phone,Product setup,2023-10-02 06:28:15.000000,,Custom software development,Tier 1,United Kingdom,55.378052,-3.435973
3230,Resolved,Medium,Email,Pricing and licensing,2023-10-02 22:04:18.000000,,Training and Consulting Services,Tier 1,Republic of Ireland,53.094024,-8.019675
3231,Resolved,High,Chat,Feature request,2023-10-02 12:19:12.000000,,Ready to use Software,Tier 1,Italy,43.036776,12.678565
3232,Resolved,Low,Chat,Product setup,2023-10-03 00:30:48.000000,,Training and Consulting Services,Tier 2,Spain,39.67337,-4.767726
3233,Closed,Medium,Phone,Other,2023-10-02 10:05:57.000000,2023-10-08 14:26:01.460,Ready to use Software,Tier 1,Poland,52.536273,19.050639
3234,Resolved,Low,Email,Product setup,2023-10-03 03:15:59.000000,,Ready to use Software,Tier 1,United Kingdom,55.378052,-3.435973
3235,Closed,Medium,Phone,Other,2023-10-02 07:14:09.000000,2023-10-03 04:04:21.464,Custom software development,Tier 1,Austria,47.6964719,13.3457347
3236,Resolved,Medium,Email,Bug report,2023-10-03 05:21:20.000000,,Ready to use Software,Tier 2,Greece,39.368279,21.863141
3237,Closed,Medium,Chat,Training request,2023-10-03 12:47:28.000000,2023-10-06 06:00:58.250,Training and Consulting Services,Tier 1,Poland,52.536273,19.050639
3238,Resolved,Low,Chat,Pricing and licensing,2023-10-03 06:51:22.000000,,Custom software development,Tier 1,Italy,43.036776,12.678565
3239,Closed,High,Email,Product setup,2023-10-03 06:21:32.000000,2023-10-06 12:48:12.058,Custom software development,Tier 2,Spain,39.67337,-4.767726
3240,Resolved,Low,Chat,Feature request,2023-10-04 02:55:49.000000,,Other,Tier 2,United Kingdom,55.378052,-3.435973
3241,In progress,Medium,Email,Pricing and licensing,2023-10-03 20:05:53.000000,,Ready to use Software,Tier 1,Slovenia,46.1491664,14.9860106
3242,Closed,High,Chat,Purchasing and invoicing,2023-10-03 16:16:58.000000,2023-10-09 10:41:20.242,Ready to use Software,Tier 2,Poland,52.536273,19.050639
3243,In progress,Medium,Email,Product setup,2023-10-04 05:11:12.000000,,Other,Tier 2,United Kingdom,55.378052,-3.435973
3244,Closed,Low,Email,Product setup,2023-10-05 01:18:44.000000,2023-10-06 09:18:13.184,Custom software development,Tier 1,Germany,51.165691,10.451526
3245,Closed,High,Email,Other,2023-10-04 07:45:47.000000,2023-10-11 07:26:39.405,Ready to use Software,Tier 1,Greece,39.368279,21.863141
3246,Closed,Low,Email,Product setup,2023-10-04 17:30:44.000000,2023-10-09 22:30:16.517,Ready to use Software,Tier 1,Czech Republic,49.8037633,15.4749126
3247,Resolved,Low,Chat,Product setup,2023-10-04 04:32:04.000000,,Custom software development,Tier 2,United Kingdom,55.378052,-3.435973
3248,Resolved,Medium,Email,Product setup,2023-10-04 11:03:44.000000,,Training and Consulting Services,Tier 1,Bulgaria,42.7249925,25.4833039
3249,Resolved,Medium,Email,Product setup,2023-10-04 13:31:24.000000,,Ready to use Software,Tier 1,Spain,39.67337,-4.767726
3250,In progress,Low,Email,Product setup,2023-10-05 09:10:40.000000,,Training and Consulting Services,Tier 1,United Kingdom,55.378052,-3.435973
3251,Resolved,High,Phone,Other,2023-10-05 20:45:56.000000,,Other,Tier 1,Poland,52.536273,19.050639
3252,Closed,High,Email,Product setup,2023-10-05 08:06:05.000000,2023-10-12 00:10:44.366,Ready to use Software,Tier 1,Poland,52.536273,19.050639
3253,Closed,Low,Email,Pricing and licensing,2023-10-05 16:30:40.000000,2023-10-09 23:50:28.012,Ready to use Software,Tier 1,Slovenia,46.1491664,14.9860106
3254,Resolved,High,Email,Feature request,2023-10-06 01:48:09.000000,,Ready to use Software,Tier 1,France,48.864716,2.349014
3255,In progress,Low,Email,Pricing and licensing,2023-10-05 10:04:33.000000,,Ready to use Software,Tier 2,Italy,43.036776,12.678565
3256,Closed,Low,Chat,Training request,2023-10-05 10:44:05.000000,2023-10-09 23:19:23.343,Training and Consulting Services,Tier 1,Austria,47.6964719,13.3457347
3257,Resolved,Medium,Email,Feature request,2023-10-06 07:18:41.000000,,Other,Tier 2,United Kingdom,55.378052,-3.435973
3258,Closed,Low,Phone,Pricing and licensing,2023-10-06 12:01:52.000000,2023-10-10 19:30:17.957,Ready to use Software,Tier 2,Italy,43.036776,12.678565
3259,Closed,Medium,Email,Pricing and licensing,2023-10-07 01:17:46.000000,2023-10-08 16:02:33.630,Custom software development,Tier 1,Spain,39.67337,-4.767726
3260,In progress,Medium,Chat,Training request,2023-10-06 18:38:41.000000,,Training and Consulting Services,Tier 1,United Kingdom,55.378052,-3.435973
3261,Closed,Low,Chat,Feature request,2023-10-06 11:23:29.000000,2023-10-08 18:48:03.590,Custom software development,Tier 1,Italy,43.036776,12.678565
3262,Resolved,Low,Phone,Product setup,2023-10-06 09:55:08.000000,,Ready to use Software,Tier 1,Czech Republic,49.8037633,15.4749126
3263,Closed,Medium,Email,Product setup,2023-10-06 07:10:41.000000,2023-10-12 20:56:56.245,Custom software development,Tier 1,Italy,43.036776,12.678565
3264,Closed,Medium,Chat,Feature request,2023-10-06 04:29:50.000000,2023-10-11 09:44:39.260,Ready to use Software,Tier 1,Spain,39.67337,-4.767726
3265,Closed,Low,Email,Product setup,2023-10-07 03:57:46.000000,2023-10-11 18:09:37.376,Training and Consulting Services,Tier 2,Germany,51.165691,10.451526
3266,Resolved,Medium,Email,Bug report,2023-10-06 22:47:37.000000,,Other,Tier 2,Republic of Ireland,53.094024,-8.019675
3267,Resolved,Low,Chat,Product setup,2023-10-07 21:08:31.000000,,Custom software development,Tier 1,Poland,52.536273,19.050639
3269,Closed,Low,Chat,Product setup,2023-10-07 10:00:57.000000,2023-10-09 04:28:44.482,Ready to use Software,Tier 2,Greece,39.368279,21.863141
3271,In progress,Low,Email,Purchasing and invoicing,2023-10-07 07:30:54.000000,,Custom software development,Tier 1,Italy,43.036776,12.678565
3272,Closed,Medium,Chat,Other,2023-10-07 20:37:00.000000,2023-10-10 16:44:57.452,Custom software development,Tier 1,Austria,47.6964719,13.3457347
3279,Closed,Low,Chat,Bug report,2023-10-08 13:20:28.000000,2023-10-14 12:40:28.404,Training and Consulting Services,Tier 2,Spain,39.67337,-4.767726
3281,Closed,Low,Chat,Product setup,2023-10-09 11:02:33.000000,2023-10-15 03:42:07.931,Ready to use Software,Tier 2,Greece,39.368279,21.863141
3282,Closed,Medium,Email,Bug report,2023-10-09 19:02:45.000000,2023-10-11 12:15:42.236,Ready to use Software,Tier 1,Czech Republic,49.8037633,15.4749126
3283,Resolved,High,Email,Product setup,2023-10-09 11:10:47.000000,,Other,Tier 1,Italy,43.036776,12.678565
3284,Closed,High,Chat,Bug report,2023-10-09 08:28:25.000000,2023-10-13 10:51:40.462,Training and Consulting Services,Tier 1,Italy,43.036776,12.678565
3285,Closed,Low,Email,Pricing and licensing,2023-10-09 22:03:15.000000,2023-10-13 01:45:18.778,Other,Tier 1,Italy,43.036776,12.678565
3286,Closed,Low,Chat,Purchasing and invoicing,2023-10-09 11:04:52.000000,2023-10-13 09:56:12.136,Ready to use Software,Tier 1,United Kingdom,55.378052,-3.435973
3287,Closed,Medium,Email,Feature request,2023-10-09 10:15:04.000000,2023-10-15 12:20:41.029,Ready to use Software,Tier 1,Spain,39.67337,-4.767726
3288,Resolved,Medium,Email,Pricing and licensing,2023-10-09 19:56:53.000000,,Custom software development,Tier 1,United Kingdom,55.378052,-3.435973
3290,Closed,Medium,Phone,Bug report,2023-10-10 05:54:53.000000,2023-10-16 06:07:26.459,Ready to use Software,Tier 1,Czech Republic,49.8037633,15.4749126
3291,Resolved,Medium,Email,Purchasing and invoicing,2023-10-10 11:14:04.000000,,Ready to use Software,Tier 1,Bulgaria,42.7249925,25.4833039
3292,Closed,Low,Email,Feature request,2023-10-10 20:12:48.000000,2023-10-16 00:05:11.138,Other,Tier 1,United Kingdom,55.378052,-3.435973
3293,Resolved,Medium,Chat,Product setup,2023-10-10 11:50:07.000000,,Ready to use Software,Tier 1,Czech Republic,49.8037633,15.4749126
3294,Resolved,Medium,Chat,Feature request,2023-10-10 19:50:53.000000,,Ready to use Software,Tier 1,Poland,52.536273,19.050639
3295,Resolved,Medium,Chat,Feature request,2023-10-11 17:40:00.000000,,Custom software development,Tier 2,Italy,43.036776,12.678565
3296,Resolved,Low,Chat,Product setup,2023-10-11 21:19:03.000000,,Other,Tier 1,Spain,39.67337,-4.767726
3297,Resolved,Low,Email,Product setup,2023-10-11 12:14:02.000000,,Other,Tier 2,Slovenia,46.1491664,14.9860106
3298,Closed,Low,Email,Feature request,2023-10-11 14:04:30.000000,2023-10-15 18:21:58.805,Ready to use Software,Tier 2,Austria,47.6964719,13.3457347
3299,Closed,Low,Email,Pricing and licensing,2023-10-11 12:09:16.000000,2023-10-17 19:53:04.678,Custom software development,Tier 1,United Kingdom,55.378052,-3.435973
3300,Closed,Low,Chat,Pricing and licensing,2023-10-11 21:24:55.000000,2023-10-13 07:14:30.276,Custom software development,Tier 1,Spain,39.67337,-4.767726
3301,In progress,High,Phone,Feature request,2023-10-11 05:12:43.000000,,Ready to use Software,Tier 1,Germany,51.165691,10.451526
3302,Closed,Low,Chat,Product setup,2023-10-11 09:25:30.000000,2023-10-14 00:46:34.467,Custom software development,Tier 1,Italy,43.036776,12.678565
3303,Closed,Medium,Chat,Pricing and licensing,2023-10-12 19:08:18.000000,2023-10-13 23:35:34.499,Other,Tier 1,Poland,52.536273,19.050639
3304,Resolved,Low,Chat,Other,2023-10-12 08:25:20.000000,,Training and Consulting Services,Tier 2,Republic of Ireland,53.094024,-8.019675
3305,Resolved,Low,Chat,Product setup,2023-10-12 16:33:45.000000,,Ready to use Software,Tier 1,Poland,52.536273,19.050639
3306,Closed,Medium,Email,Pricing and licensing,2023-10-12 19:03:01.000000,2023-10-15 13:22:54.272,Custom software development,Tier 1,Italy,43.036776,12.678565
3307,In progress,Low,Email,Pricing and licensing,2023-10-12 23:25:20.000000,,Ready to use Software,Tier 1,Italy,43.036776,12.678565
3308,Closed,Low,Chat,Pricing and licensing,2023-10-12 23:02:17.000000,2023-10-14 17:43:37.589,Custom software development,Tier 1,United Kingdom,55.378052,-3.435973
3309,Closed,Low,Email,Other,2023-10-12 16:47:43.000000,2023-10-17 16:48:40.680,Ready to use Software,Tier 2,Austria,47.6964719,13.3457347
3310,Closed,Medium,Email,Product setup,2023-10-12 22:46:46.000000,2023-10-15 16:42:43.348,Training and Consulting Services,Tier 1,Italy,43.036776,12.678565
3311,In progress,Low,Chat,Product setup,2023-10-13 20:13:18.000000,,Other,Tier 1,France,48.864716,2.349014
3312,Closed,Low,Phone,Bug report,2023-10-14 02:23:31.000000,2023-10-17 01:03:00.461,Custom software development,Tier 1,Republic of Ireland,53.094024,-8.019675
3313,In progress,Medium,Chat,Purchasing and invoicing,2023-10-13 16:25:20.000000,,Other,Tier 1,Bulgaria,42.7249925,25.4833039
3314,Closed,Medium,Email,Bug report,2023-10-13 21:04:50.000000,2023-10-17 13:01:52.130,Custom software development,Tier 1,Slovenia,46.1491664,14.9860106
3315,Resolved,Medium,Chat,Feature request,2023-10-14 23:17:47.000000,,Ready to use Software,Tier 2,France,48.864716,2.349014
3316,Closed,Medium,Email,Feature request,2023-10-14 17:17:57.000000,2023-10-17 04:54:26.957,Custom software development,Tier 1,Republic of Ireland,53.094024,-8.019675
3317,In progress,Low,Email,Pricing and licensing,2023-10-14 23:40:35.000000,,Ready to use Software,Tier 1,France,48.864716,2.349014
3318,Resolved,Low,Chat,Pricing and licensing,2023-10-14 19:22:51.000000,,Ready to use Software,Tier 1,Spain,39.67337,-4.767726
3319,Closed,Medium,Chat,Pricing and licensing,2023-10-14 11:59:49.000000,2023-10-18 01:28:17.092,Custom software development,Tier 1,Germany,51.165691,10.451526
3331,Resolved,Medium,Email,Purchasing and invoicing,2023-10-16 13:32:25.000000,,Ready to use Software,Tier 1,Poland,52.536273,19.050639
3332,In progress,Medium,Email,Feature request,2023-10-16 18:25:07.000000,,Other,Tier 1,Italy,43.036776,12.678565
3333,In progress,Low,Phone,Product setup,2023-10-16 18:14:49.000000,,Ready to use Software,Tier 1,Italy,43.036776,12.678565
3334,In progress,Low,Email,Pricing and licensing,2023-10-16 16:38:37.000000,,Ready to use Software,Tier 1,Slovenia,46.1491664,14.9860106
3335,Resolved,Low,Email,Bug report,2023-10-17 02:24:26.000000,,Ready to use Software,Tier 1,Italy,43.036776,12.678565
3336,Resolved,Medium,Chat,Bug report,2023-10-16 08:17:14.000000,,Ready to use Software,Tier 1,Germany,51.165691,10.451526
3337,Resolved,Low,Chat,Bug report,2023-10-16 17:54:00.000000,,Training and Consulting Services,Tier 1,France,48.864716,2.349014
3338,Closed,High,Chat,Purchasing and invoicing,2023-10-16 22:14:13.000000,2023-10-19 01:58:03.498,Custom software development,Tier 1,Austria,47.6964719,13.3457347
3339,Resolved,Low,Email,Pricing and licensing,2023-10-16 23:22:47.000000,,Custom software development,Tier 2,Poland,52.536273,19.050639
3340,Resolved,Medium,Chat,Purchasing and invoicing,2023-10-16 04:12:58.000000,,Custom software development,Tier 1,Italy,43.036776,12.678565
3341,Closed,Medium,Email,Pricing and licensing,2023-10-16 04:32:59.000000,2023-10-16 20:03:26.601,Other,Tier 1,Spain,39.67337,-4.767726
3342,Closed,High,Email,Purchasing and invoicing,2023-10-16 04:49:10.000000,2023-10-21 02:18:13.497,Training and Consulting Services,Tier 1,Republic of Ireland,53.094024,-8.019675
3343,Resolved,High,Email,Pricing and licensing,2023-10-17 04:10:03.000000,,Ready to use Software,Tier 1,United Kingdom,55.378052,-3.435973
3344,Closed,Low,Chat,Pricing and licensing,2023-10-18 01:43:36.000000,2023-10-21 05:20:40.179,Ready to use Software,Tier 1,Germany,51.165691,10.451526
3345,Closed,Low,Email,Bug report,2023-10-17 12:26:50.000000,2023-10-19 23:11:17.232,Ready to use Software,Tier 1,Italy,43.036776,12.678565
3346,Resolved,Low,Email,Other,2023-10-17 15:44:38.000000,,Custom software development,Tier 1,Spain,39.67337,-4.767726
3347,Resolved,Low,Email,Bug report,2023-10-18 00:29:49.000000,,Training and Consulting Services,Tier 1,Germany,51.165691,10.451526
3348,Closed,Low,Email,Training request,2023-10-17 10:00:33.000000,2023-10-22 00:13:56.216,Training and Consulting Services,Tier 2,Czech Republic,49.8037633,15.4749126
3349,Resolved,Low,Email,Pricing and licensing,2023-10-18 12:08:28.000000,,Ready to use Software,Tier 1,Republic of Ireland,53.094024,-8.019675
3350,Resolved,Low,Phone,Other,2023-10-18 14:05:07.000000,,Ready to use Software,Tier 1,United Kingdom,55.378052,-3.435973
3351,In progress,Low,Chat,Product setup,2023-10-19 01:51:40.000000,,Ready to use Software,Tier 1,Poland,52.536273,19.050639
3352,Resolved,Low,Chat,Pricing and licensing,2023-10-18 09:39:02.000000,,Custom software development,Tier 1,Republic of Ireland,53.094024,-8.019675
3353,Closed,Medium,Email,Product setup,2023-10-18 19:35:58.000000,2023-10-24 03:29:18.791,Custom software development,Tier 1,Czech Republic,49.8037633,15.4749126
3354,Closed,Low,Phone,Purchasing and invoicing,2023-10-18 21:52:22.000000,2023-10-24 09:46:54.220,Custom software development,Tier 1,Czech Republic,49.8037633,15.4749126
3355,Resolved,Medium,Chat,Other,2023-10-18 06:49:03.000000,,Ready to use Software,Tier 2,United Kingdom,55.378052,-3.435973
3356,Closed,Medium,Email,Product setup,2023-10-19 00:38:28.000000,2023-10-21 19:36:56.774,Training and Consulting Services,Tier 1,Poland,52.536273,19.050639
3357,Resolved,Low,Email,Bug report,2023-10-19 02:51:28.000000,,Ready to use Software,Tier 1,Poland,52.536273,19.050639
3358,Resolved,Medium,Phone,Product setup,2023-10-18 15:15:29.000000,,Training and Consulting Services,Tier 1,Poland,52.536273,19.050639
3359,Resolved,High,Chat,Pricing and licensing,2023-10-18 19:22:51.000000,,Ready to use Software,Tier 2,Poland,52.536273,19.050639
3360,Closed,Low,Email,Product setup,2023-10-19 00:36:54.000000,2023-10-21 09:39:39.415,Training and Consulting Services,Tier 1,Slovenia,46.1491664,14.9860106
3361,In progress,High,Email,Product setup,2023-10-18 07:46:11.000000,,Custom software development,Tier 2,Germany,51.165691,10.451526
3363,Closed,High,Chat,Product setup,2023-10-19 01:11:59.000000,2023-10-19 16:04:44.838,Ready to use Software,Tier 2,France,48.864716,2.349014
3364,In progress,Low,Email,Other,2023-10-18 04:20:33.000000,,Other,Tier 2,Republic of Ireland,53.094024,-8.019675
3365,In progress,High,Email,Training request,2023-10-19 10:16:32.000000,,Training and Consulting Services,Tier 1,United Kingdom,55.378052,-3.435973
3366,Closed,Low,Chat,Product setup,2023-10-19 21:45:48.000000,2023-10-27 20:47:10.033,Ready to use Software,Tier 1,Slovenia,46.1491664,14.9860106
3367,Resolved,Medium,Email,Product setup,2023-10-19 08:44:14.000000,,Custom software development,Tier 1,Greece,39.368279,21.863141
3368,Closed,Low,Chat,Purchasing and invoicing,2023-10-19 16:01:28.000000,2023-10-24 19:36:36.187,Ready to use Software,Tier 1,Poland,52.536273,19.050639
3369,Closed,Low,Chat,Feature request,2023-10-19 04:51:54.000000,2023-10-19 17:56:02.623,Ready to use Software,Tier 1,Republic of Ireland,53.094024,-8.019675
3370,Resolved,Medium,Email,Product setup,2023-10-20 01:34:41.000000,,Ready to use Software,Tier 1,United Kingdom,55.378052,-3.435973
3371,Resolved,Low,Chat,Purchasing and invoicing,2023-10-19 08:33:51.000000,,Ready to use Software,Tier 1,Republic of Ireland,53.094024,-8.019675
3372,Resolved,Medium,Email,Purchasing and invoicing,2023-10-19 20:15:29.000000,,Ready to use Software,Tier 1,United Kingdom,55.378052,-3.435973
3373,In progress,Low,Email,Other,2023-10-19 17:57:38.000000,,Custom software development,Tier 1,United Kingdom,55.378052,-3.435973
3374,Closed,Low,Email,Product setup,2023-10-19 05:14:55.000000,2023-10-22 08:26:21.562,Other,Tier 1,Germany,51.165691,10.451526
3376,Closed,Medium,Chat,Pricing and licensing,2023-10-19 07:54:58.000000,2023-10-20 16:41:32.650,Custom software development,Tier 1,Austria,47.6964719,13.3457347
3377,Resolved,Low,Email,Product setup,2023-10-20 17:53:50.000000,,Ready to use Software,Tier 2,Poland,52.536273,19.050639
3379,Resolved,High,Email,Product setup,2023-10-20 16:13:33.000000,,Training and Consulting Services,Tier 2,Spain,39.67337,-4.767726
3380,Resolved,Low,Email,Pricing and licensing,2023-10-20 10:09:17.000000,,Custom software development,Tier 1,Poland,52.536273,19.050639
3381,In progress,Low,Email,Bug report,2023-10-20 15:45:43.000000,,Ready to use Software,Tier 2,Spain,39.67337,-4.767726
3383,Closed,Medium,Email,Pricing and licensing,2023-10-20 19:50:36.000000,2023-10-23 04:17:15.561,Custom software development,Tier 1,United Kingdom,55.378052,-3.435973
3384,Resolved,High,Email,Other,2023-10-22 00:51:44.000000,,Custom software development,Tier 1,United Kingdom,55.378052,-3.435973
3385,Closed,Low,Email,Pricing and licensing,2023-10-21 08:11:08.000000,2023-10-28 08:16:37.434,Ready to use Software,Tier 1,Poland,52.536273,19.050639
3386,Closed,Low,Phone,Product setup,2023-10-21 13:09:40.000000,2023-10-25 14:55:17.189,Ready to use Software,Tier 1,United Kingdom,55.378052,-3.435973
3398,In progress,Medium,Chat,Product setup,2023-10-22 04:18:43.000000,,Training and Consulting Services,Tier 2,Spain,39.67337,-4.767726
3399,Resolved,High,Email,Product setup,2023-10-22 20:51:22.000000,,Ready to use Software,Tier 2,Italy,43.036776,12.678565
3400,Resolved,Low,Email,Pricing and licensing,2023-10-22 18:43:58.000000,,Ready to use Software,Tier 1,Czech Republic,49.8037633,15.4749126
3401,Closed,Medium,Chat,Feature request,2023-10-22 15:24:23.000000,2023-10-28 11:10:51.521,Other,Tier 1,Germany,51.165691,10.451526
3402,Closed,Medium,Email,Pricing and licensing,2023-10-22 06:32:15.000000,2023-10-26 05:53:58.001,Custom software development,Tier 1,Germany,51.165691,10.451526
3403,Closed,Low,Phone,Product setup,2023-10-22 12:47:17.000000,2023-10-26 12:25:09.341,Custom software development,Tier 2,Spain,39.67337,-4.767726
3404,Closed,Low,Chat,Bug report,2023-10-23 04:01:46.000000,2023-10-30 00:56:51.523,Ready to use Software,Tier 1,Czech Republic,49.8037633,15.4749126
3405,Resolved,Low,Email,Bug report,2023-10-23 21:28:34.000000,,Training and Consulting Services,Tier 1,Czech Republic,49.8037633,15.4749126
3406,Closed,Low,Email,Pricing and licensing,2023-10-23 18:41:25.000000,2023-10-25 23:53:29.735,Ready to use Software,Tier 1,Italy,43.036776,12.678565
3407,Closed,Medium,Email,Feature request,2023-10-23 08:03:21.000000,2023-10-28 09:22:23.331,Custom software development,Tier 1,Spain,39.67337,-4.767726
3408,Resolved,Medium,Email,Pricing and licensing,2023-10-24 04:55:28.000000,,Other,Tier 1,Germany,51.165691,10.451526
3409,Closed,Medium,Email,Bug report,2023-10-24 20:57:50.000000,2023-10-30 05:03:33.642,Ready to use Software,Tier 1,Germany,51.165691,10.451526
3410,Closed,Medium,Chat,Feature request,2023-10-24 09:56:10.000000,2023-10-30 19:03:32.146,Custom software development,Tier 1,Greece,39.368279,21.863141
3411,Closed,Low,Chat,Purchasing and invoicing,2023-10-24 13:33:56.000000,2023-10-28 03:35:19.089,Custom software development,Tier 2,Italy,43.036776,12.678565
3412,Closed,High,Email,Product setup,2023-10-25 00:01:39.000000,2023-10-26 05:18:06.248,Ready to use Software,Tier 2,United Kingdom,55.378052,-3.435973
3413,Resolved,Medium,Email,Feature request,2023-10-25 03:54:58.000000,,Other,Tier 1,Germany,51.165691,10.451526
3414,Closed,Medium,Chat,Product setup,2023-10-24 15:54:36.000000,2023-10-29 15:48:18.733,Other,Tier 1,Bulgaria,42.7249925,25.4833039
3415,Closed,Medium,Email,Pricing and licensing,2023-10-26 03:08:17.000000,2023-10-28 00:40:31.227,Custom software development,Tier 2,Italy,43.036776,12.678565
3416,Resolved,Low,Chat,Product setup,2023-10-25 13:24:24.000000,,Training and Consulting Services,Tier 1,Poland,52.536273,19.050639
3417,Closed,Medium,Email,Pricing and licensing,2023-10-25 14:48:25.000000,2023-10-31 16:17:02.500,Ready to use Software,Tier 1,Slovenia,46.1491664,14.9860106
3418,In progress,Low,Email,Product setup,2023-10-25 08:04:02.000000,,Training and Consulting Services,Tier 2,Greece,39.368279,21.863141
3419,Resolved,Low,Email,Product setup,2023-10-26 03:34:43.000000,,Custom software development,Tier 1,United Kingdom,55.378052,-3.435973
3420,Resolved,Low,Chat,Purchasing and invoicing,2023-10-25 05:13:47.000000,,Training and Consulting Services,Tier 1,Slovenia,46.1491664,14.9860106
3421,Closed,High,Chat,Training request,2023-10-26 13:44:19.000000,2023-11-01 17:22:18.237,Training and Consulting Services,Tier 1,United Kingdom,55.378052,-3.435973
3422,Resolved,Low,Chat,Bug report,2023-10-26 06:28:01.000000,,Ready to use Software,Tier 2,Austria,47.6964719,13.3457347
3423,Resolved,Low,Email,Feature request,2023-10-26 09:47:17.000000,,Ready to use Software,Tier 1,Poland,52.536273,19.050639
3424,Closed,Medium,Chat,Product setup,2023-10-26 05:39:42.000000,2023-10-27 18:26:35.805,Ready to use Software,Tier 1,Austria,47.6964719,13.3457347
3425,In progress,High,Phone,Bug report,2023-10-26 19:13:20.000000,,Ready to use Software,Tier 1,Republic of Ireland,53.094024,-8.019675
3426,Resolved,Medium,Email,Bug report,2023-10-27 02:22:25.000000,,Ready to use Software,Tier 1,Italy,43.036776,12.678565
3427,Closed,Low,Email,Product setup,2023-10-26 20:21:45.000000,2023-10-31 10:21:11.355,Ready to use Software,Tier 2,France,48.864716,2.349014
3428,Resolved,Low,Email,Pricing and licensing,2023-10-26 20:46:44.000000,,Custom software development,Tier 2,France,48.864716,2.349014
3429,In progress,High,Email,Feature request,2023-10-26 22:56:11.000000,,Ready to use Software,Tier 1,Poland,52.536273,19.050639
3430,Closed,Medium,Chat,Other,2023-10-27 02:52:28.000000,2023-11-01 01:28:12.393,Custom software development,Tier 1,United Kingdom,55.378052,-3.435973
3431,Closed,Medium,Chat,Product setup,2023-10-27 15:33:45.000000,2023-10-30 12:14:22.510,Ready to use Software,Tier 1,Poland,52.536273,19.050639
3432,Resolved,Low,Email,Feature request,2023-10-27 12:22:15.000000,,Custom software development,Tier 1,Bulgaria,42.7249925,25.4833039
3433,Resolved,Medium,Email,Bug report,2023-10-27 14:10:33.000000,,Ready to use Software,Tier 1,Greece,39.368279,21.863141
3434,Closed,Low,Email,Feature request,2023-10-27 16:03:12.000000,2023-11-01 16:14:18.407,Ready to use Software,Tier 1,United Kingdom,55.378052,-3.435973
3435,Closed,Low,Email,Feature request,2023-10-27 18:44:55.000000,2023-10-29 16:27:26.872,Ready to use Software,Tier 2,Spain,39.67337,-4.767726
3436,Resolved,Low,Email,Other,2023-10-27 23:01:06.000000,,Custom software development,Tier 1,United Kingdom,55.378052,-3.435973
3437,Closed,Medium,Chat,Product setup,2023-10-27 14:31:50.000000,2023-10-28 22:40:08.986,Other,Tier 2,Slovenia,46.1491664,14.9860106
3438,Resolved,Low,Chat,Feature request,2023-10-27 04:25:35.000000,,Other,Tier 1,Germany,51.165691,10.451526
3439,Resolved,Low,Email,Feature request,2023-10-28 03:17:33.000000,,Ready to use Software,Tier 1,Spain,39.67337,-4.767726
3440,Closed,High,Chat,Bug report,2023-10-27 23:19:17.000000,2023-11-02 05:40:30.552,Training and Consulting Services,Tier 1,Bulgaria,42.7249925,25.4833039
3441,Resolved,Low,Email,Bug report,2023-10-27 10:45:31.000000,,Ready to use Software,Tier 1,Bulgaria,42.7249925,25.4833039
3442,Resolved,Medium,Chat,Bug report,2023-10-27 21:22:00.000000,,Ready to use Software,Tier 2,Germany,51.165691,10.451526
3443,Closed,High,Phone,Feature request,2023-10-28 23:28:01.000000,2023-11-02 20:54:50.973,Ready to use Software,Tier 1,United Kingdom,55.378052,-3.435973
3444,In progress,Low,Chat,Bug report,2023-10-28 16:32:42.000000,,Custom software development,Tier 2,United Kingdom,55.378052,-3.435973
3445,Closed,Low,Phone,Product setup,2023-10-28 19:48:50.000000,2023-10-31 20:15:52.879,Ready to use Software,Tier 1,Germany,51.165691,10.451526
3457,In progress,Low,Email,Pricing and licensing,2023-10-29 04:45:51.000000,,Ready to use Software,Tier 2,Germany,51.165691,10.451526
3458,Closed,High,Email,Feature request,2023-10-29 19:26:21.000000,2023-11-01 04:28:15.932,Ready to use Software,Tier 2,Slovenia,46.1491664,14.9860106
3459,Closed,Low,Email,Pricing and licensing,2023-10-29 07:14:50.000000,2023-11-04 05:41:16.578,Other,Tier 1,Germany,51.165691,10.451526
3460,Closed,Low,Chat,Product setup,2023-10-30 20:10:14.000000,2023-11-03 20:32:26.110,Custom software development,Tier 1,Austria,47.6964719,13.3457347
3461,Closed,Low,Chat,Feature request,2023-10-30 10:39:12.000000,2023-11-01 03:53:38.623,Ready to use Software,Tier 1,Greece,39.368279,21.863141
3462,Closed,Medium,Email,Pricing and licensing,2023-10-30 22:13:05.000000,2023-11-03 03:57:53.814,Training and Consulting Services,Tier 1,Austria,47.6964719,13.3457347
3463,Closed,Low,Email,Purchasing and invoicing,2023-10-30 23:30:50.000000,2023-11-02 19:37:04.710,Training and Consulting Services,Tier 1,Greece,39.368279,21.863141
3464,Resolved,High,Email,Product setup,2023-10-31 03:33:23.000000,,Training and Consulting Services,Tier 2,Greece,39.368279,21.863141
3465,In progress,Low,Email,Product setup,2023-10-30 09:51:10.000000,,Custom software development,Tier 1,Austria,47.6964719,13.3457347
3466,Closed,Medium,Chat,Feature request,2023-10-30 20:02:03.000000,2023-11-05 08:09:53.945,Ready to use Software,Tier 1,Poland,52.536273,19.050639
3467,Resolved,Low,Chat,Feature request,2023-10-31 19:07:33.000000,,Ready to use Software,Tier 2,Poland,52.536273,19.050639
3468,Closed,Low,Phone,Feature request,2023-10-31 14:07:30.000000,2023-11-03 19:52:36.096,Other,Tier 2,Slovenia,46.1491664,14.9860106
3469,In progress,Low,Email,Training request,2023-11-01 00:58:47.000000,,Training and Consulting Services,Tier 1,Italy,43.036776,12.678565
3470,Closed,Medium,Phone,Pricing and licensing,2023-10-31 04:37:49.000000,2023-11-04 17:51:20.785,Ready to use Software,Tier 2,Italy,43.036776,12.678565
3471,Closed,Medium,Email,Pricing and licensing,2023-10-31 11:06:15.000000,2023-11-05 15:09:58.759,Ready to use Software,Tier 1,Bulgaria,42.7249925,25.4833039
3472,In progress,Low,Chat,Pricing and licensing,2023-10-31 20:06:51.000000,,Ready to use Software,Tier 2,United Kingdom,55.378052,-3.435973
3473,Closed,High,Chat,Product setup,2023-10-31 04:29:39.000000,2023-11-07 10:24:56.385,Ready to use Software,Tier 1,France,48.864716,2.349014
3474,Closed,Medium,Phone,Other,2023-10-31 04:34:03.000000,2023-11-03 20:11:50.076,Custom software development,Tier 1,Republic of Ireland,53.094024,-8.019675
3475,Closed,Low,Email,Purchasing and invoicing,2023-11-01 04:06:49.000000,2023-11-03 15:05:24.358,Custom software development,Tier 2,Poland,52.536273,19.050639
3476,Closed,Medium,Chat,Product setup,2023-11-02 03:01:47.000000,2023-11-09 05:58:28.532,Other,Tier 1,Bulgaria,42.7249925,25.4833039
3477,Closed,High,Chat,Bug report,2023-11-01 13:20:37.000000,2023-11-05 20:12:48.061,Ready to use Software,Tier 1,Spain,39.67337,-4.767726
3478,Resolved,Low,Chat,Purchasing and invoicing,2023-11-02 01:15:52.000000,,Custom software development,Tier 1,Greece,39.368279,21.863141
3479,Closed,Low,Email,Product setup,2023-11-01 22:55:11.000000,2023-11-06 12:56:33.988,Ready to use Software,Tier 1,Slovenia,46.1491664,14.9860106
3480,Closed,High,Chat,Bug report,2023-11-01 17:07:28.000000,2023-11-08 18:55:16.845,Ready to use Software,Tier 1,Slovenia,46.1491664,14.9860106
3481,Resolved,Medium,Email,Bug report,2023-11-02 03:54:55.000000,,Ready to use Software,Tier 1,Austria,47.6964719,13.3457347
3482,In progress,High,Email,Pricing and licensing,2023-11-01 14:21:54.000000,,Custom software development,Tier 2,Poland,52.536273,19.050639
3483,Closed,Low,Chat,Product setup,2023-11-01 19:23:00.000000,2023-11-06 22:14:25.082,Ready to use Software,Tier 1,Slovenia,46.1491664,14.9860106
3484,In progress,Low,Email,Pricing and licensing,2023-11-01 12:18:40.000000,,Ready to use Software,Tier 1,Italy,43.036776,12.678565
3485,Closed,Medium,Phone,Product setup,2023-11-01 11:01:08.000000,2023-11-07 13:05:16.986,Ready to use Software,Tier 1,United Kingdom,55.378052,-3.435973
3486,In progress,Low,Email,Pricing and licensing,2023-11-02 23:25:27.000000,,Custom software development,Tier 1,United Kingdom,55.378052,-3.435973
3487,Resolved,Medium,Email,Product setup,2023-11-02 10:12:26.000000,,Ready to use Software,Tier 2,Poland,52.536273,19.050639
3488,Closed,Medium,Chat,Other,2023-11-02 05:48:46.000000,2023-11-04 23:48:22.067,Custom software development,Tier 1,Germany,51.165691,10.451526
3489,Closed,High,Chat,Product setup,2023-11-02 15:02:27.000000,2023-11-06 21:07:30.549,Other,Tier 2,Slovenia,46.1491664,14.9860106
3490,In progress,Low,Email,Product setup,2023-11-02 06:48:53.000000,,Custom software development,Tier 2,Greece,39.368279,21.863141
3491,Closed,High,Chat,Feature request,2023-11-02 16:46:43.000000,2023-11-08 14:13:15.951,Custom software development,Tier 1,Republic of Ireland,53.094024,-8.019675
3492,Closed,High,Email,Product setup,2023-11-02 19:45:40.000000,2023-11-08 17:27:16.352,Other,Tier 1,France,48.864716,2.349014
3493,Resolved,Low,Email,Other,2023-11-02 12:00:12.000000,,Other,Tier 1,Czech Republic,49.8037633,15.4749126
3494,In progress,High,Chat,Pricing and Licensing,2023-11-02 19:27:33.000000,,Custom software development,Tier 1,Italy,43.036776,12.678565
3495,Closed,Low,Email,Bug report,2023-11-02 10:29:35.000000,2023-11-03 05:54:12.009,Ready to use Software,Tier 2,Germany,51.165691,10.451526
3496,Closed,High,Chat,Feature request,2023-11-03 21:47:09.000000,2023-11-06 00:25:19.395,Custom software development,Tier 1,Austria,47.6964719,13.3457347
3497,Closed,Medium,Email,Bug report,2023-11-03 22:35:52.000000,2023-11-06 08:22:23.186,Ready to use Software,Tier 1,Czech Republic,49.8037633,15.4749126
3498,Closed,Low,Chat,Pricing and licensing,2023-11-03 23:42:56.000000,2023-11-09 22:18:38.650,Training and Consulting Services,Tier 1,Slovenia,46.1491664,14.9860106
3499,Closed,Medium,Phone,Bug report,2023-11-03 17:33:40.000000,2023-11-07 04:46:24.861,Ready to use Software,Tier 1,Greece,39.368279,21.863141
3500,Closed,High,Email,Product setup,2023-11-03 19:51:20.000000,2023-11-08 08:19:55.464,Other,Tier 2,Austria,47.6964719,13.3457347
3501,Closed,High,Chat,Feature request,2023-11-03 09:18:59.000000,2023-11-04 15:31:33.746,Custom software development,Tier 1,Republic of Ireland,53.094024,-8.019675
3502,Closed,High,Email,Other,2023-11-03 20:58:19.000000,2023-11-08 03:28:48.815,Ready to use Software,Tier 1,Spain,39.67337,-4.767726
3503,Closed,High,Chat,Pricing and licensing,2023-11-03 14:23:40.000000,2023-11-10 02:20:53.309,Other,Tier 1,Poland,52.536273,19.050639
3504,Closed,Low,Chat,Other,2023-11-03 13:23:39.000000,2023-11-06 22:00:16.993,Ready to use Software,Tier 1,Slovenia,46.1491664,14.9860106
3505,Closed,Low,Chat,Product setup,2023-11-03 10:23:01.000000,2023-11-09 05:55:34.221,Other,Tier 2,Italy,43.036776,12.678565
3506,Closed,Low,Chat,Feature request,2023-11-04 19:02:09.000000,2023-11-11 12:59:27.201,Ready to use Software,Tier 2,Germany,51.165691,10.451526
3507,In progress,High,Chat,Pricing and licensing,2023-11-04 22:21:44.000000,,Ready to use Software,Tier 1,Poland,52.536273,19.050639
3508,Closed,High,Chat,Pricing and Licensing,2023-11-05 01:16:05.000000,2023-11-11 04:59:15.368,Custom software development,Tier 1,Italy,43.036776,12.678565
3522,Closed,Medium,Chat,Pricing and licensing,2023-11-05 04:43:17.000000,2023-11-09 03:06:14.393,Training and Consulting Services,Tier 1,Italy,43.036776,12.678565
3523,In progress,Medium,Chat,Feature request,2023-11-05 21:52:21.000000,,Ready to use Software,Tier 1,Czech Republic,49.8037633,15.4749126
3524,Closed,Low,Chat,Pricing and licensing,2023-11-05 17:30:09.000000,2023-11-08 23:15:45.085,Ready to use Software,Tier 1,Czech Republic,49.8037633,15.4749126
3525,Closed,Low,Chat,Other,2023-11-06 14:52:57.000000,2023-11-13 14:58:12.296,Training and Consulting Services,Tier 1,Republic of Ireland,53.094024,-8.019675
3526,In progress,Low,Email,Product setup,2023-11-06 14:49:23.000000,,Other,Tier 1,Czech Republic,49.8037633,15.4749126
3527,Closed,Medium,Email,Pricing and licensing,2023-11-06 18:18:19.000000,2023-11-08 15:06:01.073,Other,Tier 1,Bulgaria,42.7249925,25.4833039
3528,Closed,Low,Chat,Pricing and licensing,2023-11-06 12:26:31.000000,2023-11-09 18:11:40.426,Ready to use Software,Tier 1,Bulgaria,42.7249925,25.4833039
3529,Closed,Low,Email,Pricing and licensing,2023-11-07 04:48:23.000000,2023-11-10 13:04:42.026,Ready to use Software,Tier 1,Republic of Ireland,53.094024,-8.019675
3530,Closed,Low,Chat,Pricing and licensing,2023-11-06 21:35:57.000000,2023-11-11 09:38:36.558,Ready to use Software,Tier 1,United Kingdom,55.378052,-3.435973
3531,Closed,Low,Email,Product setup,2023-11-07 00:21:09.000000,2023-11-13 06:57:45.869,Ready to use Software,Tier 1,United Kingdom,55.378052,-3.435973
3532,In progress,Medium,Email,Product setup,2023-11-06 05:36:36.000000,,Training and Consulting Services,Tier 1,Spain,39.67337,-4.767726
3533,Closed,Low,Email,Purchasing and invoicing,2023-11-07 17:46:42.000000,2023-11-13 23:49:22.351,Ready to use Software,Tier 1,Austria,47.6964719,13.3457347
3534,Resolved,Low,Email,Pricing and licensing,2023-11-07 05:28:30.000000,,Other,Tier 1,Austria,47.6964719,13.3457347
3535,Closed,Low,Chat,Feature request,2023-11-07 06:41:16.000000,2023-11-10 12:23:45.264,Custom software development,Tier 1,Poland,52.536273,19.050639
3536,Closed,Medium,Email,Feature request,2023-11-07 06:05:48.000000,2023-11-07 22:22:29.242,Ready to use Software,Tier 1,Germany,51.165691,10.451526
3537,Closed,Low,Email,Pricing and licensing,2023-11-08 00:22:24.000000,2023-11-12 04:51:35.309,Other,Tier 1,Italy,43.036776,12.678565
3538,Closed,Low,Chat,Bug report,2023-11-07 10:07:18.000000,2023-11-12 08:45:03.953,Custom software development,Tier 1,Republic of Ireland,53.094024,-8.019675
3539,Closed,High,Chat,Other,2023-11-07 05:47:28.000000,2023-11-08 23:26:50.954,Ready to use Software,Tier 1,Poland,52.536273,19.050639
3540,Closed,Medium,Email,Product setup,2023-11-08 12:10:23.000000,2023-11-14 14:41:21.753,Ready to use Software,Tier 1,Spain,39.67337,-4.767726
3542,Resolved,Medium,Email,Feature request,2023-11-09 01:42:42.000000,,Ready to use Software,Tier 1,Poland,52.536273,19.050639
3543,Resolved,High,Email,Pricing and licensing,2023-11-09 03:46:35.000000,,Ready to use Software,Tier 1,United Kingdom,55.378052,-3.435973
3544,Resolved,Low,Email,Feature request,2023-11-08 06:13:09.000000,,Ready to use Software,Tier 2,Germany,51.165691,10.451526
3545,Closed,Low,Email,Feature request,2023-11-08 06:34:12.000000,2023-11-14 02:19:07.751,Other,Tier 1,Poland,52.536273,19.050639
3546,Closed,Low,Email,Pricing and licensing,2023-11-08 12:43:08.000000,2023-11-13 04:48:01.462,Training and Consulting Services,Tier 2,United Kingdom,55.378052,-3.435973
1,open,high,email,login issue,2025-08-25 20:19:53.785763,,software,level 1,USA,37.7749,-122.4194
1012,Closed,Low,Email,Feature request,2023-01-02 05:58:36.000000,2023-01-04 09:02:59.013,Custom software development,Tier 1,Republic of Ireland,53.094024,-8.019675
1013,In progress,High,Phone,Product setup,2023-01-02 12:27:25.000000,,Other,Tier 2,Italy,43.036776,12.678565
1014,Resolved,Low,Chat,Purchasing and invoicing,2023-01-02 11:59:04.000000,,Custom software development,Tier 1,Austria,47.6964719,13.3457347
1015,Closed,Medium,Email,Pricing and licensing,2023-01-03 08:09:39.000000,2023-01-08 09:24:54.771,Ready to use Software,Tier 1,Spain,39.67337,-4.767726
1016,Closed,Low,Email,Product setup,2023-01-03 05:03:58.000000,2023-01-06 11:05:08.637,Other,Tier 1,Austria,47.6964719,13.3457347
1017,Closed,Low,Email,Purchasing and invoicing,2023-01-03 19:25:42.000000,2023-01-10 21:41:07.865,Ready to use Software,Tier 1,Greece,39.368279,21.863141
1018,Closed,Low,Phone,Product setup,2023-01-03 20:32:02.000000,2023-01-08 02:52:35.202,Ready to use Software,Tier 1,Republic of Ireland,53.094024,-8.019675
1019,Resolved,Medium,Chat,Pricing and licensing,2023-01-03 05:38:48.000000,,Training and Consulting Services,Tier 2,Poland,52.536273,19.050639
1020,Resolved,Medium,Chat,Product setup,2023-01-03 14:37:54.000000,,Other,Tier 1,Germany,51.165691,10.451526
1021,Closed,Low,Email,Product setup,2023-01-03 14:27:35.000000,2023-01-08 01:25:29.487,Training and Consulting Services,Tier 1,Czech Republic,49.8037633,15.4749126
1024,Closed,Medium,Chat,Other,2023-01-03 21:41:11.000000,2023-01-06 05:38:58.704,Custom software development,Tier 1,Czech Republic,49.8037633,15.4749126
1025,Closed,Low,Chat,Bug report,2023-01-03 09:50:04.000000,2023-01-09 10:37:59.166,Custom software development,Tier 1,Poland,52.536273,19.050639
1026,Closed,Low,Chat,Bug report,2023-01-04 15:49:27.000000,2023-01-05 17:53:53.016,Ready to use Software,Tier 1,Bulgaria,42.7249925,25.4833039
1027,Resolved,Low,Chat,Training request,2023-01-04 12:27:56.000000,,Training and Consulting Services,Tier 1,United Kingdom,55.378052,-3.435973
1028,Resolved,Low,Chat,Bug report,2023-01-05 02:46:12.000000,,Ready to use Software,Tier 1,Bulgaria,42.7249925,25.4833039
1029,Closed,Medium,Chat,Feature request,2023-01-04 14:12:41.000000,2023-01-07 04:18:19.761,Custom software development,Tier 1,Germany,51.165691,10.451526
1030,Closed,Medium,Chat,Feature request,2023-01-05 00:36:58.000000,2023-01-11 11:16:49.063,Ready to use Software,Tier 1,Germany,51.165691,10.451526
1031,In progress,Low,Email,Feature request,2023-01-04 23:08:24.000000,,Ready to use Software,Tier 1,United Kingdom,55.378052,-3.435973
1032,Resolved,Low,Email,Product setup,2023-01-04 17:47:17.000000,,Other,Tier 2,Germany,51.165691,10.451526
1034,In progress,Low,Chat,Other,2023-01-05 00:06:20.000000,,Training and Consulting Services,Tier 1,Germany,51.165691,10.451526
1035,In progress,High,Email,Training request,2023-01-04 10:27:57.000000,,Training and Consulting Services,Tier 1,Germany,51.165691,10.451526
1037,Resolved,Low,Email,Product setup,2023-01-05 17:10:27.000000,,Custom software development,Tier 1,Poland,52.536273,19.050639
1038,Closed,High,Chat,Other,2023-01-05 09:18:55.000000,2023-01-12 23:08:53.602,Other,Tier 1,Italy,43.036776,12.678565
1039,Resolved,Medium,Chat,Purchasing and invoicing,2023-01-05 10:16:19.000000,,Custom software development,Tier 2,Poland,52.536273,19.050639
1040,In progress,High,Chat,Bug report,2023-01-05 19:30:37.000000,,Ready to use Software,Tier 2,Poland,52.536273,19.050639
1041,Closed,Low,Chat,Product setup,2023-01-05 07:59:54.000000,2023-01-06 16:37:32.085,Ready to use Software,Tier 1,Germany,51.165691,10.451526
1043,Closed,High,Email,Pricing and licensing,2023-01-05 08:31:45.000000,2023-01-09 23:40:33.584,Custom software development,Tier 1,Italy,43.036776,12.678565
1044,Closed,Low,Chat,Product setup,2023-01-07 01:45:42.000000,2023-01-14 04:39:58.864,Custom software development,Tier 1,Italy,43.036776,12.678565
1045,Resolved,Medium,Email,Bug report,2023-01-07 01:14:59.000000,,Ready to use Software,Tier 1,Slovenia,46.1491664,14.9860106
1046,Resolved,High,Email,Bug report,2023-01-06 20:11:41.000000,,Custom software development,Tier 1,Poland,52.536273,19.050639
1047,In progress,Low,Email,Pricing and licensing,2023-01-06 08:15:21.000000,,Training and Consulting Services,Tier 1,Greece,39.368279,21.863141
1048,In progress,Low,Chat,Pricing and licensing,2023-01-07 04:55:57.000000,,Ready to use Software,Tier 1,Greece,39.368279,21.863141
1049,Closed,Medium,Chat,Pricing and licensing,2023-01-06 17:05:00.000000,2023-01-12 01:40:58.211,Custom software development,Tier 1,Poland,52.536273,19.050639
1050,Closed,Low,Email,Product setup,2023-01-07 06:13:52.000000,2023-01-14 05:42:18.528,Training and Consulting Services,Tier 1,Spain,39.67337,-4.767726
1054,Closed,High,Email,Purchasing and invoicing,2023-01-07 10:28:54.000000,2023-01-14 21:18:51.456,Custom software development,Tier 2,Italy,43.036776,12.678565
1055,Closed,High,Email,Bug report,2023-01-07 23:09:17.000000,2023-01-13 03:16:01.046,Ready to use Software,Tier 1,Republic of Ireland,53.094024,-8.019675
1056,Resolved,Low,Email,Bug report,2023-01-07 05:13:20.000000,,Custom software development,Tier 1,Germany,51.165691,10.451526
1057,Closed,Medium,Email,Feature request,2023-01-07 14:55:14.000000,2023-01-09 14:28:09.839,Ready to use Software,Tier 1,Germany,51.165691,10.451526
1058,In progress,Medium,Email,Pricing and licensing,2023-01-08 18:39:52.000000,,Ready to use Software,Tier 1,France,48.864716,2.349014
1062,In progress,Low,Chat,Pricing and licensing,2023-01-09 00:35:27.000000,,Custom software development,Tier 1,Republic of Ireland,53.094024,-8.019675
1063,Closed,Low,Phone,Feature request,2023-01-08 09:56:45.000000,2023-01-12 09:26:34.100,Ready to use Software,Tier 1,United Kingdom,55.378052,-3.435973
1064,Closed,High,Chat,Other,2023-01-08 15:58:22.000000,2023-01-11 01:07:57.409,Ready to use Software,Tier 1,United Kingdom,55.378052,-3.435973
1065,Closed,Medium,Chat,Product setup,2023-01-08 06:00:01.000000,2023-01-10 19:51:41.345,Ready to use Software,Tier 1,United Kingdom,55.378052,-3.435973
1066,Resolved,Medium,Chat,Product setup,2023-01-09 19:16:59.000000,,Ready to use Software,Tier 1,Spain,39.67337,-4.767726
1067,Resolved,Low,Email,Product setup,2023-01-09 20:09:10.000000,,Custom software development,Tier 1,Germany,51.165691,10.451526
1068,Closed,Low,Email,Product setup,2023-01-09 19:10:12.000000,2023-01-11 04:22:09.144,Ready to use Software,Tier 1,Greece,39.368279,21.863141
1069,Closed,Medium,Email,Pricing and licensing,2023-01-09 22:25:30.000000,2023-01-15 14:04:12.484,Custom software development,Tier 2,Poland,52.536273,19.050639
1070,Resolved,High,Email,Pricing and licensing,2023-01-09 23:55:21.000000,,Custom software development,Tier 2,Germany,51.165691,10.451526
1071,Closed,Medium,Email,Training request,2023-01-09 16:56:11.000000,2023-01-12 15:45:03.468,Training and Consulting Services,Tier 2,Republic of Ireland,53.094024,-8.019675
1072,Closed,High,Email,Feature request,2023-01-10 01:14:31.000000,2023-01-12 05:24:18.715,Custom software development,Tier 1,Germany,51.165691,10.451526
1073,Closed,Medium,Email,Pricing and licensing,2023-01-09 14:10:39.000000,2023-01-11 06:48:08.451,Ready to use Software,Tier 1,Greece,39.368279,21.863141
1074,Closed,Low,Chat,Pricing and licensing,2023-01-09 11:50:00.000000,2023-01-13 06:00:44.792,Ready to use Software,Tier 1,Slovenia,46.1491664,14.9860106
1075,Closed,High,Email,Product setup,2023-01-10 02:50:02.000000,2023-01-16 19:36:36.530,Ready to use Software,Tier 1,Czech Republic,49.8037633,15.4749126
1076,Closed,Low,Phone,Product setup,2023-01-09 07:55:23.000000,2023-01-13 00:40:46.559,Ready to use Software,Tier 1,Germany,51.165691,10.451526
1077,Resolved,Low,Email,Pricing and licensing,2023-01-10 07:10:01.000000,,Ready to use Software,Tier 1,Bulgaria,42.7249925,25.4833039
1078,Closed,Low,Email,Pricing and licensing,2023-01-10 18:46:53.000000,2023-01-16 06:36:05.298,Ready to use Software,Tier 1,Germany,51.165691,10.451526
1079,Resolved,Low,Email,Product setup,2023-01-10 14:42:12.000000,,Other,Tier 1,Germany,51.165691,10.451526
1080,Closed,Low,Chat,Product setup,2023-01-10 08:17:26.000000,2023-01-11 17:32:23.705,Training and Consulting Services,Tier 1,Spain,39.67337,-4.767726
1081,In progress,Medium,Chat,Product setup,2023-01-10 09:29:04.000000,,Custom software development,Tier 1,Austria,47.6964719,13.3457347
1082,Closed,Low,Phone,Product setup,2023-01-11 01:59:34.000000,2023-01-12 19:16:45.427,Custom software development,Tier 1,Poland,52.536273,19.050639
1083,Resolved,Low,Phone,Pricing and licensing,2023-01-11 04:30:30.000000,,Ready to use Software,Tier 1,Poland,52.536273,19.050639
1084,Resolved,Medium,Email,Other,2023-01-10 15:14:54.000000,,Other,Tier 1,United Kingdom,55.378052,-3.435973
1085,Closed,High,Chat,Product setup,2023-01-10 12:30:22.000000,2023-01-14 11:35:29.874,Ready to use Software,Tier 1,Germany,51.165691,10.451526
1086,Resolved,Medium,Email,Purchasing and invoicing,2023-01-10 22:16:11.000000,,Ready to use Software,Tier 1,Germany,51.165691,10.451526
1087,Closed,Low,Email,Feature request,2023-01-12 00:17:35.000000,2023-01-15 06:15:04.648,Ready to use Software,Tier 2,Italy,43.036776,12.678565
1088,Closed,Low,Chat,Purchasing and invoicing,2023-01-11 16:24:14.000000,2023-01-13 09:59:59.615,Training and Consulting Services,Tier 1,Spain,39.67337,-4.767726
1090,Resolved,Low,Chat,Feature request,2023-01-11 05:49:24.000000,,Ready to use Software,Tier 1,Italy,43.036776,12.678565
1092,Resolved,Medium,Chat,Pricing and licensing,2023-01-11 17:31:52.000000,,Custom software development,Tier 1,Germany,51.165691,10.451526
1093,Resolved,Low,Email,Product setup,2023-01-11 18:45:35.000000,,Custom software development,Tier 1,United Kingdom,55.378052,-3.435973
1094,Resolved,Low,Chat,Purchasing and invoicing,2023-01-11 09:04:47.000000,,Ready to use Software,Tier 1,Czech Republic,49.8037633,15.4749126
1095,Closed,Low,Chat,Feature request,2023-01-11 18:40:47.000000,2023-01-18 15:44:41.595,Custom software development,Tier 1,Czech Republic,49.8037633,15.4749126
1097,Closed,Low,Email,Product setup,2023-01-11 10:29:41.000000,2023-01-16 20:48:07.957,Ready to use Software,Tier 1,Austria,47.6964719,13.3457347
1098,In progress,Medium,Chat,Other,2023-01-12 17:18:45.000000,,Ready to use Software,Tier 1,Poland,52.536273,19.050639
1100,Resolved,Medium,Email,Feature request,2023-01-13 03:40:11.000000,,Custom software development,Tier 2,Italy,43.036776,12.678565
1101,Resolved,High,Chat,Bug report,2023-01-13 20:00:14.000000,,Ready to use Software,Tier 1,Austria,47.6964719,13.3457347
1102,Resolved,Low,Chat,Other,2023-01-13 20:16:58.000000,,Ready to use Software,Tier 2,Germany,51.165691,10.451526
1103,Resolved,Medium,Chat,Pricing and licensing,2023-01-13 17:58:56.000000,,Ready to use Software,Tier 1,Bulgaria,42.7249925,25.4833039
1104,Closed,Low,Email,Feature request,2023-01-13 18:30:46.000000,2023-01-18 07:50:09.567,Other,Tier 1,Italy,43.036776,12.678565
1105,Closed,Low,Chat,Feature request,2023-01-13 11:47:37.000000,2023-01-15 19:41:08.910,Other,Tier 1,Italy,43.036776,12.678565
1106,In progress,Low,Chat,Other,2023-01-14 04:18:45.000000,,Custom software development,Tier 1,Germany,51.165691,10.451526
1107,Closed,Low,Email,Bug report,2023-01-13 16:19:44.000000,2023-01-15 16:12:25.378,Ready to use Software,Tier 2,Republic of Ireland,53.094024,-8.019675
1108,Closed,Low,Email,Purchasing and invoicing,2023-01-13 07:10:18.000000,2023-01-16 23:08:35.263,Ready to use Software,Tier 1,Czech Republic,49.8037633,15.4749126
1109,Closed,High,Chat,Product setup,2023-01-13 18:38:30.000000,2023-01-17 11:36:45.502,Training and Consulting Services,Tier 1,France,48.864716,2.349014
1110,Closed,High,Email,Product setup,2023-01-14 02:32:08.000000,2023-01-19 10:07:27.605,Ready to use Software,Tier 2,United Kingdom,55.378052,-3.435973
1111,In progress,Low,Chat,Product setup,2023-01-13 07:49:26.000000,,Ready to use Software,Tier 1,Spain,39.67337,-4.767726
1112,In progress,Low,Phone,Pricing and licensing,2023-01-13 07:22:58.000000,,Ready to use Software,Tier 1,Republic of Ireland,53.094024,-8.019675
1113,Resolved,Low,Chat,Product setup,2023-01-13 06:46:37.000000,,Custom software development,Tier 1,Germany,51.165691,10.451526
1114,Closed,Medium,Email,Product setup,2023-01-13 12:20:20.000000,2023-01-21 05:17:21.652,Other,Tier 1,Poland,52.536273,19.050639
1115,Resolved,Low,Chat,Pricing and licensing,2023-01-14 04:22:08.000000,,Ready to use Software,Tier 1,Germany,51.165691,10.451526
1116,Resolved,Medium,Phone,Pricing and licensing,2023-01-15 03:53:23.000000,,Training and Consulting Services,Tier 1,United Kingdom,55.378052,-3.435973
1126,Closed,Medium,Phone,Pricing and licensing,2023-01-15 18:10:36.000000,2023-01-20 09:15:17.640,Custom software development,Tier 1,United Kingdom,55.378052,-3.435973
1127,Resolved,High,Email,Product setup,2023-01-15 11:08:54.000000,,Other,Tier 1,Czech Republic,49.8037633,15.4749126
1128,Closed,Low,Email,Other,2023-01-15 15:11:34.000000,2023-01-19 04:31:09.366,Ready to use Software,Tier 1,Germany,51.165691,10.451526
1129,Closed,High,Phone,Pricing and licensing,2023-01-15 07:01:36.000000,2023-01-18 21:30:05.795,Custom software development,Tier 1,Slovenia,46.1491664,14.9860106
1130,In progress,Medium,Chat,Product setup,2023-01-16 10:12:59.000000,,Ready to use Software,Tier 1,Spain,39.67337,-4.767726
1131,Closed,Low,Email,Product setup,2023-01-17 01:38:34.000000,2023-01-20 10:35:10.396,Ready to use Software,Tier 1,Czech Republic,49.8037633,15.4749126
1132,Closed,Low,Email,Pricing and licensing,2023-01-16 20:44:20.000000,2023-01-23 01:45:33.952,Training and Consulting Services,Tier 1,Austria,47.6964719,13.3457347
1133,Resolved,High,Chat,Product setup,2023-01-17 00:19:41.000000,,Ready to use Software,Tier 1,Bulgaria,42.7249925,25.4833039
1134,Closed,Low,Chat,Product setup,2023-01-16 17:50:35.000000,2023-01-20 23:38:43.224,Custom software development,Tier 1,Spain,39.67337,-4.767726
1135,Resolved,Low,Phone,Bug report,2023-01-16 19:37:40.000000,,Training and Consulting Services,Tier 2,Poland,52.536273,19.050639
1136,Resolved,Low,Email,Bug report,2023-01-16 20:35:28.000000,,Ready to use Software,Tier 1,Germany,51.165691,10.451526
1137,Resolved,Low,Email,Feature request,2023-01-16 12:57:01.000000,,Ready to use Software,Tier 1,Italy,43.036776,12.678565
1138,Resolved,Low,Email,Product setup,2023-01-17 06:30:29.000000,,Ready to use Software,Tier 2,Spain,39.67337,-4.767726
1139,Closed,Low,Chat,Feature request,2023-01-17 16:23:12.000000,2023-01-19 02:05:43.681,Custom software development,Tier 1,Italy,43.036776,12.678565
1140,Resolved,Low,Chat,Purchasing and invoicing,2023-01-17 19:03:25.000000,,Training and Consulting Services,Tier 1,Greece,39.368279,21.863141
1141,Resolved,Low,Chat,Other,2023-01-17 05:04:06.000000,,Ready to use Software,Tier 1,Germany,51.165691,10.451526
1142,Closed,Low,Email,Pricing and licensing,2023-01-17 21:42:23.000000,2023-01-22 21:25:53.103,Ready to use Software,Tier 1,Greece,39.368279,21.863141
1143,Resolved,Low,Email,Other,2023-01-18 04:31:47.000000,,Training and Consulting Services,Tier 2,Republic of Ireland,53.094024,-8.019675
1144,Closed,Low,Email,Pricing and licensing,2023-01-18 04:24:52.000000,2023-01-24 16:50:18.528,Ready to use Software,Tier 1,Republic of Ireland,53.094024,-8.019675
1145,Resolved,Medium,Email,Product setup,2023-01-17 20:52:09.000000,,Ready to use Software,Tier 1,France,48.864716,2.349014
1146,Closed,Low,Email,Pricing and licensing,2023-01-18 07:02:20.000000,2023-01-20 08:16:40.933,Ready to use Software,Tier 2,Italy,43.036776,12.678565
1147,Closed,Low,Email,Product setup,2023-01-18 15:59:28.000000,2023-01-21 10:10:24.451,Custom software development,Tier 1,Germany,51.165691,10.451526
1148,Closed,Low,Email,Pricing and licensing,2023-01-18 13:59:26.000000,2023-01-24 14:37:03.539,Ready to use Software,Tier 1,Italy,43.036776,12.678565
1149,In progress,Low,Phone,Feature request,2023-01-18 07:50:49.000000,,Custom software development,Tier 1,Italy,43.036776,12.678565
1150,Closed,Low,Email,Purchasing and invoicing,2023-01-18 08:19:26.000000,2023-01-24 08:52:10.396,Other,Tier 1,Slovenia,46.1491664,14.9860106
1151,Closed,High,Chat,Product setup,2023-01-18 11:48:43.000000,2023-01-23 09:03:47.562,Ready to use Software,Tier 1,United Kingdom,55.378052,-3.435973
1152,Closed,Medium,Phone,Pricing and licensing,2023-01-18 06:34:28.000000,2023-01-21 07:40:20.689,Ready to use Software,Tier 2,Bulgaria,42.7249925,25.4833039
1153,Closed,Medium,Chat,Purchasing and invoicing,2023-01-18 07:18:40.000000,2023-01-25 00:17:08.378,Ready to use Software,Tier 2,Germany,51.165691,10.451526
1154,Resolved,Low,Email,Pricing and licensing,2023-01-18 12:25:42.000000,,Other,Tier 1,Italy,43.036776,12.678565
1155,Closed,Medium,Chat,Feature request,2023-01-18 20:27:11.000000,2023-01-21 05:33:39.765,Custom software development,Tier 2,United Kingdom,55.378052,-3.435973
1156,Resolved,Medium,Email,Other,2023-01-18 09:20:21.000000,,Training and Consulting Services,Tier 2,France,48.864716,2.349014
1157,Resolved,Medium,Chat,Product setup,2023-01-19 03:25:35.000000,,Ready to use Software,Tier 1,Greece,39.368279,21.863141
1158,Closed,Medium,Chat,Product setup,2023-01-18 23:08:37.000000,2023-01-21 02:41:51.832,Custom software development,Tier 1,Republic of Ireland,53.094024,-8.019675
1159,Closed,Low,Chat,Product setup,2023-01-20 00:54:37.000000,2023-01-25 19:55:40.103,Training and Consulting Services,Tier 2,United Kingdom,55.378052,-3.435973
1160,Resolved,Low,Chat,Pricing and licensing,2023-01-19 14:56:57.000000,,Ready to use Software,Tier 2,Italy,43.036776,12.678565
1161,In progress,Low,Email,Purchasing and invoicing,2023-01-19 16:56:06.000000,,Other,Tier 2,Slovenia,46.1491664,14.9860106
1162,Closed,Medium,Email,Product setup,2023-01-19 06:28:08.000000,2023-01-21 14:04:00.687,Training and Consulting Services,Tier 1,France,48.864716,2.349014
1163,Closed,Low,Email,Product setup,2023-01-19 07:31:19.000000,2023-01-22 08:44:53.170,Ready to use Software,Tier 1,Germany,51.165691,10.451526
1164,Closed,Low,Chat,Product setup,2023-01-19 13:14:44.000000,2023-01-20 20:57:25.455,Training and Consulting Services,Tier 1,Italy,43.036776,12.678565
1165,Resolved,High,Chat,Product setup,2023-01-19 07:00:02.000000,,Ready to use Software,Tier 1,United Kingdom,55.378052,-3.435973
1166,Closed,Low,Email,Pricing and licensing,2023-01-19 21:07:40.000000,2023-01-23 19:00:07.411,Ready to use Software,Tier 1,Poland,52.536273,19.050639
1167,Closed,Low,Chat,Pricing and licensing,2023-01-19 09:01:55.000000,2023-01-21 16:09:55.484,Ready to use Software,Tier 1,Italy,43.036776,12.678565
1168,Resolved,High,Email,Other,2023-01-19 23:33:13.000000,,Other,Tier 2,Czech Republic,49.8037633,15.4749126
1169,Closed,Medium,Chat,Product setup,2023-01-19 22:03:57.000000,2023-01-27 10:20:49.742,Custom software development,Tier 1,Poland,52.536273,19.050639
1170,In progress,Medium,Chat,Product setup,2023-01-19 07:59:41.000000,,Ready to use Software,Tier 1,Austria,47.6964719,13.3457347
1171,In progress,High,Email,Feature request,2023-01-20 13:12:18.000000,,Other,Tier 2,Germany,51.165691,10.451526
1172,In progress,Low,Email,Purchasing and invoicing,2023-01-20 21:02:00.000000,,Ready to use Software,Tier 1,Germany,51.165691,10.451526
1173,In progress,Low,Email,Product setup,2023-01-20 23:26:33.000000,,Ready to use Software,Tier 1,United Kingdom,55.378052,-3.435973
1174,Closed,Low,Email,Product setup,2023-01-20 21:12:23.000000,2023-01-27 00:39:01.757,Ready to use Software,Tier 1,Republic of Ireland,53.094024,-8.019675
1175,Closed,Medium,Email,Pricing and licensing,2023-01-20 23:26:56.000000,2023-01-24 04:35:19.894,Other,Tier 1,Greece,39.368279,21.863141
1176,In progress,High,Chat,Bug report,2023-01-20 17:41:24.000000,,Ready to use Software,Tier 2,Germany,51.165691,10.451526
1177,In progress,Low,Email,Pricing and licensing,2023-01-20 12:41:43.000000,,Ready to use Software,Tier 1,Republic of Ireland,53.094024,-8.019675
1178,Resolved,High,Email,Other,2023-01-20 14:35:25.000000,,Ready to use Software,Tier 1,Bulgaria,42.7249925,25.4833039
1179,Closed,Low,Email,Product setup,2023-01-20 20:19:25.000000,2023-01-23 12:11:32.336,Custom software development,Tier 2,Slovenia,46.1491664,14.9860106
1180,Resolved,Low,Chat,Purchasing and invoicing,2023-01-20 13:49:49.000000,,Training and Consulting Services,Tier 1,United Kingdom,55.378052,-3.435973
1181,Closed,Low,Email,Training request,2023-01-20 16:54:54.000000,2023-01-24 09:21:17.645,Training and Consulting Services,Tier 1,Bulgaria,42.7249925,25.4833039
1182,Closed,High,Chat,Feature request,2023-01-21 13:18:41.000000,2023-01-23 11:11:19.611,Ready to use Software,Tier 1,Spain,39.67337,-4.767726
1183,Closed,Low,Email,Purchasing and invoicing,2023-01-21 12:43:47.000000,2023-01-25 08:32:44.663,Other,Tier 1,United Kingdom,55.378052,-3.435973
1184,Resolved,High,Chat,Pricing and licensing,2023-01-21 22:21:38.000000,,Ready to use Software,Tier 1,Austria,47.6964719,13.3457347
1185,Resolved,Low,Chat,Feature request,2023-01-21 16:45:13.000000,,Custom software development,Tier 1,Bulgaria,42.7249925,25.4833039
1186,Closed,Medium,Email,Product setup,2023-01-21 12:09:47.000000,2023-01-27 22:58:00.263,Training and Consulting Services,Tier 1,Greece,39.368279,21.863141
1198,In progress,Medium,Email,Other,2023-01-22 13:50:11.000000,,Ready to use Software,Tier 1,Republic of Ireland,53.094024,-8.019675
1199,Resolved,Low,Chat,Bug report,2023-01-22 06:57:26.000000,,Training and Consulting Services,Tier 1,Czech Republic,49.8037633,15.4749126
1200,Closed,Medium,Email,Feature request,2023-01-22 11:50:05.000000,2023-01-25 14:12:17.667,Custom software development,Tier 1,Greece,39.368279,21.863141
1201,Resolved,High,Email,Training request,2023-01-23 04:42:43.000000,,Training and Consulting Services,Tier 1,Poland,52.536273,19.050639
1202,Resolved,Low,Email,Feature request,2023-01-22 18:18:02.000000,,Other,Tier 1,United Kingdom,55.378052,-3.435973
1203,Resolved,Medium,Email,Bug report,2023-01-22 19:32:27.000000,,Custom software development,Tier 1,Poland,52.536273,19.050639
1204,In progress,Low,Email,Purchasing and invoicing,2023-01-23 07:36:31.000000,,Other,Tier 1,Italy,43.036776,12.678565
1205,Resolved,Low,Chat,Product setup,2023-01-23 09:12:42.000000,,Custom software development,Tier 2,Spain,39.67337,-4.767726
1206,Closed,Low,Chat,Product setup,2023-01-23 07:29:57.000000,2023-01-29 03:46:11.941,Custom software development,Tier 1,Germany,51.165691,10.451526
1207,In progress,Low,Email,Feature request,2023-01-24 01:37:56.000000,,Ready to use Software,Tier 1,Greece,39.368279,21.863141
1208,Resolved,Low,Email,Product setup,2023-01-23 21:44:16.000000,,Ready to use Software,Tier 1,Germany,51.165691,10.451526
1209,Closed,Medium,Chat,Feature request,2023-01-23 18:00:51.000000,2023-01-26 21:36:50.944,Ready to use Software,Tier 1,United Kingdom,55.378052,-3.435973
1210,In progress,Low,Email,Other,2023-01-23 11:36:19.000000,,Custom software development,Tier 2,Germany,51.165691,10.451526
1211,Closed,Low,Email,Purchasing and invoicing,2023-01-24 20:26:28.000000,2023-01-29 00:09:31.647,Training and Consulting Services,Tier 1,United Kingdom,55.378052,-3.435973
1213,Closed,High,Email,Other,2023-01-24 16:08:04.000000,2023-01-26 16:58:30.248,Other,Tier 1,Poland,52.536273,19.050639
1214,Closed,Low,Chat,Other,2023-01-24 12:06:15.000000,2023-01-29 09:04:00.979,Ready to use Software,Tier 1,United Kingdom,55.378052,-3.435973
1216,Resolved,Medium,Email,Product setup,2023-01-25 02:48:35.000000,,Ready to use Software,Tier 1,Austria,47.6964719,13.3457347
1217,In progress,High,Email,Other,2023-01-24 21:15:21.000000,,Other,Tier 2,Republic of Ireland,53.094024,-8.019675
1218,Resolved,Low,Chat,Purchasing and invoicing,2023-01-24 17:06:06.000000,,Ready to use Software,Tier 1,Czech Republic,49.8037633,15.4749126
1219,Resolved,Low,Email,Purchasing and invoicing,2023-01-24 22:44:33.000000,,Ready to use Software,Tier 1,Germany,51.165691,10.451526
1220,Closed,Low,Chat,Feature request,2023-01-25 20:47:08.000000,2023-02-01 17:08:36.136,Ready to use Software,Tier 2,Slovenia,46.1491664,14.9860106
1221,Resolved,Medium,Email,Bug report,2023-01-25 20:29:35.000000,,Custom software development,Tier 2,Greece,39.368279,21.863141
1222,Closed,Medium,Email,Product setup,2023-01-25 14:37:54.000000,2023-01-27 13:13:57.892,Training and Consulting Services,Tier 1,Czech Republic,49.8037633,15.4749126
1223,Resolved,Medium,Email,Feature request,2023-01-26 03:34:37.000000,,Other,Tier 1,United Kingdom,55.378052,-3.435973
1224,Closed,Medium,Email,Pricing and licensing,2023-01-25 13:08:00.000000,2023-01-29 16:24:02.834,Ready to use Software,Tier 1,Republic of Ireland,53.094024,-8.019675
1225,Resolved,High,Email,Pricing and licensing,2023-01-25 11:10:06.000000,,Ready to use Software,Tier 1,Italy,43.036776,12.678565
1226,In progress,Low,Phone,Feature request,2023-01-25 16:33:23.000000,,Ready to use Software,Tier 1,Greece,39.368279,21.863141
1227,Resolved,Low,Chat,Product setup,2023-01-26 13:15:02.000000,,Custom software development,Tier 1,Poland,52.536273,19.050639
1228,Closed,Medium,Email,Product setup,2023-01-27 03:03:36.000000,2023-01-27 15:58:13.135,Training and Consulting Services,Tier 1,Republic of Ireland,53.094024,-8.019675
1229,Resolved,Low,Email,Pricing and licensing,2023-01-27 01:20:10.000000,,Ready to use Software,Tier 1,Bulgaria,42.7249925,25.4833039
1230,Resolved,Medium,Email,Purchasing and invoicing,2023-01-26 19:36:49.000000,,Training and Consulting Services,Tier 1,France,48.864716,2.349014
1231,Closed,Low,Email,Feature request,2023-01-27 03:13:13.000000,2023-01-31 03:38:00.684,Ready to use Software,Tier 2,Italy,43.036776,12.678565
1232,Resolved,Low,Chat,Product setup,2023-01-26 21:23:13.000000,,Ready to use Software,Tier 1,Italy,43.036776,12.678565
1233,In progress,High,Email,Purchasing and invoicing,2023-01-26 08:27:40.000000,,Ready to use Software,Tier 2,Italy,43.036776,12.678565
1234,Closed,High,Email,Product setup,2023-01-27 04:23:34.000000,2023-01-31 02:48:24.622,Custom software development,Tier 1,Germany,51.165691,10.451526
1235,In progress,Medium,Phone,Bug report,2023-01-27 21:27:39.000000,,Custom software development,Tier 1,Republic of Ireland,53.094024,-8.019675
1236,Resolved,Medium,Phone,Pricing and licensing,2023-01-27 07:57:53.000000,,Ready to use Software,Tier 1,France,48.864716,2.349014
1237,Closed,Low,Email,Purchasing and invoicing,2023-01-28 03:18:17.000000,2023-01-31 06:04:29.269,Other,Tier 1,United Kingdom,55.378052,-3.435973
1238,Closed,Low,Chat,Feature request,2023-01-27 20:35:12.000000,2023-01-30 17:57:07.332,Ready to use Software,Tier 1,Greece,39.368279,21.863141
1239,Resolved,Medium,Email,Pricing and licensing,2023-01-28 02:11:53.000000,,Ready to use Software,Tier 1,United Kingdom,55.378052,-3.435973
1240,In progress,Low,Chat,Pricing and licensing,2023-01-27 11:05:21.000000,,Custom software development,Tier 1,France,48.864716,2.349014
1241,Resolved,Medium,Chat,Purchasing and invoicing,2023-01-27 06:00:46.000000,,Ready to use Software,Tier 1,Italy,43.036776,12.678565
1242,Closed,Medium,Phone,Pricing and licensing,2023-01-27 15:22:29.000000,2023-02-02 17:22:05.785,Ready to use Software,Tier 2,Slovenia,46.1491664,14.9860106
1243,Resolved,Medium,Phone,Pricing and licensing,2023-01-28 01:50:46.000000,,Training and Consulting Services,Tier 1,Slovenia,46.1491664,14.9860106
1244,Resolved,Low,Email,Product setup,2023-01-27 13:33:52.000000,,Ready to use Software,Tier 1,France,48.864716,2.349014
1245,In progress,Low,Email,Bug report,2023-01-28 02:50:03.000000,,Ready to use Software,Tier 1,Greece,39.368279,21.863141
1246,Closed,Medium,Email,Pricing and licensing,2023-01-27 22:51:27.000000,2023-02-03 05:01:09.050,Custom software development,Tier 1,Czech Republic,49.8037633,15.4749126
1247,Closed,High,Chat,Other,2023-01-28 18:39:05.000000,2023-02-02 00:45:06.421,Custom software development,Tier 1,Poland,52.536273,19.050639
1248,Resolved,Low,Email,Product setup,2023-01-29 01:03:25.000000,,Ready to use Software,Tier 2,Republic of Ireland,53.094024,-8.019675
1254,Closed,Low,Chat,Pricing and licensing,2023-01-28 17:06:28.000000,2023-02-01 10:42:00.780,Custom software development,Tier 1,Italy,43.036776,12.678565
1255,Closed,Medium,Phone,Other,2023-01-29 02:26:52.000000,2023-01-31 15:52:43.354,Ready to use Software,Tier 2,France,48.864716,2.349014
1256,Closed,High,Chat,Pricing and licensing,2023-01-29 05:51:51.000000,2023-02-03 15:02:01.406,Custom software development,Tier 1,United Kingdom,55.378052,-3.435973
1257,In progress,Medium,Email,Purchasing and invoicing,2023-01-29 16:27:02.000000,,Other,Tier 1,Poland,52.536273,19.050639
1258,Closed,Low,Chat,Product setup,2023-01-29 12:22:44.000000,2023-02-02 17:28:35.165,Ready to use Software,Tier 2,Austria,47.6964719,13.3457347
1259,Closed,High,Email,Bug report,2023-01-29 07:59:46.000000,2023-01-31 21:26:32.465,Training and Consulting Services,Tier 1,Spain,39.67337,-4.767726
1260,Closed,Low,Phone,Purchasing and invoicing,2023-01-30 01:28:55.000000,2023-02-05 01:17:23.757,Custom software development,Tier 1,Germany,51.165691,10.451526
1266,Resolved,Medium,Email,Pricing and licensing,2023-01-30 03:11:14.000000,,Training and Consulting Services,Tier 2,Austria,47.6964719,13.3457347
1267,Resolved,High,Email,Bug report,2023-01-29 10:19:55.000000,,Training and Consulting Services,Tier 1,Republic of Ireland,53.094024,-8.019675
1268,Closed,Medium,Email,Product setup,2023-01-30 09:04:14.000000,2023-02-02 12:23:36.969,Other,Tier 1,Poland,52.536273,19.050639
1269,Closed,Medium,Chat,Product setup,2023-01-30 17:20:07.000000,2023-02-04 12:17:15.460,Custom software development,Tier 1,Bulgaria,42.7249925,25.4833039
1270,Resolved,Medium,Email,Feature request,2023-01-30 07:02:01.000000,,Custom software development,Tier 1,Czech Republic,49.8037633,15.4749126
1271,In progress,Medium,Email,Pricing and licensing,2023-01-30 19:51:28.000000,,Custom software development,Tier 1,Slovenia,46.1491664,14.9860106
1272,Resolved,Low,Chat,Product setup,2023-01-31 01:29:50.000000,,Other,Tier 1,Germany,51.165691,10.451526
1273,Closed,Low,Chat,Feature request,2023-01-30 21:27:43.000000,2023-02-02 10:10:43.425,Custom software development,Tier 1,Italy,43.036776,12.678565
1274,Closed,Low,Email,Pricing and licensing,2023-01-31 00:13:05.000000,2023-02-05 03:13:53.251,Custom software development,Tier 1,Poland,52.536273,19.050639
1275,Closed,High,Chat,Product setup,2023-01-30 08:48:00.000000,2023-02-04 14:59:40.150,Other,Tier 1,United Kingdom,55.378052,-3.435973
1276,In progress,Low,Chat,Product setup,2023-01-30 21:43:16.000000,,Training and Consulting Services,Tier 1,Germany,51.165691,10.451526
1277,In progress,Low,Email,Feature request,2023-01-31 14:59:04.000000,,Custom software development,Tier 1,France,48.864716,2.349014
1278,Closed,High,Email,Pricing and licensing,2023-01-31 13:43:50.000000,2023-02-05 21:21:59.350,Custom software development,Tier 1,Slovenia,46.1491664,14.9860106
1279,Closed,High,Chat,Pricing and licensing,2023-02-01 04:25:32.000000,2023-02-03 18:08:21.858,Custom software development,Tier 1,Italy,43.036776,12.678565
1280,Resolved,Low,Chat,Feature request,2023-01-31 17:27:46.000000,,Custom software development,Tier 1,Germany,51.165691,10.451526
1281,Resolved,High,Email,Product setup,2023-01-31 17:56:35.000000,,Training and Consulting Services,Tier 2,Republic of Ireland,53.094024,-8.019675
1282,Resolved,Medium,Email,Feature request,2023-02-01 02:52:19.000000,,Custom software development,Tier 1,Bulgaria,42.7249925,25.4833039
1283,Closed,Low,Email,Purchasing and invoicing,2023-02-01 16:03:29.000000,2023-02-05 23:12:05.390,Custom software development,Tier 1,Republic of Ireland,53.094024,-8.019675
1284,Closed,Medium,Email,Product setup,2023-02-01 15:07:38.000000,2023-02-05 02:16:59.145,Other,Tier 2,Austria,47.6964719,13.3457347
1285,In progress,Low,Phone,Pricing and licensing,2023-02-01 06:05:14.000000,,Custom software development,Tier 2,United Kingdom,55.378052,-3.435973
1286,Closed,Medium,Email,Feature request,2023-02-01 17:49:26.000000,2023-02-07 09:04:47.856,Custom software development,Tier 1,Poland,52.536273,19.050639
1287,Resolved,Low,Chat,Product setup,2023-02-02 01:49:32.000000,,Custom software development,Tier 2,Germany,51.165691,10.451526
1288,Closed,Medium,Phone,Other,2023-02-02 00:56:22.000000,2023-02-07 04:55:03.251,Training and Consulting Services,Tier 2,Bulgaria,42.7249925,25.4833039
1289,Closed,Low,Email,Other,2023-02-01 14:34:09.000000,2023-02-06 14:35:55.173,Ready to use Software,Tier 1,Austria,47.6964719,13.3457347
1291,Closed,Medium,Email,Pricing and licensing,2023-02-01 06:23:17.000000,2023-02-05 19:02:34.847,Other,Tier 1,France,48.864716,2.349014
1292,Closed,Low,Chat,Product setup,2023-02-01 13:00:59.000000,2023-02-08 11:53:34.631,Ready to use Software,Tier 1,Republic of Ireland,53.094024,-8.019675
1294,In progress,Low,Email,Feature request,2023-02-02 20:20:34.000000,,Other,Tier 1,Republic of Ireland,53.094024,-8.019675
1295,Resolved,Low,Email,Feature request,2023-02-02 05:08:59.000000,,Ready to use Software,Tier 1,Bulgaria,42.7249925,25.4833039
1296,Closed,Medium,Chat,Pricing and licensing,2023-02-02 07:14:08.000000,2023-02-07 21:43:42.788,Custom software development,Tier 1,Italy,43.036776,12.678565
1297,Closed,Low,Chat,Product setup,2023-02-03 04:36:10.000000,2023-02-06 22:51:51.562,Ready to use Software,Tier 1,Czech Republic,49.8037633,15.4749126
1298,Closed,Low,Email,Feature request,2023-02-02 21:29:15.000000,2023-02-05 20:55:45.477,Ready to use Software,Tier 1,Spain,39.67337,-4.767726
1299,Closed,Low,Phone,Feature request,2023-02-02 12:41:17.000000,2023-02-05 16:51:03.429,Custom software development,Tier 1,Slovenia,46.1491664,14.9860106
1300,Resolved,Medium,Chat,Pricing and Licensing,2023-02-03 19:41:04.000000,,Custom software development,Tier 1,Czech Republic,49.8037633,15.4749126
1301,Closed,Low,Phone,Product setup,2023-02-04 04:09:18.000000,2023-02-06 21:06:04.120,Ready to use Software,Tier 1,Greece,39.368279,21.863141
1302,Resolved,High,Email,Pricing and licensing,2023-02-04 01:17:28.000000,,Custom software development,Tier 1,Italy,43.036776,12.678565
1303,Resolved,Low,Phone,Product setup,2023-02-03 23:46:35.000000,,Ready to use Software,Tier 1,Slovenia,46.1491664,14.9860106
1304,Resolved,Medium,Phone,Purchasing and invoicing,2023-02-04 00:19:03.000000,,Other,Tier 1,Germany,51.165691,10.451526
1305,Resolved,Low,Email,Purchasing and invoicing,2023-02-03 06:50:32.000000,,Ready to use Software,Tier 1,Czech Republic,49.8037633,15.4749126
1306,Closed,High,Chat,Bug report,2023-02-04 18:06:47.000000,2023-02-08 07:49:11.716,Training and Consulting Services,Tier 1,United Kingdom,55.378052,-3.435973
1307,Closed,Low,Email,Product setup,2023-02-05 03:36:42.000000,2023-02-09 05:46:27.264,Ready to use Software,Tier 1,Republic of Ireland,53.094024,-8.019675
1317,Resolved,High,Email,Feature request,2023-02-05 05:18:33.000000,,Other,Tier 2,Austria,47.6964719,13.3457347
1318,Closed,Low,Email,Pricing and licensing,2023-02-05 07:31:11.000000,2023-02-11 00:21:20.988,Other,Tier 1,France,48.864716,2.349014
1319,Resolved,Medium,Chat,Bug report,2023-02-05 10:01:30.000000,,Custom software development,Tier 2,Bulgaria,42.7249925,25.4833039
1321,In progress,Low,Email,Pricing and Licensing,2023-02-05 10:51:11.000000,,Custom software development,Tier 1,Republic of Ireland,53.094024,-8.019675
1323,Resolved,Low,Email,Pricing and licensing,2023-02-07 01:45:42.000000,,Ready to use Software,Tier 1,Austria,47.6964719,13.3457347
1324,Resolved,Medium,Email,Pricing and licensing,2023-02-06 13:09:22.000000,,Custom software development,Tier 2,Germany,51.165691,10.451526
1325,Closed,Medium,Email,Purchasing and invoicing,2023-02-06 07:27:39.000000,2023-02-08 21:27:01.449,Custom software development,Tier 1,United Kingdom,55.378052,-3.435973
1326,Closed,Medium,Chat,Product setup,2023-02-06 13:26:15.000000,2023-02-12 14:14:08.481,Other,Tier 1,France,48.864716,2.349014
1327,Resolved,High,Chat,Bug report,2023-02-06 08:34:48.000000,,Ready to use Software,Tier 1,Republic of Ireland,53.094024,-8.019675
1328,In progress,Low,Email,Feature request,2023-02-06 15:53:21.000000,,Custom software development,Tier 1,Bulgaria,42.7249925,25.4833039
1329,In progress,Medium,Chat,Bug report,2023-02-06 17:00:35.000000,,Ready to use Software,Tier 1,Republic of Ireland,53.094024,-8.019675
1330,Resolved,Low,Email,Purchasing and invoicing,2023-02-06 16:37:20.000000,,Custom software development,Tier 1,Republic of Ireland,53.094024,-8.019675
1331,Resolved,Medium,Email,Purchasing and invoicing,2023-02-07 23:37:55.000000,,Other,Tier 1,Slovenia,46.1491664,14.9860106
1332,Resolved,High,Email,Product setup,2023-02-07 16:38:34.000000,,Training and Consulting Services,Tier 1,Austria,47.6964719,13.3457347
1333,Closed,Medium,Chat,Feature request,2023-02-07 16:08:59.000000,2023-02-11 04:38:23.282,Ready to use Software,Tier 1,Slovenia,46.1491664,14.9860106
1334,Closed,Low,Phone,Product setup,2023-02-07 06:47:29.000000,2023-02-12 18:38:25.539,Training and Consulting Services,Tier 1,Spain,39.67337,-4.767726
1335,In progress,High,Email,Bug report,2023-02-07 09:06:57.000000,,Custom software development,Tier 1,France,48.864716,2.349014
1336,Closed,Low,Email,Other,2023-02-08 00:03:37.000000,2023-02-14 05:58:07.670,Custom software development,Tier 1,Germany,51.165691,10.451526
1337,Closed,High,Chat,Pricing and licensing,2023-02-08 09:57:52.000000,2023-02-12 10:52:56.476,Ready to use Software,Tier 1,United Kingdom,55.378052,-3.435973
1338,Closed,Low,Email,Product setup,2023-02-08 21:09:53.000000,2023-02-11 00:50:04.383,Training and Consulting Services,Tier 1,United Kingdom,55.378052,-3.435973
1339,Resolved,Low,Email,Pricing and licensing,2023-02-08 21:05:21.000000,,Training and Consulting Services,Tier 1,Austria,47.6964719,13.3457347
1340,Closed,Low,Phone,Other,2023-02-08 09:38:57.000000,2023-02-08 19:20:06.012,Ready to use Software,Tier 2,Poland,52.536273,19.050639
1341,In progress,Medium,Phone,Pricing and Licensing,2023-02-08 18:44:37.000000,,Custom software development,Tier 1,Poland,52.536273,19.050639
1342,Resolved,Low,Email,Pricing and licensing,2023-02-09 13:50:38.000000,,Training and Consulting Services,Tier 2,Slovenia,46.1491664,14.9860106
1343,Resolved,Low,Chat,Pricing and licensing,2023-02-09 11:38:37.000000,,Ready to use Software,Tier 1,Germany,51.165691,10.451526
1344,In progress,High,Chat,Product setup,2023-02-09 12:54:38.000000,,Other,Tier 1,Italy,43.036776,12.678565
1345,Resolved,Medium,Email,Product setup,2023-02-10 00:20:58.000000,,Custom software development,Tier 2,Slovenia,46.1491664,14.9860106
1346,In progress,Medium,Chat,Bug report,2023-02-09 08:51:03.000000,,Custom software development,Tier 1,Austria,47.6964719,13.3457347
1347,In progress,Low,Email,Product setup,2023-02-10 01:42:00.000000,,Ready to use Software,Tier 1,Italy,43.036776,12.678565
1348,Resolved,High,Email,Bug report,2023-02-10 01:34:25.000000,,Training and Consulting Services,Tier 2,Germany,51.165691,10.451526
1349,Resolved,Low,Email,Bug report,2023-02-09 08:04:22.000000,,Ready to use Software,Tier 1,Greece,39.368279,21.863141
1350,Closed,Low,Email,Feature request,2023-02-09 15:01:05.000000,2023-02-12 01:32:34.057,Other,Tier 1,Spain,39.67337,-4.767726
1351,In progress,Medium,Email,Purchasing and invoicing,2023-02-09 16:28:08.000000,,Custom software development,Tier 1,Greece,39.368279,21.863141
1352,In progress,Medium,Email,Product setup,2023-02-11 04:16:13.000000,,Other,Tier 1,Republic of Ireland,53.094024,-8.019675
1353,Resolved,Low,Phone,Other,2023-02-11 02:21:01.000000,,Custom software development,Tier 1,Germany,51.165691,10.451526
1354,Closed,Medium,Email,Other,2023-02-10 08:56:25.000000,2023-02-13 18:26:39.536,Ready to use Software,Tier 1,Poland,52.536273,19.050639
1355,Closed,High,Phone,Pricing and licensing,2023-02-10 15:39:29.000000,2023-02-14 13:33:59.460,Ready to use Software,Tier 1,United Kingdom,55.378052,-3.435973
1356,Resolved,High,Chat,Pricing and licensing,2023-02-10 12:48:37.000000,,Custom software development,Tier 1,Italy,43.036776,12.678565
1357,Resolved,Low,Email,Product setup,2023-02-12 04:15:36.000000,,Training and Consulting Services,Tier 1,Spain,39.67337,-4.767726
1358,In progress,Medium,Email,Bug report,2023-02-11 22:13:31.000000,,Custom software development,Tier 1,Italy,43.036776,12.678565
1359,Closed,Medium,Chat,Product setup,2023-02-12 04:00:44.000000,2023-02-16 12:06:26.694,Ready to use Software,Tier 1,United Kingdom,55.378052,-3.435973
1368,Resolved,High,Chat,Other,2023-02-12 22:55:38.000000,,Other,Tier 1,Spain,39.67337,-4.767726
1372,Closed,Low,Email,Other,2023-02-13 01:50:05.000000,2023-02-14 15:17:43.580,Training and Consulting Services,Tier 1,United Kingdom,55.378052,-3.435973
1373,Resolved,High,Chat,Product setup,2023-02-12 18:46:33.000000,,Ready to use Software,Tier 1,Bulgaria,42.7249925,25.4833039
1374,Closed,High,Email,Product setup,2023-02-13 21:58:46.000000,2023-02-19 20:33:51.059,Ready to use Software,Tier 1,Greece,39.368279,21.863141
1375,Closed,High,Chat,Feature request,2023-02-13 10:54:09.000000,2023-02-15 14:20:38.769,Custom software development,Tier 1,United Kingdom,55.378052,-3.435973
1376,Closed,Medium,Email,Feature request,2023-02-14 03:00:47.000000,2023-02-17 05:45:53.503,Custom software development,Tier 2,France,48.864716,2.349014
1377,Closed,Medium,Chat,Product setup,2023-02-13 20:35:36.000000,2023-02-18 17:49:55.035,Ready to use Software,Tier 1,Austria,47.6964719,13.3457347
1378,In progress,High,Chat,Pricing and licensing,2023-02-13 16:51:48.000000,,Other,Tier 1,Germany,51.165691,10.451526
1379,Closed,Low,Email,Product setup,2023-02-14 20:59:53.000000,2023-02-16 00:54:53.134,Ready to use Software,Tier 1,Poland,52.536273,19.050639
1380,In progress,Low,Email,Bug report,2023-02-14 19:37:36.000000,,Ready to use Software,Tier 2,United Kingdom,55.378052,-3.435973
1381,Closed,Medium,Email,Pricing and licensing,2023-02-14 18:50:42.000000,2023-02-20 05:57:43.688,Custom software development,Tier 2,Germany,51.165691,10.451526
1382,Resolved,High,Email,Pricing and licensing,2023-02-15 03:46:19.000000,,Other,Tier 1,Greece,39.368279,21.863141
1383,Resolved,Low,Chat,Product setup,2023-02-14 10:47:05.000000,,Ready to use Software,Tier 1,Bulgaria,42.7249925,25.4833039
1384,Resolved,Low,Phone,Pricing and licensing,2023-02-14 20:54:07.000000,,Ready to use Software,Tier 1,Germany,51.165691,10.451526
1385,Closed,Low,Email,Product setup,2023-02-14 15:28:47.000000,2023-02-20 10:47:09.458,Ready to use Software,Tier 2,Austria,47.6964719,13.3457347
1386,Closed,High,Phone,Feature request,2023-02-14 13:24:35.000000,2023-02-16 08:22:15.616,Other,Tier 2,Italy,43.036776,12.678565
1387,In progress,Medium,Phone,Other,2023-02-15 23:19:14.000000,,Ready to use Software,Tier 1,Poland,52.536273,19.050639
1388,Closed,Low,Email,Pricing and licensing,2023-02-15 22:28:46.000000,2023-02-21 12:14:46.247,Ready to use Software,Tier 1,Italy,43.036776,12.678565
1389,Closed,Low,Email,Pricing and licensing,2023-02-15 22:13:03.000000,2023-02-17 18:39:07.485,Custom software development,Tier 2,Greece,39.368279,21.863141
1390,Resolved,High,Email,Product setup,2023-02-15 07:01:20.000000,,Ready to use Software,Tier 1,Poland,52.536273,19.050639
1391,Resolved,Low,Email,Bug report,2023-02-15 05:06:37.000000,,Ready to use Software,Tier 1,United Kingdom,55.378052,-3.435973
1392,Closed,Low,Email,Pricing and Licensing,2023-02-15 17:18:14.000000,2023-02-20 10:56:49.302,Custom software development,Tier 1,Spain,39.67337,-4.767726
1393,Resolved,High,Phone,Pricing and Licensing,2023-02-15 05:29:04.000000,,Custom software development,Tier 1,Italy,43.036776,12.678565
1394,Resolved,High,Email,Pricing and licensing,2023-02-15 21:04:53.000000,,Ready to use Software,Tier 2,United Kingdom,55.378052,-3.435973
1395,Closed,Medium,Chat,Product setup,2023-02-15 15:04:09.000000,2023-02-21 09:09:24.718,Other,Tier 1,Poland,52.536273,19.050639
1396,Resolved,Low,Email,Purchasing and invoicing,2023-02-15 09:35:29.000000,,Ready to use Software,Tier 1,Italy,43.036776,12.678565
1397,Resolved,Low,Email,Product setup,2023-02-16 05:26:24.000000,,Other,Tier 1,Bulgaria,42.7249925,25.4833039
1398,Closed,High,Email,Feature request,2023-02-16 12:38:48.000000,2023-02-19 14:43:17.503,Ready to use Software,Tier 1,Germany,51.165691,10.451526
1399,In progress,Medium,Chat,Pricing and licensing,2023-02-16 17:00:03.000000,,Custom software development,Tier 2,Poland,52.536273,19.050639
1400,Closed,Medium,Chat,Product setup,2023-02-16 23:57:00.000000,2023-02-23 04:05:47.401,Training and Consulting Services,Tier 1,Slovenia,46.1491664,14.9860106
1401,Resolved,Low,Email,Product setup,2023-02-16 11:49:55.000000,,Custom software development,Tier 2,Poland,52.536273,19.050639
1402,Resolved,Low,Chat,Product setup,2023-02-18 02:06:58.000000,,Training and Consulting Services,Tier 1,Germany,51.165691,10.451526
1403,In progress,Low,Email,Product setup,2023-02-17 12:44:46.000000,,Other,Tier 1,Italy,43.036776,12.678565
1404,Resolved,Low,Email,Product setup,2023-02-17 20:53:25.000000,,Other,Tier 2,Poland,52.536273,19.050639
1405,Resolved,Low,Email,Pricing and licensing,2023-02-17 07:42:19.000000,,Custom software development,Tier 1,Germany,51.165691,10.451526
1406,In progress,Low,Email,Pricing and licensing,2023-02-17 09:27:39.000000,,Other,Tier 1,United Kingdom,55.378052,-3.435973
1407,In progress,Medium,Email,Pricing and Licensing,2023-02-18 00:44:39.000000,,Custom software development,Tier 1,Italy,43.036776,12.678565
1408,Closed,Low,Email,Feature request,2023-02-17 08:04:37.000000,2023-02-19 01:05:59.858,Custom software development,Tier 1,Poland,52.536273,19.050639
1409,Resolved,High,Phone,Feature request,2023-02-17 17:53:12.000000,,Ready to use Software,Tier 2,Slovenia,46.1491664,14.9860106
1410,Closed,High,Email,Product setup,2023-02-17 16:53:04.000000,2023-02-18 13:33:49.110,Other,Tier 2,Republic of Ireland,53.094024,-8.019675
1411,Open,Medium,Email,Pricing and licensing,2023-02-18 06:40:47.000000,,Ready to use Software,Tier 1,Spain,39.67337,-4.767726
1412,Resolved,High,Email,Feature request,2023-02-18 06:11:10.000000,,Ready to use Software,Tier 2,Greece,39.368279,21.863141
1413,Closed,High,Email,Product setup,2023-02-18 15:17:59.000000,2023-02-22 15:52:16.948,Ready to use Software,Tier 2,Austria,47.6964719,13.3457347
1420,Closed,Low,Email,Purchasing and invoicing,2023-02-19 05:43:57.000000,2023-02-22 15:28:50.024,Other,Tier 1,United Kingdom,55.378052,-3.435973
1421,Closed,Medium,Email,Purchasing and invoicing,2023-02-20 03:39:31.000000,2023-02-23 16:23:24.877,Other,Tier 1,Spain,39.67337,-4.767726
1422,Resolved,Medium,Phone,Feature request,2023-02-20 03:29:15.000000,,Other,Tier 1,United Kingdom,55.378052,-3.435973
1423,Open,Low,Email,Feature request,2023-02-19 12:26:50.000000,,Other,Tier 1,United Kingdom,55.378052,-3.435973
1424,Closed,Low,Phone,Pricing and licensing,2023-02-19 05:21:43.000000,2023-02-23 16:24:57.300,Ready to use Software,Tier 1,Poland,52.536273,19.050639
1425,Closed,Medium,Email,Pricing and licensing,2023-02-19 09:46:26.000000,2023-02-22 23:21:08.511,Custom software development,Tier 1,United Kingdom,55.378052,-3.435973
1426,Resolved,Medium,Phone,Training request,2023-02-20 08:12:04.000000,,Training and Consulting Services,Tier 2,Germany,51.165691,10.451526
1427,Resolved,Medium,Email,Bug report,2023-02-20 11:04:53.000000,,Ready to use Software,Tier 1,Greece,39.368279,21.863141
1428,Resolved,Medium,Email,Purchasing and invoicing,2023-02-20 13:22:32.000000,,Other,Tier 1,Czech Republic,49.8037633,15.4749126
1429,Resolved,Low,Email,Feature request,2023-02-20 22:13:46.000000,,Other,Tier 2,Italy,43.036776,12.678565
1430,Closed,Low,Email,Product setup,2023-02-21 02:22:01.000000,2023-02-23 03:01:00.589,Other,Tier 1,Slovenia,46.1491664,14.9860106
1431,Resolved,Low,Chat,Purchasing and invoicing,2023-02-21 03:01:33.000000,,Custom software development,Tier 2,Germany,51.165691,10.451526
1432,Resolved,Medium,Email,Feature request,2023-02-20 07:07:52.000000,,Other,Tier 1,Greece,39.368279,21.863141
1433,Closed,Low,Chat,Pricing and licensing,2023-02-21 02:27:54.000000,2023-02-26 12:53:01.175,Ready to use Software,Tier 2,Italy,43.036776,12.678565
1434,In progress,Low,Email,Pricing and licensing,2023-02-20 16:10:43.000000,,Training and Consulting Services,Tier 2,Austria,47.6964719,13.3457347
1435,Closed,High,Phone,Product setup,2023-02-22 00:30:54.000000,2023-02-22 10:19:21.092,Ready to use Software,Tier 2,Italy,43.036776,12.678565
1436,In progress,High,Chat,Product setup,2023-02-21 09:21:55.000000,,Training and Consulting Services,Tier 1,Italy,43.036776,12.678565
1437,In progress,Low,Chat,Pricing and licensing,2023-02-21 16:56:08.000000,,Other,Tier 1,Germany,51.165691,10.451526
1438,In progress,High,Email,Other,2023-02-21 22:45:06.000000,,Custom software development,Tier 1,Poland,52.536273,19.050639
1439,Closed,Medium,Email,Pricing and licensing,2023-02-22 02:30:05.000000,2023-02-24 19:43:22.983,Ready to use Software,Tier 1,Austria,47.6964719,13.3457347
1440,Resolved,Medium,Email,Bug report,2023-02-22 06:36:39.000000,,Ready to use Software,Tier 1,Poland,52.536273,19.050639
1441,Resolved,Medium,Chat,Pricing and licensing,2023-02-22 20:41:33.000000,,Ready to use Software,Tier 1,Italy,43.036776,12.678565
1442,In progress,Low,Email,Pricing and licensing,2023-02-22 21:13:29.000000,,Custom software development,Tier 1,Austria,47.6964719,13.3457347
1443,Resolved,Low,Email,Training request,2023-02-22 08:36:16.000000,,Training and Consulting Services,Tier 2,Czech Republic,49.8037633,15.4749126
1444,Resolved,Low,Email,Pricing and licensing,2023-02-22 22:31:18.000000,,Training and Consulting Services,Tier 1,France,48.864716,2.349014
1445,Closed,Medium,Email,Bug report,2023-02-23 12:34:07.000000,2023-02-28 17:38:49.258,Custom software development,Tier 2,Poland,52.536273,19.050639
1446,In progress,Low,Email,Training request,2023-02-23 17:45:18.000000,,Training and Consulting Services,Tier 1,Germany,51.165691,10.451526
1447,In progress,High,Email,Product setup,2023-02-23 06:02:33.000000,,Ready to use Software,Tier 1,Czech Republic,49.8037633,15.4749126
1448,In progress,Low,Chat,Pricing and Licensing,2023-02-24 01:11:55.000000,,Custom software development,Tier 1,Italy,43.036776,12.678565
1449,Closed,High,Chat,Purchasing and invoicing,2023-02-24 09:39:16.000000,2023-02-26 20:56:24.087,Ready to use Software,Tier 2,Italy,43.036776,12.678565
1450,Closed,Low,Chat,Bug report,2023-02-24 14:50:10.000000,2023-02-28 09:34:55.795,Ready to use Software,Tier 1,France,48.864716,2.349014
1451,In progress,High,Email,Purchasing and invoicing,2023-02-24 14:10:47.000000,,Training and Consulting Services,Tier 1,France,48.864716,2.349014
1452,In progress,Low,Email,Other,2023-02-24 09:28:22.000000,,Custom software development,Tier 2,Austria,47.6964719,13.3457347
1453,Closed,High,Email,Pricing and licensing,2023-02-25 02:10:42.000000,2023-02-27 12:36:41.408,Custom software development,Tier 1,Germany,51.165691,10.451526
1454,In progress,Low,Email,Pricing and Licensing,2023-02-25 06:51:32.000000,,Custom software development,Tier 1,Germany,51.165691,10.451526
1455,Closed,Medium,Email,Bug report,2023-02-25 19:45:30.000000,2023-03-02 19:33:05.171,Ready to use Software,Tier 1,Czech Republic,49.8037633,15.4749126
1466,Closed,High,Email,Product setup,2023-02-26 13:44:33.000000,2023-03-05 15:09:06.196,Other,Tier 1,Republic of Ireland,53.094024,-8.019675
1467,Resolved,High,Chat,Other,2023-02-26 08:47:31.000000,,Ready to use Software,Tier 1,Greece,39.368279,21.863141
1468,Closed,Low,Email,Feature request,2023-02-27 02:50:54.000000,2023-03-05 15:04:38.231,Ready to use Software,Tier 1,Germany,51.165691,10.451526
1469,Closed,High,Phone,Pricing and licensing,2023-02-26 23:41:30.000000,2023-03-05 19:00:57.747,Ready to use Software,Tier 1,Czech Republic,49.8037633,15.4749126
1470,Closed,Medium,Chat,Pricing and Licensing,2023-02-27 22:25:50.000000,2023-03-02 22:34:29.372,Custom software development,Tier 1,Slovenia,46.1491664,14.9860106
1471,In progress,Medium,Chat,Pricing and licensing,2023-02-27 07:21:58.000000,,Custom software development,Tier 2,Germany,51.165691,10.451526
1472,Closed,Medium,Chat,Feature request,2023-02-27 20:33:36.000000,2023-03-03 12:29:55.526,Ready to use Software,Tier 1,Greece,39.368279,21.863141
1473,Closed,Medium,Chat,Pricing and licensing,2023-02-28 03:04:36.000000,2023-03-04 07:32:23.845,Custom software development,Tier 1,Austria,47.6964719,13.3457347
1474,Closed,Low,Chat,Product setup,2023-02-28 12:57:24.000000,2023-03-04 02:52:38.774,Ready to use Software,Tier 2,Slovenia,46.1491664,14.9860106
1475,In progress,High,Chat,Bug report,2023-02-28 17:00:49.000000,,Custom software development,Tier 1,Poland,52.536273,19.050639
1476,Resolved,Low,Chat,Pricing and Licensing,2023-03-01 03:29:10.000000,,Custom software development,Tier 1,Bulgaria,42.7249925,25.4833039
1477,Resolved,Low,Chat,Purchasing and invoicing,2023-02-28 23:38:27.000000,,Custom software development,Tier 1,Poland,52.536273,19.050639
1478,Closed,High,Email,Bug report,2023-02-28 22:42:31.000000,2023-03-04 23:32:18.571,Custom software development,Tier 1,Czech Republic,49.8037633,15.4749126
1479,In progress,Medium,Phone,Pricing and Licensing,2023-02-28 09:14:22.000000,,Custom software development,Tier 1,Germany,51.165691,10.451526
1480,Closed,Low,Chat,Other,2023-02-28 15:13:16.000000,2023-03-04 09:04:02.018,Ready to use Software,Tier 2,Poland,52.536273,19.050639
1481,Closed,Low,Phone,Product setup,2023-02-28 18:27:04.000000,2023-03-03 04:09:46.156,Other,Tier 1,United Kingdom,55.378052,-3.435973
1482,Closed,Low,Email,Bug report,2023-03-02 03:02:52.000000,2023-03-06 18:52:04.415,Training and Consulting Services,Tier 2,Poland,52.536273,19.050639
1483,Closed,Low,Phone,Product setup,2023-03-02 04:03:38.000000,2023-03-04 08:05:13.297,Ready to use Software,Tier 1,Republic of Ireland,53.094024,-8.019675
1484,Closed,Low,Phone,Purchasing and invoicing,2023-03-01 14:33:46.000000,2023-03-03 10:21:46.253,Ready to use Software,Tier 1,Italy,43.036776,12.678565
1485,Resolved,Low,Email,Product setup,2023-03-01 23:50:42.000000,,Custom software development,Tier 2,Italy,43.036776,12.678565
1486,Closed,Low,Email,Product setup,2023-03-01 11:21:31.000000,2023-03-02 23:53:42.233,Other,Tier 1,Italy,43.036776,12.678565
1487,Closed,Low,Chat,Pricing and licensing,2023-03-03 04:55:40.000000,2023-03-07 10:05:17.796,Ready to use Software,Tier 1,France,48.864716,2.349014
1488,Resolved,Low,Email,Pricing and licensing,2023-03-02 08:37:30.000000,,Ready to use Software,Tier 1,Spain,39.67337,-4.767726
1489,Closed,High,Phone,Feature request,2023-03-02 12:15:57.000000,2023-03-05 13:03:28.711,Ready to use Software,Tier 1,Germany,51.165691,10.451526
1490,Resolved,Low,Chat,Bug report,2023-03-03 01:46:03.000000,,Ready to use Software,Tier 2,Greece,39.368279,21.863141
1491,Resolved,Low,Chat,Other,2023-03-02 05:14:40.000000,,Custom software development,Tier 2,Bulgaria,42.7249925,25.4833039
1492,Resolved,Low,Email,Feature request,2023-03-02 17:11:42.000000,,Ready to use Software,Tier 1,Italy,43.036776,12.678565
1493,Closed,Low,Email,Product setup,2023-03-02 09:22:49.000000,2023-03-05 14:38:47.253,Ready to use Software,Tier 1,Bulgaria,42.7249925,25.4833039
1494,Closed,Medium,Email,Product setup,2023-03-02 20:32:25.000000,2023-03-07 15:27:15.827,Other,Tier 1,United Kingdom,55.378052,-3.435973
1495,In progress,Medium,Chat,Feature request,2023-03-02 22:46:57.000000,,Ready to use Software,Tier 1,France,48.864716,2.349014
1496,Resolved,Medium,Phone,Feature request,2023-03-03 03:28:26.000000,,Ready to use Software,Tier 1,Slovenia,46.1491664,14.9860106
1497,Resolved,Medium,Chat,Purchasing and invoicing,2023-03-03 21:18:18.000000,,Ready to use Software,Tier 1,Slovenia,46.1491664,14.9860106
1498,In progress,Low,Email,Product setup,2023-03-03 18:32:16.000000,,Training and Consulting Services,Tier 1,Poland,52.536273,19.050639
1499,Resolved,Low,Chat,Product setup,2023-03-04 02:03:44.000000,,Ready to use Software,Tier 1,Spain,39.67337,-4.767726
1500,In progress,Medium,Email,Pricing and licensing,2023-03-03 11:08:20.000000,,Custom software development,Tier 1,Greece,39.368279,21.863141
1501,Closed,Low,Email,Purchasing and invoicing,2023-03-04 12:14:23.000000,2023-03-07 21:51:38.751,Custom software development,Tier 1,United Kingdom,55.378052,-3.435973
1502,Resolved,Low,Chat,Other,2023-03-04 23:27:23.000000,,Ready to use Software,Tier 1,Greece,39.368279,21.863141
1503,In progress,Low,Email,Other,2023-03-04 15:20:16.000000,,Custom software development,Tier 1,Austria,47.6964719,13.3457347
1504,Resolved,Low,Email,Purchasing and invoicing,2023-03-04 22:46:47.000000,,Other,Tier 1,Poland,52.536273,19.050639
1512,Closed,High,Email,Pricing and licensing,2023-03-05 20:14:42.000000,2023-03-07 20:04:50.492,Custom software development,Tier 1,Poland,52.536273,19.050639
1513,Closed,Low,Chat,Training request,2023-03-05 08:42:25.000000,2023-03-08 04:00:17.604,Training and Consulting Services,Tier 2,Greece,39.368279,21.863141
1514,Closed,Low,Email,Feature request,2023-03-05 12:03:21.000000,2023-03-11 21:51:12.613,Ready to use Software,Tier 1,Austria,47.6964719,13.3457347
1515,Resolved,Low,Email,Feature request,2023-03-05 09:57:01.000000,,Custom software development,Tier 1,Czech Republic,49.8037633,15.4749126
1516,Resolved,Low,Email,Other,2023-03-05 12:34:22.000000,,Custom software development,Tier 1,Germany,51.165691,10.451526
1517,Closed,Low,Chat,Pricing and licensing,2023-03-06 15:44:14.000000,2023-03-10 05:31:41.524,Ready to use Software,Tier 1,Greece,39.368279,21.863141
1518,Closed,Low,Chat,Feature request,2023-03-06 15:48:32.000000,2023-03-12 04:48:58.164,Ready to use Software,Tier 1,Italy,43.036776,12.678565
1519,Closed,Low,Phone,Pricing and licensing,2023-03-06 12:01:46.000000,2023-03-12 20:05:11.577,Custom software development,Tier 2,United Kingdom,55.378052,-3.435973
1520,In progress,Low,Chat,Pricing and licensing,2023-03-07 02:19:53.000000,,Custom software development,Tier 1,Bulgaria,42.7249925,25.4833039
1521,In progress,Low,Chat,Pricing and licensing,2023-03-06 15:20:35.000000,,Ready to use Software,Tier 2,Italy,43.036776,12.678565
1522,Closed,Medium,Email,Purchasing and invoicing,2023-03-06 11:16:39.000000,2023-03-08 13:17:22.292,Other,Tier 1,Czech Republic,49.8037633,15.4749126
1523,Closed,High,Chat,Pricing and licensing,2023-03-06 17:24:32.000000,2023-03-12 07:34:47.625,Other,Tier 1,Republic of Ireland,53.094024,-8.019675
1524,Closed,Medium,Chat,Feature request,2023-03-06 12:24:21.000000,2023-03-09 12:28:21.778,Custom software development,Tier 1,France,48.864716,2.349014
1525,Resolved,High,Email,Pricing and licensing,2023-03-06 20:56:32.000000,,Ready to use Software,Tier 1,Slovenia,46.1491664,14.9860106
1526,In progress,Medium,Email,Bug report,2023-03-06 12:21:44.000000,,Ready to use Software,Tier 1,Italy,43.036776,12.678565
1527,In progress,High,Email,Product setup,2023-03-06 23:06:51.000000,,Training and Consulting Services,Tier 2,United Kingdom,55.378052,-3.435973
1528,Resolved,Low,Phone,Pricing and licensing,2023-03-06 09:37:11.000000,,Ready to use Software,Tier 1,United Kingdom,55.378052,-3.435973
1529,Closed,Medium,Chat,Feature request,2023-03-06 09:25:30.000000,2023-03-10 22:48:50.378,Ready to use Software,Tier 2,Germany,51.165691,10.451526
1530,Resolved,Low,Chat,Pricing and licensing,2023-03-07 18:30:45.000000,,Ready to use Software,Tier 1,Czech Republic,49.8037633,15.4749126
1531,Closed,Low,Phone,Product setup,2023-03-08 02:19:19.000000,2023-03-10 19:58:07.500,Ready to use Software,Tier 1,Germany,51.165691,10.451526
1532,Resolved,Low,Email,Feature request,2023-03-07 10:15:02.000000,,Other,Tier 1,United Kingdom,55.378052,-3.435973
1533,Resolved,High,Email,Purchasing and invoicing,2023-03-08 04:13:52.000000,,Training and Consulting Services,Tier 1,United Kingdom,55.378052,-3.435973
1534,Closed,High,Email,Pricing and licensing,2023-03-08 01:40:50.000000,2023-03-11 21:22:32.976,Custom software development,Tier 1,Austria,47.6964719,13.3457347
1535,Resolved,Medium,Email,Feature request,2023-03-08 00:26:05.000000,,Other,Tier 2,United Kingdom,55.378052,-3.435973
1536,Resolved,Medium,Email,Product setup,2023-03-07 07:09:56.000000,,Custom software development,Tier 1,Slovenia,46.1491664,14.9860106
1537,Closed,Low,Chat,Product setup,2023-03-08 06:02:26.000000,2023-03-14 16:24:12.324,Custom software development,Tier 1,Slovenia,46.1491664,14.9860106
1538,Closed,High,Email,Product setup,2023-03-08 15:00:28.000000,2023-03-13 10:45:17.240,Training and Consulting Services,Tier 1,Italy,43.036776,12.678565
1539,Resolved,Low,Email,Bug report,2023-03-09 00:03:39.000000,,Ready to use Software,Tier 2,Germany,51.165691,10.451526
1540,Closed,Low,Email,Bug report,2023-03-08 07:37:45.000000,2023-03-15 11:13:59.346,Training and Consulting Services,Tier 2,Germany,51.165691,10.451526
1541,Resolved,Medium,Chat,Product setup,2023-03-09 00:55:45.000000,,Ready to use Software,Tier 1,United Kingdom,55.378052,-3.435973
1542,Closed,Low,Chat,Product setup,2023-03-08 11:49:26.000000,2023-03-11 10:12:53.852,Ready to use Software,Tier 1,United Kingdom,55.378052,-3.435973
1543,Closed,Medium,Chat,Pricing and licensing,2023-03-08 23:53:10.000000,2023-03-12 03:21:07.839,Training and Consulting Services,Tier 1,Poland,52.536273,19.050639
1544,Closed,Low,Chat,Product setup,2023-03-09 02:01:00.000000,2023-03-12 07:19:28.739,Custom software development,Tier 1,France,48.864716,2.349014
1545,In progress,Low,Chat,Feature request,2023-03-09 00:24:41.000000,,Custom software development,Tier 1,Bulgaria,42.7249925,25.4833039
1546,In progress,Medium,Chat,Other,2023-03-08 06:14:25.000000,,Custom software development,Tier 2,Italy,43.036776,12.678565
1547,Resolved,Low,Email,Other,2023-03-08 21:10:52.000000,,Ready to use Software,Tier 2,Austria,47.6964719,13.3457347
1548,Closed,Medium,Email,Other,2023-03-08 12:47:06.000000,2023-03-16 00:16:12.640,Training and Consulting Services,Tier 1,Italy,43.036776,12.678565
1549,In progress,Low,Chat,Purchasing and invoicing,2023-03-09 00:22:33.000000,,Training and Consulting Services,Tier 1,Republic of Ireland,53.094024,-8.019675
1550,Resolved,Low,Chat,Feature request,2023-03-09 12:31:05.000000,,Ready to use Software,Tier 1,Poland,52.536273,19.050639
1551,Closed,High,Email,Pricing and licensing,2023-03-09 23:37:17.000000,2023-03-15 08:39:09.457,Other,Tier 1,Bulgaria,42.7249925,25.4833039
1552,Closed,Low,Email,Pricing and licensing,2023-03-09 10:24:36.000000,2023-03-10 22:01:09.153,Custom software development,Tier 1,Austria,47.6964719,13.3457347
1553,In progress,Medium,Email,Feature request,2023-03-10 03:52:40.000000,,Ready to use Software,Tier 1,Italy,43.036776,12.678565
1556,Closed,High,Email,Product setup,2023-03-10 01:08:56.000000,2023-03-11 11:54:20.584,Other,Tier 1,United Kingdom,55.378052,-3.435973
1557,Resolved,Medium,Email,Pricing and licensing,2023-03-09 06:51:28.000000,,Training and Consulting Services,Tier 1,Republic of Ireland,53.094024,-8.019675
1560,Closed,High,Email,Feature request,2023-03-10 09:09:11.000000,2023-03-13 19:37:11.518,Ready to use Software,Tier 2,Austria,47.6964719,13.3457347
1561,Closed,Low,Chat,Feature request,2023-03-10 22:41:12.000000,2023-03-11 23:26:04.263,Other,Tier 2,United Kingdom,55.378052,-3.435973
1562,In progress,Low,Email,Feature request,2023-03-10 05:32:45.000000,,Other,Tier 2,United Kingdom,55.378052,-3.435973
1563,Resolved,Low,Chat,Feature request,2023-03-10 05:43:40.000000,,Custom software development,Tier 1,Bulgaria,42.7249925,25.4833039
1565,Closed,Medium,Email,Pricing and licensing,2023-03-10 11:44:13.000000,2023-03-13 17:36:51.329,Custom software development,Tier 1,United Kingdom,55.378052,-3.435973
1567,In progress,Medium,Email,Other,2023-03-12 03:08:57.000000,,Ready to use Software,Tier 1,Austria,47.6964719,13.3457347
1568,Resolved,Medium,Email,Product setup,2023-03-11 09:34:35.000000,,Ready to use Software,Tier 1,Czech Republic,49.8037633,15.4749126
1573,Resolved,Low,Email,Product setup,2023-03-11 06:06:38.000000,,Ready to use Software,Tier 2,United Kingdom,55.378052,-3.435973
1574,Resolved,Medium,Chat,Other,2023-03-11 20:34:51.000000,,Ready to use Software,Tier 1,United Kingdom,55.378052,-3.435973
1575,Resolved,High,Email,Feature request,2023-03-12 07:04:01.000000,,Custom software development,Tier 1,Italy,43.036776,12.678565
1576,Resolved,Low,Email,Purchasing and invoicing,2023-03-12 06:00:06.000000,,Ready to use Software,Tier 2,Austria,47.6964719,13.3457347
1577,Closed,Medium,Email,Bug report,2023-03-12 23:12:49.000000,2023-03-18 11:48:25.482,Ready to use Software,Tier 1,United Kingdom,55.378052,-3.435973
1581,Closed,Low,Email,Bug report,2023-03-13 19:58:26.000000,2023-03-16 19:44:35.472,Ready to use Software,Tier 2,Bulgaria,42.7249925,25.4833039
1582,Resolved,Low,Phone,Purchasing and invoicing,2023-03-13 15:05:16.000000,,Ready to use Software,Tier 1,Poland,52.536273,19.050639
1583,Closed,Medium,Chat,Training request,2023-03-13 09:33:38.000000,2023-03-17 10:57:34.136,Training and Consulting Services,Tier 1,Poland,52.536273,19.050639
1584,In progress,Low,Chat,Feature request,2023-03-13 17:19:39.000000,,Other,Tier 1,United Kingdom,55.378052,-3.435973
1585,Closed,Low,Email,Product setup,2023-03-14 01:36:55.000000,2023-03-16 20:20:17.353,Training and Consulting Services,Tier 2,Slovenia,46.1491664,14.9860106
1586,Open,Medium,Email,Product setup,2023-03-13 21:00:43.000000,,Ready to use Software,Tier 1,Greece,39.368279,21.863141
1587,Closed,Medium,Email,Pricing and licensing,2023-03-13 12:21:06.000000,2023-03-15 19:22:42.713,Other,Tier 1,United Kingdom,55.378052,-3.435973
1588,Resolved,Low,Chat,Purchasing and invoicing,2023-03-13 19:59:29.000000,,Ready to use Software,Tier 2,Greece,39.368279,21.863141
1589,Closed,Low,Chat,Feature request,2023-03-14 00:46:16.000000,2023-03-16 04:58:51.358,Other,Tier 1,Greece,39.368279,21.863141
1590,In progress,Low,Email,Purchasing and invoicing,2023-03-13 14:15:38.000000,,Training and Consulting Services,Tier 1,Czech Republic,49.8037633,15.4749126
1591,Closed,Low,Chat,Feature request,2023-03-13 15:05:15.000000,2023-03-14 21:06:17.743,Other,Tier 1,Italy,43.036776,12.678565
1592,In progress,Low,Email,Other,2023-03-13 11:20:49.000000,,Ready to use Software,Tier 1,Slovenia,46.1491664,14.9860106
1593,Resolved,Medium,Email,Product setup,2023-03-14 13:39:52.000000,,Ready to use Software,Tier 2,Italy,43.036776,12.678565
1594,Closed,High,Email,Product setup,2023-03-14 14:08:38.000000,2023-03-21 20:13:27.191,Custom software development,Tier 1,United Kingdom,55.378052,-3.435973
1595,Resolved,Low,Email,Pricing and licensing,2023-03-14 22:42:04.000000,,Other,Tier 1,Spain,39.67337,-4.767726
1596,Closed,Low,Chat,Product setup,2023-03-14 07:18:49.000000,2023-03-18 16:26:13.628,Custom software development,Tier 1,Slovenia,46.1491664,14.9860106
1597,Closed,Low,Email,Pricing and licensing,2023-03-14 23:42:01.000000,2023-03-18 02:23:48.526,Training and Consulting Services,Tier 1,Italy,43.036776,12.678565
1598,Closed,Medium,Email,Product setup,2023-03-14 16:18:12.000000,2023-03-20 22:49:41.993,Other,Tier 1,Italy,43.036776,12.678565
1599,Closed,Medium,Phone,Product setup,2023-03-14 14:19:11.000000,2023-03-16 15:08:14.677,Custom software development,Tier 1,Bulgaria,42.7249925,25.4833039
1600,Closed,Medium,Email,Other,2023-03-14 15:12:15.000000,2023-03-19 13:35:41.280,Training and Consulting Services,Tier 1,United Kingdom,55.378052,-3.435973
1601,Closed,Low,Email,Product setup,2023-03-15 04:21:06.000000,2023-03-17 10:27:00.839,Other,Tier 1,Austria,47.6964719,13.3457347
1602,Resolved,High,Email,Feature request,2023-03-15 04:44:09.000000,,Ready to use Software,Tier 2,Germany,51.165691,10.451526
1603,Resolved,Medium,Email,Feature request,2023-03-15 16:59:00.000000,,Ready to use Software,Tier 1,Poland,52.536273,19.050639
1604,In progress,High,Email,Product setup,2023-03-15 07:33:55.000000,,Custom software development,Tier 1,Poland,52.536273,19.050639
1605,Closed,High,Phone,Product setup,2023-03-15 14:58:56.000000,2023-03-17 12:48:12.345,Custom software development,Tier 1,Poland,52.536273,19.050639
1606,Resolved,High,Chat,Bug report,2023-03-15 16:11:12.000000,,Custom software development,Tier 1,Italy,43.036776,12.678565
1607,Closed,Low,Email,Pricing and licensing,2023-03-15 20:08:07.000000,2023-03-19 09:52:28.971,Custom software development,Tier 1,Germany,51.165691,10.451526
1608,Closed,High,Email,Product setup,2023-03-16 21:09:22.000000,2023-03-19 09:58:33.343,Ready to use Software,Tier 1,Austria,47.6964719,13.3457347
1609,Resolved,Medium,Chat,Pricing and licensing,2023-03-17 00:58:03.000000,,Training and Consulting Services,Tier 1,Slovenia,46.1491664,14.9860106
1610,Closed,Low,Chat,Pricing and licensing,2023-03-16 08:46:12.000000,2023-03-19 20:08:47.925,Ready to use Software,Tier 1,France,48.864716,2.349014
1611,Closed,High,Email,Purchasing and invoicing,2023-03-16 22:51:53.000000,2023-03-23 10:20:21.666,Custom software development,Tier 1,Italy,43.036776,12.678565
1612,Resolved,High,Chat,Bug report,2023-03-16 06:30:07.000000,,Custom software development,Tier 1,United Kingdom,55.378052,-3.435973
1613,Closed,Medium,Chat,Product setup,2023-03-16 19:56:22.000000,2023-03-19 12:11:35.201,Ready to use Software,Tier 1,Bulgaria,42.7249925,25.4833039
1614,Resolved,High,Email,Bug report,2023-03-16 22:30:18.000000,,Custom software development,Tier 1,France,48.864716,2.349014
1615,Closed,Medium,Email,Training request,2023-03-16 17:15:46.000000,2023-03-22 02:32:53.402,Training and Consulting Services,Tier 1,Italy,43.036776,12.678565
1616,Resolved,Low,Email,Pricing and licensing,2023-03-16 10:25:19.000000,,Ready to use Software,Tier 1,Austria,47.6964719,13.3457347
1617,Resolved,Medium,Email,Product setup,2023-03-16 16:36:44.000000,,Ready to use Software,Tier 1,Republic of Ireland,53.094024,-8.019675
2273,Closed,Medium,Chat,Pricing and licensing,2023-06-05 07:19:23.000000,2023-06-08 09:15:25.467,Training and Consulting Services,Tier 1,United Kingdom,55.378052,-3.435973
2274,Closed,Low,Email,Purchasing and invoicing,2023-06-05 08:41:14.000000,2023-06-09 19:39:17.244,Other,Tier 2,Slovenia,46.1491664,14.9860106
2275,Resolved,Low,Chat,Bug report,2023-06-05 09:03:31.000000,,Custom software development,Tier 1,Slovenia,46.1491664,14.9860106
2276,In progress,Medium,Chat,Purchasing and invoicing,2023-06-05 13:11:50.000000,,Ready to use Software,Tier 1,Republic of Ireland,53.094024,-8.019675
2277,Closed,Medium,Chat,Product setup,2023-06-05 05:52:10.000000,2023-06-09 10:44:46.512,Ready to use Software,Tier 1,Austria,47.6964719,13.3457347
2278,Closed,Medium,Email,Purchasing and invoicing,2023-06-06 18:36:33.000000,2023-06-09 12:15:06.293,Ready to use Software,Tier 1,Spain,39.67337,-4.767726
2279,Closed,Low,Email,Other,2023-06-06 05:49:25.000000,2023-06-10 23:47:38.793,Training and Consulting Services,Tier 1,Republic of Ireland,53.094024,-8.019675
2280,Closed,Low,Email,Purchasing and invoicing,2023-06-06 04:04:57.000000,2023-06-09 10:23:04.326,Ready to use Software,Tier 1,Spain,39.67337,-4.767726
2281,Closed,Medium,Email,Purchasing and invoicing,2023-06-06 15:24:39.000000,2023-06-11 11:47:10.522,Other,Tier 1,Italy,43.036776,12.678565
2282,Resolved,Low,Phone,Pricing and licensing,2023-06-07 01:13:59.000000,,Custom software development,Tier 1,Greece,39.368279,21.863141
2283,In progress,Low,Chat,Feature request,2023-06-06 21:27:40.000000,,Custom software development,Tier 1,Slovenia,46.1491664,14.9860106
2284,Resolved,Medium,Phone,Pricing and licensing,2023-06-07 01:50:46.000000,,Other,Tier 1,Italy,43.036776,12.678565
2285,Closed,Medium,Phone,Product setup,2023-06-06 10:29:54.000000,2023-06-08 11:34:21.875,Ready to use Software,Tier 1,United Kingdom,55.378052,-3.435973
2287,Closed,Medium,Email,Feature request,2023-06-06 17:23:19.000000,2023-06-13 14:43:18.557,Ready to use Software,Tier 1,Spain,39.67337,-4.767726
2288,Resolved,Low,Chat,Product setup,2023-06-06 15:06:41.000000,,Other,Tier 2,Austria,47.6964719,13.3457347
2289,Closed,Medium,Chat,Pricing and Licensing,2023-06-07 23:00:40.000000,2023-06-12 23:42:19.144,Custom software development,Tier 1,Poland,52.536273,19.050639
2290,Resolved,Low,Email,Pricing and Licensing,2023-06-07 22:11:08.000000,,Custom software development,Tier 1,Bulgaria,42.7249925,25.4833039
2291,Closed,Medium,Email,Pricing and licensing,2023-06-08 00:16:46.000000,2023-06-10 20:33:19.930,Ready to use Software,Tier 1,Czech Republic,49.8037633,15.4749126
2293,Closed,Low,Email,Purchasing and invoicing,2023-06-07 18:19:45.000000,2023-06-11 08:53:52.304,Other,Tier 2,France,48.864716,2.349014
2294,In progress,Medium,Chat,Product setup,2023-06-08 00:19:54.000000,,Training and Consulting Services,Tier 1,United Kingdom,55.378052,-3.435973
2295,In progress,Low,Chat,Product setup,2023-06-07 14:55:09.000000,,Other,Tier 1,Poland,52.536273,19.050639
2296,Resolved,Low,Email,Pricing and licensing,2023-06-07 15:43:39.000000,,Ready to use Software,Tier 1,Poland,52.536273,19.050639
2297,Resolved,High,Chat,Pricing and licensing,2023-06-07 04:04:06.000000,,Other,Tier 1,Czech Republic,49.8037633,15.4749126
2298,In progress,Low,Email,Purchasing and invoicing,2023-06-07 06:16:11.000000,,Custom software development,Tier 2,Poland,52.536273,19.050639
2299,Closed,High,Email,Product setup,2023-06-08 19:54:13.000000,2023-06-14 17:40:06.106,Custom software development,Tier 2,Germany,51.165691,10.451526
2300,Closed,Low,Email,Feature request,2023-06-08 07:34:17.000000,2023-06-10 07:47:08.898,Custom software development,Tier 2,Bulgaria,42.7249925,25.4833039
2301,Closed,Medium,Email,Feature request,2023-06-08 20:52:30.000000,2023-06-16 04:03:37.400,Custom software development,Tier 1,Republic of Ireland,53.094024,-8.019675
2302,In progress,Low,Chat,Pricing and Licensing,2023-06-08 04:17:24.000000,,Custom software development,Tier 1,France,48.864716,2.349014
2304,In progress,Low,Email,Pricing and Licensing,2023-06-10 00:18:40.000000,,Custom software development,Tier 1,United Kingdom,55.378052,-3.435973
2305,Closed,Low,Email,Pricing and licensing,2023-06-09 19:57:03.000000,2023-06-11 11:11:25.160,Training and Consulting Services,Tier 1,Poland,52.536273,19.050639
2306,Closed,Low,Chat,Product setup,2023-06-10 03:12:15.000000,2023-06-14 13:57:35.631,Custom software development,Tier 2,Italy,43.036776,12.678565
2307,In progress,High,Email,Bug report,2023-06-09 04:30:42.000000,,Ready to use Software,Tier 2,Austria,47.6964719,13.3457347
2309,Closed,Low,Chat,Bug report,2023-06-09 19:51:47.000000,2023-06-10 02:14:10.782,Custom software development,Tier 2,Greece,39.368279,21.863141
2310,Closed,Low,Chat,Bug report,2023-06-09 17:39:42.000000,2023-06-14 00:23:01.365,Training and Consulting Services,Tier 1,Germany,51.165691,10.451526
2311,Closed,High,Email,Pricing and Licensing,2023-06-09 19:21:40.000000,2023-06-12 03:11:12.998,Custom software development,Tier 1,Republic of Ireland,53.094024,-8.019675
2313,In progress,Low,Email,Pricing and Licensing,2023-06-10 07:28:37.000000,,Custom software development,Tier 1,Austria,47.6964719,13.3457347
2321,Resolved,Medium,Chat,Product setup,2023-06-10 09:14:08.000000,,Ready to use Software,Tier 2,France,48.864716,2.349014
2322,Resolved,Low,Chat,Feature request,2023-06-10 19:57:39.000000,,Ready to use Software,Tier 1,France,48.864716,2.349014
2323,Closed,Low,Email,Product setup,2023-06-10 06:58:45.000000,2023-06-16 19:31:34.137,Training and Consulting Services,Tier 2,France,48.864716,2.349014
2324,Resolved,High,Phone,Product setup,2023-06-10 07:37:03.000000,,Training and Consulting Services,Tier 1,Czech Republic,49.8037633,15.4749126
2325,Resolved,Low,Email,Pricing and licensing,2023-06-11 21:44:56.000000,,Ready to use Software,Tier 2,Slovenia,46.1491664,14.9860106
2332,Closed,Medium,Chat,Pricing and licensing,2023-06-12 22:07:44.000000,2023-06-15 09:04:27.577,Other,Tier 1,Poland,52.536273,19.050639
2333,Closed,Low,Chat,Purchasing and invoicing,2023-06-12 12:43:13.000000,2023-06-16 03:36:06.006,Ready to use Software,Tier 2,Greece,39.368279,21.863141
2334,Resolved,Low,Chat,Pricing and licensing,2023-06-12 22:04:14.000000,,Ready to use Software,Tier 2,Spain,39.67337,-4.767726
2335,Closed,Low,Email,Bug report,2023-06-12 18:05:37.000000,2023-06-18 15:38:56.357,Ready to use Software,Tier 1,Republic of Ireland,53.094024,-8.019675
2336,In progress,Low,Email,Purchasing and invoicing,2023-06-12 08:41:42.000000,,Other,Tier 1,United Kingdom,55.378052,-3.435973
2337,In progress,Low,Chat,Feature request,2023-06-13 00:04:14.000000,,Ready to use Software,Tier 2,Czech Republic,49.8037633,15.4749126
2338,Resolved,Low,Chat,Purchasing and invoicing,2023-06-12 21:39:34.000000,,Other,Tier 1,United Kingdom,55.378052,-3.435973
2339,Closed,Low,Email,Pricing and licensing,2023-06-12 06:59:16.000000,2023-06-16 21:07:11.622,Custom software development,Tier 2,United Kingdom,55.378052,-3.435973
2340,Closed,Medium,Email,Pricing and licensing,2023-06-13 15:58:37.000000,2023-06-14 06:08:26.799,Custom software development,Tier 2,Italy,43.036776,12.678565
2341,Resolved,High,Chat,Feature request,2023-06-13 19:33:31.000000,,Other,Tier 2,Italy,43.036776,12.678565
2342,Closed,Low,Email,Feature request,2023-06-13 11:16:46.000000,2023-06-17 00:37:15.102,Ready to use Software,Tier 1,Germany,51.165691,10.451526
2343,Closed,High,Email,Purchasing and invoicing,2023-06-13 12:41:04.000000,2023-06-16 21:08:40.392,Custom software development,Tier 1,Greece,39.368279,21.863141
2344,Closed,Low,Chat,Feature request,2023-06-13 21:13:06.000000,2023-06-18 07:31:57.421,Ready to use Software,Tier 1,Czech Republic,49.8037633,15.4749126
2345,Closed,Low,Email,Product setup,2023-06-13 13:35:27.000000,2023-06-19 11:46:45.666,Ready to use Software,Tier 1,France,48.864716,2.349014
2346,Resolved,Low,Email,Product setup,2023-06-13 17:58:40.000000,,Ready to use Software,Tier 1,Germany,51.165691,10.451526
2347,Closed,Medium,Email,Bug report,2023-06-13 05:46:10.000000,2023-06-18 19:49:32.536,Custom software development,Tier 1,Poland,52.536273,19.050639
2348,Closed,Low,Chat,Pricing and licensing,2023-06-14 07:36:59.000000,2023-06-18 21:18:26.455,Ready to use Software,Tier 1,Republic of Ireland,53.094024,-8.019675
2349,Resolved,Low,Phone,Purchasing and invoicing,2023-06-14 09:05:18.000000,,Ready to use Software,Tier 1,Germany,51.165691,10.451526
2350,Resolved,Medium,Email,Feature request,2023-06-14 18:13:32.000000,,Ready to use Software,Tier 1,Germany,51.165691,10.451526
2351,Closed,Low,Phone,Product setup,2023-06-14 11:37:55.000000,2023-06-20 22:01:23.816,Ready to use Software,Tier 2,Republic of Ireland,53.094024,-8.019675
2352,Resolved,High,Email,Training request,2023-06-14 23:25:36.000000,,Training and Consulting Services,Tier 2,Bulgaria,42.7249925,25.4833039
2353,Closed,Medium,Email,Product setup,2023-06-14 12:44:11.000000,2023-06-17 06:19:09.674,Training and Consulting Services,Tier 1,United Kingdom,55.378052,-3.435973
2354,Closed,Medium,Email,Bug report,2023-06-14 07:27:43.000000,2023-06-20 01:50:09.315,Ready to use Software,Tier 1,Czech Republic,49.8037633,15.4749126
2355,In progress,Medium,Chat,Pricing and licensing,2023-06-15 11:44:22.000000,,Ready to use Software,Tier 2,Austria,47.6964719,13.3457347
2356,Closed,Medium,Chat,Feature request,2023-06-15 13:33:18.000000,2023-06-18 03:06:40.787,Other,Tier 2,Slovenia,46.1491664,14.9860106
2357,In progress,High,Email,Feature request,2023-06-15 07:11:42.000000,,Custom software development,Tier 2,United Kingdom,55.378052,-3.435973
2358,Closed,Medium,Email,Product setup,2023-06-15 23:11:03.000000,2023-06-18 12:52:25.933,Training and Consulting Services,Tier 2,Republic of Ireland,53.094024,-8.019675
2359,Closed,Low,Chat,Product setup,2023-06-15 07:22:26.000000,2023-06-16 13:47:03.778,Custom software development,Tier 2,France,48.864716,2.349014
2360,Closed,Low,Chat,Training request,2023-06-15 16:47:13.000000,2023-06-19 03:26:43.894,Training and Consulting Services,Tier 1,Germany,51.165691,10.451526
2361,Resolved,Low,Email,Feature request,2023-06-15 05:48:45.000000,,Ready to use Software,Tier 2,Greece,39.368279,21.863141
2362,Closed,Medium,Email,Training request,2023-06-16 01:46:17.000000,2023-06-16 21:08:56.061,Training and Consulting Services,Tier 2,Poland,52.536273,19.050639
2363,Resolved,Medium,Email,Feature request,2023-06-15 04:54:40.000000,,Custom software development,Tier 2,United Kingdom,55.378052,-3.435973
2364,Resolved,Low,Email,Feature request,2023-06-17 01:52:30.000000,,Custom software development,Tier 1,Czech Republic,49.8037633,15.4749126
2365,Closed,Medium,Email,Purchasing and invoicing,2023-06-16 15:53:56.000000,2023-06-20 13:46:21.072,Ready to use Software,Tier 1,Republic of Ireland,53.094024,-8.019675
2366,Closed,High,Email,Other,2023-06-16 19:52:33.000000,2023-06-20 04:34:47.478,Ready to use Software,Tier 1,Greece,39.368279,21.863141
2367,Closed,Low,Chat,Product setup,2023-06-16 13:59:53.000000,2023-06-24 06:53:52.316,Ready to use Software,Tier 1,Greece,39.368279,21.863141
2368,Resolved,Low,Email,Pricing and licensing,2023-06-16 20:30:16.000000,,Custom software development,Tier 1,Republic of Ireland,53.094024,-8.019675
2369,In progress,Low,Chat,Product setup,2023-06-16 10:07:53.000000,,Custom software development,Tier 2,France,48.864716,2.349014
2370,Closed,Low,Email,Pricing and Licensing,2023-06-16 18:52:30.000000,2023-06-17 08:17:24.756,Custom software development,Tier 1,Greece,39.368279,21.863141
2371,In progress,Medium,Email,Purchasing and invoicing,2023-06-16 22:36:18.000000,,Ready to use Software,Tier 2,Republic of Ireland,53.094024,-8.019675
2372,Resolved,Low,Chat,Pricing and licensing,2023-06-16 22:14:15.000000,,Ready to use Software,Tier 1,Spain,39.67337,-4.767726
2373,Closed,High,Email,Bug report,2023-06-16 07:03:28.000000,2023-06-18 17:38:48.154,Ready to use Software,Tier 1,France,48.864716,2.349014
2374,Closed,Low,Email,Bug report,2023-06-17 17:06:16.000000,2023-06-23 11:12:35.102,Ready to use Software,Tier 1,Poland,52.536273,19.050639
2375,Closed,Low,Email,Pricing and licensing,2023-06-17 10:29:35.000000,2023-06-22 21:38:40.370,Training and Consulting Services,Tier 1,United Kingdom,55.378052,-3.435973
2376,In progress,Low,Chat,Pricing and licensing,2023-06-17 10:31:32.000000,,Ready to use Software,Tier 1,United Kingdom,55.378052,-3.435973
2381,Resolved,Low,Chat,Feature request,2023-06-18 22:13:48.000000,,Custom software development,Tier 2,United Kingdom,55.378052,-3.435973
2382,Closed,Low,Chat,Pricing and Licensing,2023-06-18 18:10:22.000000,2023-06-20 05:53:06.382,Custom software development,Tier 1,Poland,52.536273,19.050639
2383,In progress,High,Chat,Product setup,2023-06-19 11:11:25.000000,,Ready to use Software,Tier 1,Spain,39.67337,-4.767726
2384,Closed,Low,Chat,Pricing and licensing,2023-06-19 14:06:01.000000,2023-06-23 23:47:44.142,Custom software development,Tier 1,Italy,43.036776,12.678565
2385,In progress,Low,Email,Feature request,2023-06-19 06:56:47.000000,,Other,Tier 2,Slovenia,46.1491664,14.9860106
2386,Closed,Low,Email,Product setup,2023-06-19 13:47:32.000000,2023-06-22 15:14:20.353,Ready to use Software,Tier 2,Republic of Ireland,53.094024,-8.019675
2387,In progress,Medium,Email,Bug report,2023-06-19 19:00:04.000000,,Custom software development,Tier 1,Austria,47.6964719,13.3457347
2388,In progress,Low,Email,Pricing and licensing,2023-06-19 22:56:11.000000,,Other,Tier 1,Czech Republic,49.8037633,15.4749126
2389,Resolved,Medium,Email,Feature request,2023-06-19 17:19:08.000000,,Ready to use Software,Tier 1,Austria,47.6964719,13.3457347
2390,Closed,Low,Email,Purchasing and invoicing,2023-06-20 09:58:21.000000,2023-06-22 16:41:45.311,Other,Tier 1,United Kingdom,55.378052,-3.435973
2391,In progress,Low,Chat,Product setup,2023-06-20 07:21:33.000000,,Ready to use Software,Tier 1,Czech Republic,49.8037633,15.4749126
2392,Closed,Low,Email,Pricing and licensing,2023-06-20 04:42:46.000000,2023-06-25 15:38:46.816,Other,Tier 1,Bulgaria,42.7249925,25.4833039
2393,Closed,Low,Phone,Product setup,2023-06-20 07:00:12.000000,2023-06-21 02:49:11.669,Ready to use Software,Tier 1,United Kingdom,55.378052,-3.435973
2394,Closed,Low,Chat,Other,2023-06-20 08:41:46.000000,2023-06-21 08:13:43.786,Ready to use Software,Tier 1,Italy,43.036776,12.678565
2395,Closed,High,Email,Product setup,2023-06-21 23:25:13.000000,2023-06-26 01:33:41.235,Ready to use Software,Tier 2,United Kingdom,55.378052,-3.435973
2396,Resolved,High,Email,Pricing and Licensing,2023-06-21 21:34:47.000000,,Custom software development,Tier 1,Germany,51.165691,10.451526
2397,Resolved,Low,Email,Other,2023-06-21 09:06:53.000000,,Custom software development,Tier 1,Poland,52.536273,19.050639
2398,Closed,Low,Email,Purchasing and invoicing,2023-06-21 23:47:41.000000,2023-06-24 06:05:35.301,Ready to use Software,Tier 1,Bulgaria,42.7249925,25.4833039
2399,Closed,High,Chat,Product setup,2023-06-21 14:02:44.000000,2023-06-24 19:43:07.162,Custom software development,Tier 2,United Kingdom,55.378052,-3.435973
2400,Closed,High,Chat,Feature request,2023-06-22 02:56:11.000000,2023-06-29 01:42:59.708,Ready to use Software,Tier 1,Poland,52.536273,19.050639
2401,Resolved,Low,Chat,Other,2023-06-21 22:25:14.000000,,Ready to use Software,Tier 1,Spain,39.67337,-4.767726
2402,Closed,Medium,Email,Feature request,2023-06-22 03:30:20.000000,2023-06-25 19:08:07.171,Ready to use Software,Tier 1,Germany,51.165691,10.451526
2403,Resolved,High,Chat,Other,2023-06-21 15:31:28.000000,,Custom software development,Tier 1,United Kingdom,55.378052,-3.435973
2404,Closed,Low,Email,Training request,2023-06-21 12:31:17.000000,2023-06-25 16:33:20.356,Training and Consulting Services,Tier 2,Poland,52.536273,19.050639
2405,In progress,Medium,Email,Training request,2023-06-21 22:46:11.000000,,Training and Consulting Services,Tier 1,Spain,39.67337,-4.767726
2406,In progress,Medium,Email,Product setup,2023-06-21 19:15:00.000000,,Ready to use Software,Tier 1,Poland,52.536273,19.050639
2407,Resolved,High,Email,Feature request,2023-06-21 19:13:01.000000,,Other,Tier 2,Poland,52.536273,19.050639
2408,Closed,Low,Phone,Pricing and licensing,2023-06-21 19:24:15.000000,2023-06-29 07:21:08.606,Training and Consulting Services,Tier 1,Germany,51.165691,10.451526
2409,In progress,Low,Email,Product setup,2023-06-21 11:58:57.000000,,Other,Tier 1,United Kingdom,55.378052,-3.435973
2410,Closed,Low,Phone,Product setup,2023-06-21 18:09:56.000000,2023-06-25 20:37:27.027,Ready to use Software,Tier 1,Slovenia,46.1491664,14.9860106
2411,Resolved,High,Email,Feature request,2023-06-23 01:31:03.000000,,Custom software development,Tier 2,Austria,47.6964719,13.3457347
2412,In progress,Medium,Phone,Pricing and Licensing,2023-06-22 13:19:42.000000,,Custom software development,Tier 1,United Kingdom,55.378052,-3.435973
2413,Resolved,High,Chat,Pricing and licensing,2023-06-23 01:24:24.000000,,Other,Tier 1,Czech Republic,49.8037633,15.4749126
2414,Closed,Low,Email,Feature request,2023-06-22 19:10:05.000000,2023-06-28 18:11:42.765,Custom software development,Tier 2,Poland,52.536273,19.050639
2415,In progress,Medium,Email,Other,2023-06-22 13:31:15.000000,,Ready to use Software,Tier 1,Germany,51.165691,10.451526
2416,Closed,Low,Chat,Product setup,2023-06-22 07:14:48.000000,2023-06-27 15:55:12.397,Ready to use Software,Tier 1,Poland,52.536273,19.050639
2417,In progress,Low,Chat,Training request,2023-06-22 09:33:00.000000,,Training and Consulting Services,Tier 2,Italy,43.036776,12.678565
2418,Closed,Medium,Email,Purchasing and invoicing,2023-06-22 19:20:02.000000,2023-06-26 06:42:03.712,Ready to use Software,Tier 2,Germany,51.165691,10.451526
2419,Closed,Low,Phone,Pricing and Licensing,2023-06-22 19:17:57.000000,2023-06-26 17:52:24.043,Custom software development,Tier 1,France,48.864716,2.349014
2420,Closed,Medium,Chat,Other,2023-06-22 14:16:27.000000,2023-06-27 00:28:08.574,Other,Tier 2,France,48.864716,2.349014
2421,Resolved,Low,Phone,Other,2023-06-23 06:51:48.000000,,Ready to use Software,Tier 1,Bulgaria,42.7249925,25.4833039
2422,Resolved,Low,Phone,Pricing and licensing,2023-06-23 06:00:34.000000,,Training and Consulting Services,Tier 1,Austria,47.6964719,13.3457347
2423,Closed,Low,Email,Feature request,2023-06-23 15:18:18.000000,2023-06-25 05:19:42.428,Ready to use Software,Tier 1,Germany,51.165691,10.451526
2425,Closed,Medium,Email,Product setup,2023-06-23 17:46:19.000000,2023-06-25 12:08:49.570,Ready to use Software,Tier 1,United Kingdom,55.378052,-3.435973
2426,In progress,Low,Email,Pricing and Licensing,2023-06-24 00:46:30.000000,,Custom software development,Tier 1,Germany,51.165691,10.451526
2429,Resolved,Low,Email,Pricing and licensing,2023-06-24 02:09:46.000000,,Ready to use Software,Tier 1,Italy,43.036776,12.678565
2431,Closed,High,Email,Purchasing and invoicing,2023-06-24 11:16:23.000000,2023-07-01 11:41:40.218,Other,Tier 1,Italy,43.036776,12.678565
2433,Closed,Low,Chat,Feature request,2023-06-24 22:39:33.000000,2023-07-01 02:30:51.478,Ready to use Software,Tier 1,Bulgaria,42.7249925,25.4833039
2446,Closed,Low,Chat,Pricing and licensing,2023-06-25 20:40:38.000000,2023-06-26 23:07:13.341,Custom software development,Tier 2,Republic of Ireland,53.094024,-8.019675
2447,Resolved,High,Chat,Purchasing and invoicing,2023-06-25 15:26:56.000000,,Ready to use Software,Tier 1,Poland,52.536273,19.050639
2448,Closed,Low,Email,Other,2023-06-27 02:38:22.000000,2023-06-27 19:53:11.169,Ready to use Software,Tier 2,France,48.864716,2.349014
2449,In progress,Low,Email,Product setup,2023-06-26 14:41:45.000000,,Other,Tier 1,Italy,43.036776,12.678565
2450,Resolved,Low,Phone,Bug report,2023-06-26 09:34:44.000000,,Ready to use Software,Tier 1,Spain,39.67337,-4.767726
2451,Closed,High,Phone,Other,2023-06-26 16:51:02.000000,2023-06-27 20:11:49.674,Training and Consulting Services,Tier 2,United Kingdom,55.378052,-3.435973
2452,Closed,Medium,Phone,Feature request,2023-06-26 09:51:24.000000,2023-06-28 22:01:42.560,Custom software development,Tier 1,Spain,39.67337,-4.767726
2453,Closed,Low,Email,Purchasing and invoicing,2023-06-26 15:00:12.000000,2023-07-02 06:57:41.449,Custom software development,Tier 1,Republic of Ireland,53.094024,-8.019675
2454,In progress,Low,Phone,Other,2023-06-26 15:40:47.000000,,Custom software development,Tier 1,Germany,51.165691,10.451526
2455,In progress,Low,Email,Pricing and Licensing,2023-06-27 00:30:04.000000,,Custom software development,Tier 1,Poland,52.536273,19.050639
2456,Closed,Medium,Phone,Feature request,2023-06-26 11:54:40.000000,2023-07-01 08:16:42.888,Ready to use Software,Tier 1,Bulgaria,42.7249925,25.4833039
2457,Closed,Low,Chat,Bug report,2023-06-26 12:29:45.000000,2023-06-27 16:32:59.172,Training and Consulting Services,Tier 1,Slovenia,46.1491664,14.9860106
2458,Resolved,Low,Email,Bug report,2023-06-26 07:46:35.000000,,Ready to use Software,Tier 2,Slovenia,46.1491664,14.9860106
2459,Closed,Medium,Email,Feature request,2023-06-28 03:17:53.000000,2023-07-02 22:12:27.247,Ready to use Software,Tier 2,Italy,43.036776,12.678565
2460,Closed,Medium,Chat,Pricing and licensing,2023-06-27 16:16:37.000000,2023-06-29 14:16:52.538,Ready to use Software,Tier 1,Spain,39.67337,-4.767726
2461,Closed,Low,Chat,Feature request,2023-06-27 12:00:05.000000,2023-06-30 08:39:46.981,Custom software development,Tier 2,Italy,43.036776,12.678565
2462,In progress,Low,Chat,Purchasing and invoicing,2023-06-28 02:45:24.000000,,Ready to use Software,Tier 1,Spain,39.67337,-4.767726
2463,Closed,Low,Phone,Other,2023-06-28 01:39:49.000000,2023-07-05 20:31:24.949,Ready to use Software,Tier 1,Poland,52.536273,19.050639
2464,Resolved,Low,Email,Pricing and Licensing,2023-06-27 10:19:27.000000,,Custom software development,Tier 1,United Kingdom,55.378052,-3.435973
2465,Resolved,High,Chat,Product setup,2023-06-27 10:27:31.000000,,Custom software development,Tier 2,Spain,39.67337,-4.767726
2466,Resolved,Medium,Email,Bug report,2023-06-27 05:10:56.000000,,Ready to use Software,Tier 1,United Kingdom,55.378052,-3.435973
2467,Resolved,Low,Email,Purchasing and invoicing,2023-06-27 23:26:27.000000,,Custom software development,Tier 2,Poland,52.536273,19.050639
2468,Closed,Low,Chat,Product setup,2023-06-28 09:59:15.000000,2023-06-30 10:40:58.918,Ready to use Software,Tier 1,Poland,52.536273,19.050639
2469,Closed,Low,Email,Pricing and licensing,2023-06-28 13:54:25.000000,2023-06-30 16:13:54.898,Ready to use Software,Tier 1,United Kingdom,55.378052,-3.435973
2470,Closed,Low,Chat,Pricing and licensing,2023-06-28 16:57:26.000000,2023-07-04 21:31:59.972,Ready to use Software,Tier 1,Germany,51.165691,10.451526
2471,Resolved,Low,Chat,Pricing and licensing,2023-06-28 16:31:36.000000,,Other,Tier 1,Poland,52.536273,19.050639
2473,Resolved,Medium,Email,Pricing and licensing,2023-06-28 05:59:56.000000,,Training and Consulting Services,Tier 1,Germany,51.165691,10.451526
2475,Resolved,Low,Chat,Product setup,2023-06-28 09:47:38.000000,,Ready to use Software,Tier 1,Germany,51.165691,10.451526
2476,Closed,High,Chat,Other,2023-06-28 14:12:07.000000,2023-07-03 20:03:58.531,Custom software development,Tier 1,Poland,52.536273,19.050639
2477,In progress,Medium,Chat,Feature request,2023-06-28 22:31:59.000000,,Custom software development,Tier 1,France,48.864716,2.349014
2478,In progress,High,Chat,Product setup,2023-06-28 22:37:55.000000,,Custom software development,Tier 2,France,48.864716,2.349014
2479,Resolved,Low,Email,Other,2023-06-28 08:10:43.000000,,Training and Consulting Services,Tier 2,Germany,51.165691,10.451526
2481,Resolved,High,Chat,Other,2023-06-30 00:05:17.000000,,Ready to use Software,Tier 1,Bulgaria,42.7249925,25.4833039
2482,Closed,Low,Email,Bug report,2023-06-29 06:01:11.000000,2023-07-04 10:17:18.794,Training and Consulting Services,Tier 1,Greece,39.368279,21.863141
2483,Resolved,Low,Email,Product setup,2023-06-29 12:11:33.000000,,Other,Tier 2,Italy,43.036776,12.678565
2484,Resolved,Medium,Email,Product setup,2023-06-30 03:48:01.000000,,Training and Consulting Services,Tier 1,Italy,43.036776,12.678565
2485,Resolved,Medium,Email,Other,2023-06-29 05:15:34.000000,,Training and Consulting Services,Tier 1,Austria,47.6964719,13.3457347
2486,Resolved,Low,Phone,Product setup,2023-06-30 15:38:07.000000,,Ready to use Software,Tier 1,Greece,39.368279,21.863141
2487,Resolved,High,Chat,Product setup,2023-06-30 05:01:06.000000,,Other,Tier 2,Poland,52.536273,19.050639
2488,Closed,Low,Chat,Feature request,2023-06-30 04:30:35.000000,2023-07-04 02:07:55.751,Custom software development,Tier 2,Poland,52.536273,19.050639
2489,Closed,Low,Chat,Purchasing and invoicing,2023-06-30 15:55:24.000000,2023-07-03 16:24:20.169,Custom software development,Tier 1,Slovenia,46.1491664,14.9860106
2490,Closed,Medium,Email,Product setup,2023-06-30 07:26:27.000000,2023-07-05 22:15:04.935,Ready to use Software,Tier 2,Poland,52.536273,19.050639
2491,Closed,High,Chat,Pricing and Licensing,2023-06-30 15:16:15.000000,2023-07-02 04:11:42.477,Custom software development,Tier 1,Bulgaria,42.7249925,25.4833039
2492,In progress,Medium,Email,Product setup,2023-06-30 05:18:00.000000,,Ready to use Software,Tier 1,Spain,39.67337,-4.767726
2493,Closed,Low,Email,Product setup,2023-06-30 12:43:31.000000,2023-07-03 17:09:01.211,Ready to use Software,Tier 2,Poland,52.536273,19.050639
2494,In progress,Medium,Chat,Feature request,2023-06-30 22:51:17.000000,,Other,Tier 1,Greece,39.368279,21.863141
2495,Resolved,High,Email,Feature request,2023-06-30 15:48:13.000000,,Other,Tier 2,Czech Republic,49.8037633,15.4749126
2496,Closed,Medium,Email,Purchasing and invoicing,2023-06-30 11:56:05.000000,2023-07-05 14:34:08.226,Custom software development,Tier 1,Italy,43.036776,12.678565
2497,In progress,Low,Email,Feature request,2023-07-01 23:34:25.000000,,Ready to use Software,Tier 1,United Kingdom,55.378052,-3.435973
2498,Closed,High,Chat,Product setup,2023-07-01 08:08:10.000000,2023-07-05 16:24:37.455,Ready to use Software,Tier 1,Italy,43.036776,12.678565
2508,Resolved,Medium,Phone,Other,2023-07-02 15:43:22.000000,,Ready to use Software,Tier 1,Greece,39.368279,21.863141
2509,Closed,Medium,Chat,Feature request,2023-07-02 19:34:25.000000,2023-07-04 03:10:04.398,Other,Tier 1,Bulgaria,42.7249925,25.4833039
2510,In progress,Low,Phone,Product setup,2023-07-02 16:17:52.000000,,Ready to use Software,Tier 1,United Kingdom,55.378052,-3.435973
2511,In progress,Low,Chat,Product setup,2023-07-03 16:38:49.000000,,Custom software development,Tier 1,Greece,39.368279,21.863141
2512,Resolved,Low,Email,Pricing and licensing,2023-07-03 09:38:12.000000,,Ready to use Software,Tier 1,Czech Republic,49.8037633,15.4749126
2513,In progress,Low,Email,Bug report,2023-07-04 02:38:16.000000,,Custom software development,Tier 1,United Kingdom,55.378052,-3.435973
2514,In progress,Low,Email,Bug report,2023-07-03 04:50:51.000000,,Ready to use Software,Tier 1,Germany,51.165691,10.451526
2515,In progress,Low,Chat,Feature request,2023-07-03 23:13:13.000000,,Custom software development,Tier 1,Poland,52.536273,19.050639
2516,Resolved,Medium,Email,Product setup,2023-07-05 03:47:01.000000,,Ready to use Software,Tier 1,Germany,51.165691,10.451526
2517,Closed,Medium,Chat,Pricing and licensing,2023-07-04 06:36:13.000000,2023-07-11 14:38:45.560,Training and Consulting Services,Tier 2,Italy,43.036776,12.678565
2518,Resolved,Low,Email,Pricing and licensing,2023-07-04 04:39:52.000000,,Ready to use Software,Tier 1,Poland,52.536273,19.050639
2519,Closed,High,Phone,Pricing and licensing,2023-07-04 14:01:39.000000,2023-07-07 05:35:22.462,Ready to use Software,Tier 1,United Kingdom,55.378052,-3.435973
2520,In progress,High,Chat,Other,2023-07-04 17:14:19.000000,,Ready to use Software,Tier 1,Germany,51.165691,10.451526
2521,Closed,Low,Email,Other,2023-07-04 05:40:31.000000,2023-07-11 04:58:21.007,Custom software development,Tier 2,Republic of Ireland,53.094024,-8.019675
2522,Closed,Low,Email,Bug report,2023-07-04 07:48:41.000000,2023-07-07 08:28:48.817,Custom software development,Tier 1,Austria,47.6964719,13.3457347
2523,In progress,Low,Chat,Bug report,2023-07-04 19:19:33.000000,,Ready to use Software,Tier 2,Austria,47.6964719,13.3457347
2525,Closed,High,Chat,Bug report,2023-07-05 16:47:04.000000,2023-07-06 17:00:35.830,Ready to use Software,Tier 2,Slovenia,46.1491664,14.9860106
2526,Resolved,Medium,Chat,Product setup,2023-07-05 19:03:26.000000,,Ready to use Software,Tier 1,Germany,51.165691,10.451526
2527,Resolved,Low,Email,Product setup,2023-07-06 03:01:55.000000,,Ready to use Software,Tier 1,Spain,39.67337,-4.767726
2528,Resolved,Medium,Email,Product setup,2023-07-06 01:03:38.000000,,Custom software development,Tier 1,Poland,52.536273,19.050639
2529,Resolved,Medium,Chat,Product setup,2023-07-06 02:10:12.000000,,Ready to use Software,Tier 1,Poland,52.536273,19.050639
2530,In progress,Low,Chat,Product setup,2023-07-05 21:10:41.000000,,Ready to use Software,Tier 1,Italy,43.036776,12.678565
2532,Closed,High,Email,Feature request,2023-07-05 18:30:43.000000,2023-07-09 04:06:21.648,Ready to use Software,Tier 1,United Kingdom,55.378052,-3.435973
2535,Resolved,Low,Chat,Product setup,2023-07-06 06:48:03.000000,,Ready to use Software,Tier 1,Italy,43.036776,12.678565
2536,In progress,Low,Chat,Other,2023-07-06 23:49:27.000000,,Custom software development,Tier 1,Germany,51.165691,10.451526
2537,Closed,Medium,Chat,Product setup,2023-07-06 14:23:03.000000,2023-07-12 01:20:38.482,Custom software development,Tier 2,Italy,43.036776,12.678565
2539,Closed,Low,Email,Pricing and licensing,2023-07-06 17:22:22.000000,2023-07-11 12:01:42.997,Ready to use Software,Tier 1,Poland,52.536273,19.050639
2540,Resolved,Low,Email,Other,2023-07-06 05:26:59.000000,,Ready to use Software,Tier 1,Greece,39.368279,21.863141
2541,Closed,Low,Chat,Pricing and licensing,2023-07-06 20:59:58.000000,2023-07-09 12:33:55.698,Ready to use Software,Tier 2,Poland,52.536273,19.050639
2543,Closed,Low,Phone,Product setup,2023-07-06 12:04:13.000000,2023-07-13 14:00:33.532,Ready to use Software,Tier 1,Germany,51.165691,10.451526
2544,Closed,Medium,Email,Pricing and licensing,2023-07-06 18:05:11.000000,2023-07-10 04:29:21.115,Other,Tier 1,Spain,39.67337,-4.767726
2545,Closed,High,Chat,Bug report,2023-07-06 06:12:09.000000,2023-07-14 02:57:43.904,Custom software development,Tier 1,Poland,52.536273,19.050639
2546,Resolved,Low,Email,Feature request,2023-07-07 03:36:06.000000,,Ready to use Software,Tier 2,United Kingdom,55.378052,-3.435973
2547,Resolved,Low,Email,Feature request,2023-07-07 04:03:58.000000,,Custom software development,Tier 1,United Kingdom,55.378052,-3.435973
2548,Resolved,Medium,Email,Pricing and licensing,2023-07-07 17:22:46.000000,,Ready to use Software,Tier 2,Czech Republic,49.8037633,15.4749126
2549,Resolved,Medium,Chat,Pricing and licensing,2023-07-07 15:51:04.000000,,Ready to use Software,Tier 2,Italy,43.036776,12.678565
2550,In progress,Low,Chat,Product setup,2023-07-07 18:51:18.000000,,Ready to use Software,Tier 1,Italy,43.036776,12.678565
2551,Resolved,High,Email,Other,2023-07-07 16:22:32.000000,,Ready to use Software,Tier 1,France,48.864716,2.349014
2552,Closed,Low,Email,Product setup,2023-07-08 03:08:26.000000,2023-07-14 23:42:22.901,Training and Consulting Services,Tier 1,Germany,51.165691,10.451526
2553,Resolved,Low,Phone,Other,2023-07-08 02:58:06.000000,,Other,Tier 1,Spain,39.67337,-4.767726
2554,Resolved,High,Email,Bug report,2023-07-07 19:00:47.000000,,Custom software development,Tier 1,Spain,39.67337,-4.767726
2555,Closed,Low,Chat,Feature request,2023-07-07 14:28:20.000000,2023-07-10 22:32:37.181,Ready to use Software,Tier 2,France,48.864716,2.349014
2556,Resolved,Low,Phone,Bug report,2023-07-07 04:06:17.000000,,Custom software development,Tier 1,Germany,51.165691,10.451526
2557,Closed,Medium,Email,Product setup,2023-07-08 04:15:43.000000,2023-07-11 17:51:16.707,Ready to use Software,Tier 1,Italy,43.036776,12.678565
2558,Closed,Low,Chat,Purchasing and invoicing,2023-07-08 09:06:51.000000,2023-07-14 09:04:54.956,Other,Tier 1,Austria,47.6964719,13.3457347
2559,Closed,Medium,Chat,Product setup,2023-07-09 21:02:18.000000,2023-07-16 15:51:05.675,Ready to use Software,Tier 2,France,48.864716,2.349014
2566,Resolved,Low,Phone,Feature request,2023-07-09 18:19:39.000000,,Custom software development,Tier 1,Austria,47.6964719,13.3457347
2567,Resolved,Medium,Email,Pricing and licensing,2023-07-09 12:37:29.000000,,Ready to use Software,Tier 1,Czech Republic,49.8037633,15.4749126
2568,Resolved,Low,Email,Purchasing and invoicing,2023-07-10 02:06:34.000000,,Ready to use Software,Tier 1,Germany,51.165691,10.451526
2569,Closed,Low,Chat,Product setup,2023-07-10 10:08:41.000000,2023-07-16 13:38:04.157,Custom software development,Tier 2,United Kingdom,55.378052,-3.435973
2570,Resolved,Low,Email,Feature request,2023-07-10 23:01:46.000000,,Ready to use Software,Tier 2,Bulgaria,42.7249925,25.4833039
2571,Closed,Medium,Email,Training request,2023-07-10 22:34:35.000000,2023-07-16 12:51:27.014,Training and Consulting Services,Tier 1,Germany,51.165691,10.451526
2572,Closed,Low,Email,Product setup,2023-07-10 09:59:09.000000,2023-07-17 00:08:51.868,Ready to use Software,Tier 1,Bulgaria,42.7249925,25.4833039
2573,Resolved,Low,Chat,Training request,2023-07-10 18:32:40.000000,,Training and Consulting Services,Tier 2,Bulgaria,42.7249925,25.4833039
2574,Closed,Medium,Phone,Other,2023-07-10 08:02:53.000000,2023-07-12 19:20:55.194,Ready to use Software,Tier 1,Poland,52.536273,19.050639
2575,Closed,Medium,Email,Bug report,2023-07-10 08:15:42.000000,2023-07-13 08:40:12.343,Ready to use Software,Tier 1,Republic of Ireland,53.094024,-8.019675
2576,In progress,Low,Phone,Product setup,2023-07-10 21:17:26.000000,,Other,Tier 1,Republic of Ireland,53.094024,-8.019675
2577,Resolved,Medium,Chat,Feature request,2023-07-10 11:34:10.000000,,Ready to use Software,Tier 1,France,48.864716,2.349014
2578,Resolved,Medium,Chat,Feature request,2023-07-11 01:04:00.000000,,Other,Tier 2,United Kingdom,55.378052,-3.435973
2579,Resolved,Low,Email,Product setup,2023-07-10 11:54:18.000000,,Other,Tier 1,United Kingdom,55.378052,-3.435973
2580,Resolved,Medium,Email,Feature request,2023-07-10 15:07:20.000000,,Ready to use Software,Tier 1,Germany,51.165691,10.451526
2581,In progress,High,Chat,Training request,2023-07-11 14:05:38.000000,,Training and Consulting Services,Tier 1,Italy,43.036776,12.678565
2582,Resolved,Low,Email,Purchasing and invoicing,2023-07-11 09:02:47.000000,,Custom software development,Tier 2,Germany,51.165691,10.451526
2583,Closed,High,Chat,Purchasing and invoicing,2023-07-12 01:40:15.000000,2023-07-17 12:31:21.030,Other,Tier 1,Spain,39.67337,-4.767726
2584,Closed,Medium,Email,Purchasing and invoicing,2023-07-12 02:04:08.000000,2023-07-16 07:10:25.726,Other,Tier 2,France,48.864716,2.349014
2585,Closed,Low,Phone,Feature request,2023-07-11 04:09:17.000000,2023-07-14 03:59:10.802,Ready to use Software,Tier 1,Germany,51.165691,10.451526
2586,Resolved,Medium,Chat,Feature request,2023-07-11 05:59:56.000000,,Ready to use Software,Tier 1,Germany,51.165691,10.451526
2587,Closed,Low,Email,Bug report,2023-07-11 08:59:45.000000,2023-07-17 13:49:01.633,Custom software development,Tier 1,Poland,52.536273,19.050639
2588,In progress,Medium,Email,Product setup,2023-07-11 05:35:33.000000,,Custom software development,Tier 1,Slovenia,46.1491664,14.9860106
2589,Resolved,Low,Chat,Feature request,2023-07-11 07:05:44.000000,,Ready to use Software,Tier 1,Germany,51.165691,10.451526
2590,Closed,Medium,Email,Pricing and licensing,2023-07-12 20:05:06.000000,2023-07-18 09:59:39.404,Custom software development,Tier 1,France,48.864716,2.349014
2591,In progress,Low,Email,Purchasing and invoicing,2023-07-12 11:32:06.000000,,Ready to use Software,Tier 1,Germany,51.165691,10.451526
2592,Closed,Low,Chat,Product setup,2023-07-12 20:04:48.000000,2023-07-15 11:06:54.356,Ready to use Software,Tier 1,United Kingdom,55.378052,-3.435973
2593,Closed,Low,Chat,Pricing and licensing,2023-07-12 08:04:43.000000,2023-07-13 01:56:29.785,Ready to use Software,Tier 2,Italy,43.036776,12.678565
2594,In progress,Medium,Email,Purchasing and invoicing,2023-07-12 21:46:44.000000,,Ready to use Software,Tier 1,United Kingdom,55.378052,-3.435973
2595,Closed,Low,Chat,Pricing and licensing,2023-07-13 00:49:18.000000,2023-07-13 21:39:13.202,Ready to use Software,Tier 1,Poland,52.536273,19.050639
2596,Closed,Medium,Phone,Pricing and licensing,2023-07-13 01:28:34.000000,2023-07-19 21:28:29.482,Ready to use Software,Tier 1,Italy,43.036776,12.678565
2597,Closed,Medium,Chat,Feature request,2023-07-12 19:40:30.000000,2023-07-13 15:11:54.394,Ready to use Software,Tier 1,Slovenia,46.1491664,14.9860106
2598,Resolved,Low,Chat,Feature request,2023-07-12 21:30:29.000000,,Ready to use Software,Tier 1,United Kingdom,55.378052,-3.435973
2599,In progress,High,Phone,Product setup,2023-07-13 21:14:29.000000,,Training and Consulting Services,Tier 1,Germany,51.165691,10.451526
2600,Resolved,Medium,Phone,Pricing and licensing,2023-07-13 11:02:40.000000,,Custom software development,Tier 2,Poland,52.536273,19.050639
2601,Closed,Medium,Chat,Bug report,2023-07-13 11:09:10.000000,2023-07-18 19:56:34.668,Training and Consulting Services,Tier 1,United Kingdom,55.378052,-3.435973
2602,Closed,Medium,Chat,Pricing and licensing,2023-07-13 09:54:51.000000,2023-07-19 20:02:10.004,Ready to use Software,Tier 1,Bulgaria,42.7249925,25.4833039
2603,Resolved,Medium,Email,Purchasing and invoicing,2023-07-13 14:58:35.000000,,Ready to use Software,Tier 1,Poland,52.536273,19.050639
2604,In progress,High,Email,Other,2023-07-14 20:19:04.000000,,Ready to use Software,Tier 2,Poland,52.536273,19.050639
2605,Closed,Low,Chat,Feature request,2023-07-14 23:58:41.000000,2023-07-17 05:17:41.778,Other,Tier 2,Poland,52.536273,19.050639
2606,Closed,Medium,Chat,Pricing and licensing,2023-07-14 21:35:23.000000,2023-07-21 01:37:06.912,Custom software development,Tier 1,United Kingdom,55.378052,-3.435973
2607,Closed,Low,Chat,Feature request,2023-07-14 21:14:34.000000,2023-07-21 16:07:51.307,Ready to use Software,Tier 1,United Kingdom,55.378052,-3.435973
2608,Resolved,Low,Email,Product setup,2023-07-14 17:34:59.000000,,Custom software development,Tier 1,Slovenia,46.1491664,14.9860106
2610,In progress,Medium,Email,Product setup,2023-07-15 02:52:14.000000,,Training and Consulting Services,Tier 1,United Kingdom,55.378052,-3.435973
2611,Resolved,Low,Email,Pricing and licensing,2023-07-14 15:31:32.000000,,Ready to use Software,Tier 1,Greece,39.368279,21.863141
2612,Closed,Low,Chat,Feature request,2023-07-14 07:21:31.000000,2023-07-20 05:00:08.533,Ready to use Software,Tier 1,France,48.864716,2.349014
2613,Closed,Medium,Email,Purchasing and invoicing,2023-07-14 12:22:07.000000,2023-07-20 02:37:43.479,Other,Tier 1,United Kingdom,55.378052,-3.435973
2619,Resolved,Low,Email,Product setup,2023-07-15 16:50:12.000000,,Other,Tier 1,Italy,43.036776,12.678565
2620,In progress,Low,Email,Pricing and licensing,2023-07-15 18:25:25.000000,,Ready to use Software,Tier 1,Poland,52.536273,19.050639
2621,Closed,Low,Chat,Product setup,2023-07-16 03:31:21.000000,2023-07-21 16:05:18.772,Training and Consulting Services,Tier 2,Germany,51.165691,10.451526
2622,Closed,Medium,Email,Bug report,2023-07-17 01:55:32.000000,2023-07-18 09:45:01.850,Ready to use Software,Tier 1,Italy,43.036776,12.678565
2632,Closed,Medium,Chat,Other,2023-07-16 21:54:40.000000,2023-07-20 09:55:40.999,Custom software development,Tier 1,Italy,43.036776,12.678565
2633,Closed,Low,Email,Purchasing and invoicing,2023-07-17 16:33:06.000000,2023-07-21 14:49:03.678,Other,Tier 1,Slovenia,46.1491664,14.9860106
2634,In progress,Medium,Chat,Purchasing and invoicing,2023-07-17 17:46:45.000000,,Ready to use Software,Tier 1,Poland,52.536273,19.050639
2635,In progress,High,Email,Product setup,2023-07-17 13:30:38.000000,,Other,Tier 1,Greece,39.368279,21.863141
2636,Closed,Medium,Email,Product setup,2023-07-18 01:54:07.000000,2023-07-20 01:16:59.895,Ready to use Software,Tier 2,Italy,43.036776,12.678565
2637,Closed,Low,Email,Pricing and licensing,2023-07-17 08:29:36.000000,2023-07-23 09:05:39.259,Training and Consulting Services,Tier 2,Germany,51.165691,10.451526
2638,Closed,Low,Email,Product setup,2023-07-17 20:26:17.000000,2023-07-23 13:01:36.677,Training and Consulting Services,Tier 1,United Kingdom,55.378052,-3.435973
2639,In progress,Medium,Email,Product setup,2023-07-17 19:47:15.000000,,Training and Consulting Services,Tier 1,United Kingdom,55.378052,-3.435973
2640,In progress,Medium,Email,Other,2023-07-17 18:31:34.000000,,Ready to use Software,Tier 1,Republic of Ireland,53.094024,-8.019675
2641,Resolved,Low,Email,Pricing and licensing,2023-07-17 19:53:10.000000,,Ready to use Software,Tier 1,Italy,43.036776,12.678565
2642,Closed,Medium,Chat,Other,2023-07-18 06:49:14.000000,2023-07-25 08:57:18.579,Ready to use Software,Tier 1,Germany,51.165691,10.451526
2643,Resolved,Low,Email,Feature request,2023-07-18 18:57:27.000000,,Ready to use Software,Tier 1,Slovenia,46.1491664,14.9860106
2644,Closed,Medium,Chat,Purchasing and invoicing,2023-07-18 20:29:27.000000,2023-07-23 02:59:09.575,Custom software development,Tier 2,Germany,51.165691,10.451526
2645,Closed,Low,Email,Other,2023-07-18 17:46:00.000000,2023-07-25 18:34:12.694,Other,Tier 1,United Kingdom,55.378052,-3.435973
2646,Resolved,Low,Email,Product setup,2023-07-18 11:16:47.000000,,Custom software development,Tier 1,Germany,51.165691,10.451526
2647,Closed,Low,Email,Product setup,2023-07-18 21:01:00.000000,2023-07-22 19:14:44.089,Ready to use Software,Tier 1,Austria,47.6964719,13.3457347
2648,In progress,High,Email,Purchasing and invoicing,2023-07-18 08:21:06.000000,,Other,Tier 1,Italy,43.036776,12.678565
2649,In progress,Low,Email,Other,2023-07-18 09:16:14.000000,,Custom software development,Tier 2,Italy,43.036776,12.678565
2650,Closed,Low,Email,Pricing and licensing,2023-07-18 11:18:05.000000,2023-07-20 10:09:41.840,Ready to use Software,Tier 1,Republic of Ireland,53.094024,-8.019675
2651,In progress,Low,Chat,Product setup,2023-07-20 00:24:58.000000,,Custom software development,Tier 1,Spain,39.67337,-4.767726
2652,Closed,Low,Chat,Purchasing and invoicing,2023-07-19 07:50:42.000000,2023-07-22 16:39:31.439,Other,Tier 1,Germany,51.165691,10.451526
2653,Closed,High,Chat,Pricing and licensing,2023-07-19 04:38:21.000000,2023-07-25 16:26:57.289,Other,Tier 1,Austria,47.6964719,13.3457347
2654,Closed,Medium,Chat,Feature request,2023-07-19 08:58:14.000000,2023-07-20 09:53:23.879,Custom software development,Tier 2,Italy,43.036776,12.678565
2655,Resolved,High,Email,Product setup,2023-07-19 20:27:31.000000,,Ready to use Software,Tier 1,Czech Republic,49.8037633,15.4749126
2656,Closed,Low,Email,Pricing and licensing,2023-07-19 05:55:33.000000,2023-07-24 15:08:19.016,Ready to use Software,Tier 1,Italy,43.036776,12.678565
2657,Closed,High,Chat,Product setup,2023-07-19 15:40:11.000000,2023-07-21 18:06:29.524,Ready to use Software,Tier 1,Italy,43.036776,12.678565
2658,Resolved,Medium,Chat,Product setup,2023-07-19 11:01:23.000000,,Ready to use Software,Tier 1,Spain,39.67337,-4.767726
2659,Closed,Medium,Chat,Feature request,2023-07-20 01:29:08.000000,2023-07-23 15:52:20.897,Ready to use Software,Tier 2,France,48.864716,2.349014
2660,Resolved,Low,Chat,Product setup,2023-07-20 00:35:55.000000,,Ready to use Software,Tier 2,Spain,39.67337,-4.767726
2661,Closed,Low,Email,Product setup,2023-07-19 14:17:32.000000,2023-07-21 03:36:15.124,Ready to use Software,Tier 2,Poland,52.536273,19.050639
2662,Resolved,Low,Chat,Pricing and licensing,2023-07-20 09:38:45.000000,,Ready to use Software,Tier 2,Poland,52.536273,19.050639
2663,Closed,Low,Email,Training request,2023-07-20 13:57:06.000000,2023-07-25 10:09:06.983,Training and Consulting Services,Tier 1,France,48.864716,2.349014
2664,Resolved,Low,Email,Feature request,2023-07-20 11:52:58.000000,,Ready to use Software,Tier 1,Germany,51.165691,10.451526
2665,Resolved,Low,Email,Feature request,2023-07-21 03:02:26.000000,,Other,Tier 2,Poland,52.536273,19.050639
2667,Closed,Medium,Email,Pricing and licensing,2023-07-20 04:51:47.000000,2023-07-20 22:43:23.418,Custom software development,Tier 2,France,48.864716,2.349014
2669,Resolved,Medium,Email,Pricing and licensing,2023-07-20 09:31:42.000000,,Custom software development,Tier 1,Germany,51.165691,10.451526
2670,In progress,Medium,Email,Feature request,2023-07-20 12:29:44.000000,,Ready to use Software,Tier 1,Poland,52.536273,19.050639
2671,In progress,Low,Chat,Product setup,2023-07-20 14:48:21.000000,,Other,Tier 1,Greece,39.368279,21.863141
2672,Closed,Low,Chat,Product setup,2023-07-20 07:48:19.000000,2023-07-22 19:09:35.883,Custom software development,Tier 1,Austria,47.6964719,13.3457347
2673,Resolved,Medium,Email,Pricing and licensing,2023-07-20 19:35:25.000000,,Ready to use Software,Tier 2,Italy,43.036776,12.678565
2674,Resolved,Medium,Email,Other,2023-07-21 21:17:52.000000,,Training and Consulting Services,Tier 1,Greece,39.368279,21.863141
2675,Closed,Medium,Chat,Bug report,2023-07-21 08:14:58.000000,2023-07-25 12:09:47.533,Ready to use Software,Tier 1,Poland,52.536273,19.050639
2676,Resolved,Medium,Email,Product setup,2023-07-22 01:58:38.000000,,Custom software development,Tier 1,Germany,51.165691,10.451526
2677,Resolved,Low,Chat,Feature request,2023-07-22 03:58:59.000000,,Other,Tier 2,Germany,51.165691,10.451526
2678,Closed,Medium,Email,Pricing and licensing,2023-07-21 05:52:21.000000,2023-07-27 22:24:43.971,Other,Tier 1,United Kingdom,55.378052,-3.435973
2680,Resolved,Medium,Chat,Product setup,2023-07-21 12:59:53.000000,,Ready to use Software,Tier 2,Czech Republic,49.8037633,15.4749126
2681,Closed,High,Chat,Product setup,2023-07-22 13:55:59.000000,2023-07-28 20:18:59.707,Custom software development,Tier 1,Germany,51.165691,10.451526
2682,Closed,Low,Email,Product setup,2023-07-22 11:28:38.000000,2023-07-27 12:11:42.380,Ready to use Software,Tier 2,Greece,39.368279,21.863141
2683,Closed,Low,Chat,Feature request,2023-07-22 06:02:02.000000,2023-07-24 10:55:14.582,Ready to use Software,Tier 1,Italy,43.036776,12.678565
2694,Closed,Medium,Chat,Product setup,2023-07-23 12:50:08.000000,2023-07-24 22:50:43.901,Ready to use Software,Tier 1,Italy,43.036776,12.678565
2695,In progress,Medium,Chat,Product setup,2023-07-23 07:45:32.000000,,Ready to use Software,Tier 1,Republic of Ireland,53.094024,-8.019675
2696,Resolved,Low,Email,Bug report,2023-07-24 02:55:17.000000,,Other,Tier 2,Czech Republic,49.8037633,15.4749126
2697,Closed,High,Email,Product setup,2023-07-25 00:47:04.000000,2023-07-29 15:21:46.762,Ready to use Software,Tier 1,Italy,43.036776,12.678565
2698,Resolved,Medium,Email,Other,2023-07-25 03:11:01.000000,,Custom software development,Tier 1,Bulgaria,42.7249925,25.4833039
2699,In progress,Medium,Phone,Purchasing and invoicing,2023-07-24 12:12:56.000000,,Other,Tier 1,Greece,39.368279,21.863141
2700,In progress,Medium,Chat,Product setup,2023-07-24 09:12:30.000000,,Other,Tier 1,Italy,43.036776,12.678565
2701,Closed,High,Email,Product setup,2023-07-25 02:56:30.000000,2023-07-26 11:24:06.003,Custom software development,Tier 1,Poland,52.536273,19.050639
2702,Closed,Low,Chat,Purchasing and invoicing,2023-07-24 10:35:05.000000,2023-07-31 16:35:35.725,Ready to use Software,Tier 1,Germany,51.165691,10.451526
2703,Closed,Medium,Chat,Purchasing and invoicing,2023-07-24 09:17:06.000000,2023-07-30 13:21:17.362,Ready to use Software,Tier 2,Slovenia,46.1491664,14.9860106
2704,Closed,Low,Email,Purchasing and invoicing,2023-07-24 23:22:39.000000,2023-07-31 01:21:00.096,Other,Tier 1,Czech Republic,49.8037633,15.4749126
2705,Closed,High,Email,Feature request,2023-07-25 23:01:01.000000,2023-07-27 14:50:00.729,Ready to use Software,Tier 2,Poland,52.536273,19.050639
2706,In progress,Medium,Phone,Pricing and licensing,2023-07-25 09:19:24.000000,,Ready to use Software,Tier 1,Poland,52.536273,19.050639
2707,In progress,High,Chat,Other,2023-07-25 12:24:38.000000,,Custom software development,Tier 1,Spain,39.67337,-4.767726
2708,Resolved,Medium,Chat,Feature request,2023-07-25 14:09:51.000000,,Ready to use Software,Tier 1,Republic of Ireland,53.094024,-8.019675
2709,Resolved,Medium,Email,Purchasing and invoicing,2023-07-25 16:41:56.000000,,Ready to use Software,Tier 1,Germany,51.165691,10.451526
2710,Closed,Low,Chat,Bug report,2023-07-25 20:03:58.000000,2023-08-01 07:45:53.717,Ready to use Software,Tier 1,Germany,51.165691,10.451526
2711,Closed,Medium,Chat,Training request,2023-07-26 02:00:01.000000,2023-08-01 04:43:54.363,Training and Consulting Services,Tier 1,United Kingdom,55.378052,-3.435973
2712,Closed,Medium,Phone,Pricing and licensing,2023-07-26 09:17:19.000000,2023-07-30 20:43:46.520,Ready to use Software,Tier 2,Slovenia,46.1491664,14.9860106
2713,Resolved,Low,Chat,Other,2023-07-26 21:48:10.000000,,Custom software development,Tier 1,Slovenia,46.1491664,14.9860106
2714,In progress,Medium,Email,Pricing and licensing,2023-07-26 21:37:56.000000,,Training and Consulting Services,Tier 1,United Kingdom,55.378052,-3.435973
2715,Closed,Low,Chat,Pricing and licensing,2023-07-26 15:56:52.000000,2023-07-28 19:06:53.101,Other,Tier 1,Germany,51.165691,10.451526
2716,In progress,Low,Email,Product setup,2023-07-26 10:23:09.000000,,Training and Consulting Services,Tier 1,Poland,52.536273,19.050639
2717,Closed,Low,Email,Product setup,2023-07-26 14:12:34.000000,2023-07-28 01:29:49.942,Custom software development,Tier 2,United Kingdom,55.378052,-3.435973
2718,Resolved,Medium,Email,Purchasing and invoicing,2023-07-26 14:23:04.000000,,Ready to use Software,Tier 1,Bulgaria,42.7249925,25.4833039
2719,In progress,Low,Email,Purchasing and invoicing,2023-07-26 18:24:32.000000,,Custom software development,Tier 2,Spain,39.67337,-4.767726
2720,Resolved,Medium,Email,Product setup,2023-07-27 16:52:28.000000,,Ready to use Software,Tier 1,Greece,39.368279,21.863141
2721,Closed,Low,Phone,Product setup,2023-07-27 21:15:18.000000,2023-08-01 14:58:28.683,Custom software development,Tier 1,Bulgaria,42.7249925,25.4833039
2722,Closed,Low,Chat,Training request,2023-07-28 02:45:55.000000,2023-08-01 18:52:59.467,Training and Consulting Services,Tier 1,Poland,52.536273,19.050639
2723,Resolved,Medium,Email,Bug report,2023-07-28 01:40:02.000000,,Training and Consulting Services,Tier 1,Italy,43.036776,12.678565
2724,Closed,High,Chat,Pricing and licensing,2023-07-27 05:06:34.000000,2023-08-02 15:04:47.352,Custom software development,Tier 1,Italy,43.036776,12.678565
2725,Resolved,Low,Email,Feature request,2023-07-28 14:17:18.000000,,Custom software development,Tier 1,United Kingdom,55.378052,-3.435973
2726,Closed,High,Email,Product setup,2023-07-28 20:21:54.000000,2023-08-04 08:24:01.624,Custom software development,Tier 1,Germany,51.165691,10.451526
2728,Resolved,Low,Email,Product setup,2023-07-28 08:55:49.000000,,Custom software development,Tier 1,France,48.864716,2.349014
2729,Closed,Medium,Chat,Feature request,2023-07-28 09:07:43.000000,2023-08-03 14:05:50.724,Ready to use Software,Tier 1,Slovenia,46.1491664,14.9860106
2730,Resolved,Low,Chat,Purchasing and invoicing,2023-07-28 07:03:13.000000,,Other,Tier 1,France,48.864716,2.349014
2731,Resolved,High,Email,Purchasing and invoicing,2023-07-29 20:35:02.000000,,Ready to use Software,Tier 1,Italy,43.036776,12.678565
2732,Closed,Medium,Email,Pricing and licensing,2023-07-29 20:26:33.000000,2023-08-05 04:10:26.338,Custom software development,Tier 1,Republic of Ireland,53.094024,-8.019675
2734,Closed,Low,Chat,Other,2023-07-29 16:07:53.000000,2023-07-31 13:08:28.120,Other,Tier 1,Slovenia,46.1491664,14.9860106
2746,Resolved,High,Chat,Other,2023-07-30 04:43:24.000000,,Other,Tier 1,France,48.864716,2.349014
2748,Closed,Low,Email,Other,2023-07-31 01:40:00.000000,2023-08-02 13:24:01.615,Ready to use Software,Tier 1,Slovenia,46.1491664,14.9860106
2749,Closed,Low,Email,Bug report,2023-07-30 15:52:27.000000,2023-08-01 13:58:15.563,Custom software development,Tier 1,Slovenia,46.1491664,14.9860106
2750,In progress,Medium,Email,Product setup,2023-08-01 01:21:00.000000,,Other,Tier 2,Slovenia,46.1491664,14.9860106
2751,Resolved,Medium,Chat,Pricing and licensing,2023-07-31 04:14:49.000000,,Custom software development,Tier 1,Czech Republic,49.8037633,15.4749126
2752,Closed,High,Chat,Training request,2023-07-31 13:46:25.000000,2023-08-02 01:43:01.374,Training and Consulting Services,Tier 1,Slovenia,46.1491664,14.9860106
2753,Resolved,Low,Chat,Product setup,2023-07-31 23:50:06.000000,,Ready to use Software,Tier 1,Czech Republic,49.8037633,15.4749126
2754,Closed,Medium,Email,Product setup,2023-07-31 08:29:20.000000,2023-08-01 00:57:22.721,Custom software development,Tier 2,Spain,39.67337,-4.767726
2755,Closed,Low,Email,Purchasing and invoicing,2023-07-31 23:38:58.000000,2023-08-07 12:46:49.823,Ready to use Software,Tier 1,Austria,47.6964719,13.3457347
2756,Closed,High,Email,Product setup,2023-07-31 19:54:19.000000,2023-08-06 13:21:19.358,Training and Consulting Services,Tier 1,Greece,39.368279,21.863141
2757,Closed,Medium,Chat,Other,2023-07-31 19:07:17.000000,2023-08-04 10:55:42.654,Custom software development,Tier 1,Germany,51.165691,10.451526
2758,Closed,Low,Chat,Pricing and licensing,2023-07-31 23:18:02.000000,2023-08-02 06:48:03.850,Ready to use Software,Tier 1,Poland,52.536273,19.050639
2759,Resolved,Low,Email,Bug report,2023-07-31 22:58:53.000000,,Ready to use Software,Tier 1,United Kingdom,55.378052,-3.435973
2760,Closed,Medium,Chat,Pricing and licensing,2023-07-31 12:56:35.000000,2023-08-02 18:00:27.609,Ready to use Software,Tier 1,Poland,52.536273,19.050639
2761,Closed,Low,Email,Purchasing and invoicing,2023-07-31 13:43:34.000000,2023-08-02 14:35:33.322,Other,Tier 1,Bulgaria,42.7249925,25.4833039
2762,Closed,Low,Chat,Feature request,2023-08-01 08:34:57.000000,2023-08-07 09:34:59.036,Ready to use Software,Tier 1,United Kingdom,55.378052,-3.435973
2763,Resolved,Medium,Chat,Feature request,2023-08-01 19:29:12.000000,,Other,Tier 2,Poland,52.536273,19.050639
2764,Resolved,Low,Email,Product setup,2023-08-02 00:01:50.000000,,Other,Tier 1,France,48.864716,2.349014
2765,In progress,High,Email,Product setup,2023-08-01 15:55:41.000000,,Other,Tier 1,Italy,43.036776,12.678565
2766,Resolved,Low,Email,Pricing and licensing,2023-08-01 07:21:52.000000,,Custom software development,Tier 1,Greece,39.368279,21.863141
2768,Closed,Medium,Email,Feature request,2023-08-01 08:44:54.000000,2023-08-08 22:10:31.274,Custom software development,Tier 2,Austria,47.6964719,13.3457347
2769,Closed,Medium,Email,Bug report,2023-08-02 11:41:06.000000,2023-08-05 19:42:21.011,Custom software development,Tier 2,Poland,52.536273,19.050639
2771,Resolved,Medium,Email,Pricing and licensing,2023-08-02 15:18:10.000000,,Ready to use Software,Tier 2,Republic of Ireland,53.094024,-8.019675
2772,Closed,Low,Email,Pricing and licensing,2023-08-02 11:31:31.000000,2023-08-05 18:31:39.120,Ready to use Software,Tier 1,Spain,39.67337,-4.767726
2774,Closed,Low,Email,Product setup,2023-08-02 22:06:52.000000,2023-08-08 14:25:49.048,Custom software development,Tier 2,Spain,39.67337,-4.767726
2775,Closed,Low,Phone,Pricing and licensing,2023-08-03 01:53:43.000000,2023-08-09 04:16:31.843,Ready to use Software,Tier 1,Slovenia,46.1491664,14.9860106
2776,Closed,Medium,Chat,Bug report,2023-08-02 06:37:15.000000,2023-08-02 18:27:32.360,Training and Consulting Services,Tier 1,United Kingdom,55.378052,-3.435973
2777,Resolved,Medium,Email,Pricing and licensing,2023-08-02 20:20:43.000000,,Ready to use Software,Tier 1,Italy,43.036776,12.678565
2778,Resolved,High,Email,Purchasing and invoicing,2023-08-02 19:53:02.000000,,Other,Tier 1,Italy,43.036776,12.678565
2779,In progress,Medium,Phone,Product setup,2023-08-04 02:39:29.000000,,Ready to use Software,Tier 1,Austria,47.6964719,13.3457347
2780,Closed,High,Email,Feature request,2023-08-03 22:46:36.000000,2023-08-10 00:52:20.116,Ready to use Software,Tier 2,Poland,52.536273,19.050639
2781,Resolved,High,Chat,Bug report,2023-08-03 04:14:42.000000,,Custom software development,Tier 2,Germany,51.165691,10.451526
2782,Resolved,High,Phone,Product setup,2023-08-03 19:31:59.000000,,Custom software development,Tier 2,France,48.864716,2.349014
2783,Resolved,Low,Email,Purchasing and invoicing,2023-08-03 18:52:35.000000,,Custom software development,Tier 1,France,48.864716,2.349014
2784,Closed,Medium,Chat,Feature request,2023-08-03 16:37:19.000000,2023-08-07 16:16:38.332,Ready to use Software,Tier 2,Italy,43.036776,12.678565
2785,Closed,Medium,Phone,Product setup,2023-08-04 01:38:26.000000,2023-08-06 03:11:46.428,Custom software development,Tier 2,United Kingdom,55.378052,-3.435973
2786,In progress,Medium,Chat,Pricing and licensing,2023-08-04 01:33:45.000000,,Ready to use Software,Tier 1,Germany,51.165691,10.451526
2787,Resolved,Low,Phone,Feature request,2023-08-04 16:43:41.000000,,Ready to use Software,Tier 1,France,48.864716,2.349014
2788,Closed,Low,Chat,Feature request,2023-08-04 08:37:32.000000,2023-08-06 09:11:39.180,Ready to use Software,Tier 2,Italy,43.036776,12.678565
2789,In progress,High,Email,Product setup,2023-08-04 22:15:36.000000,,Other,Tier 1,Greece,39.368279,21.863141
2790,Closed,Medium,Email,Product setup,2023-08-04 07:20:18.000000,2023-08-06 10:58:58.084,Ready to use Software,Tier 1,Italy,43.036776,12.678565
2791,Resolved,High,Email,Pricing and licensing,2023-08-04 05:50:35.000000,,Training and Consulting Services,Tier 1,France,48.864716,2.349014
2792,Closed,Low,Phone,Bug report,2023-08-05 04:41:24.000000,2023-08-08 14:15:07.464,Ready to use Software,Tier 1,Italy,43.036776,12.678565
2793,Closed,Medium,Email,Other,2023-08-05 06:24:07.000000,2023-08-09 07:05:35.386,Custom software development,Tier 1,United Kingdom,55.378052,-3.435973
2794,Closed,Medium,Chat,Product setup,2023-08-05 05:58:57.000000,2023-08-07 04:33:12.520,Training and Consulting Services,Tier 1,Poland,52.536273,19.050639
2806,Closed,Low,Email,Feature request,2023-08-06 15:09:06.000000,2023-08-11 12:07:36.071,Ready to use Software,Tier 1,Italy,43.036776,12.678565
2807,Resolved,High,Email,Other,2023-08-06 16:50:33.000000,,Custom software development,Tier 1,Slovenia,46.1491664,14.9860106
2808,Resolved,High,Email,Bug report,2023-08-06 14:37:40.000000,,Custom software development,Tier 1,United Kingdom,55.378052,-3.435973
2809,Closed,Low,Email,Purchasing and invoicing,2023-08-06 17:52:11.000000,2023-08-09 03:06:20.859,Ready to use Software,Tier 1,Czech Republic,49.8037633,15.4749126
2810,Closed,Low,Email,Product setup,2023-08-06 21:58:30.000000,2023-08-12 10:43:08.520,Other,Tier 1,Czech Republic,49.8037633,15.4749126
2811,Closed,Low,Email,Pricing and licensing,2023-08-06 17:38:15.000000,2023-08-12 04:10:51.545,Ready to use Software,Tier 1,France,48.864716,2.349014
2812,Resolved,High,Email,Purchasing and invoicing,2023-08-07 16:46:44.000000,,Other,Tier 1,Bulgaria,42.7249925,25.4833039
2813,In progress,Low,Email,Bug report,2023-08-07 15:15:32.000000,,Other,Tier 2,Germany,51.165691,10.451526
2814,Resolved,Low,Email,Training request,2023-08-07 23:44:12.000000,,Training and Consulting Services,Tier 1,Germany,51.165691,10.451526
2815,Closed,Low,Email,Feature request,2023-08-08 03:34:02.000000,2023-08-14 04:06:37.880,Ready to use Software,Tier 1,Poland,52.536273,19.050639
2816,In progress,Medium,Chat,Bug report,2023-08-07 19:10:55.000000,,Custom software development,Tier 1,Slovenia,46.1491664,14.9860106
2817,Closed,Medium,Email,Purchasing and invoicing,2023-08-08 02:29:00.000000,2023-08-13 02:53:13.232,Ready to use Software,Tier 1,France,48.864716,2.349014
2818,Closed,Low,Email,Purchasing and invoicing,2023-08-08 13:40:50.000000,2023-08-12 00:48:55.109,Training and Consulting Services,Tier 1,Poland,52.536273,19.050639
2819,Resolved,Low,Phone,Purchasing and invoicing,2023-08-09 01:09:26.000000,,Ready to use Software,Tier 1,Bulgaria,42.7249925,25.4833039
2820,Resolved,Medium,Chat,Other,2023-08-09 02:35:28.000000,,Custom software development,Tier 1,Bulgaria,42.7249925,25.4833039
2821,Closed,Medium,Chat,Training request,2023-08-08 04:50:57.000000,2023-08-12 10:47:21.383,Training and Consulting Services,Tier 1,Poland,52.536273,19.050639
2822,Closed,Low,Phone,Product setup,2023-08-08 11:51:46.000000,2023-08-12 05:19:18.504,Training and Consulting Services,Tier 1,Italy,43.036776,12.678565
2823,Closed,High,Email,Feature request,2023-08-08 05:22:34.000000,2023-08-09 14:29:58.979,Ready to use Software,Tier 2,Germany,51.165691,10.451526
2824,Closed,Low,Email,Purchasing and invoicing,2023-08-08 09:42:37.000000,2023-08-10 16:25:26.289,Ready to use Software,Tier 1,Slovenia,46.1491664,14.9860106
2825,Resolved,Medium,Chat,Product setup,2023-08-10 00:32:09.000000,,Ready to use Software,Tier 1,Italy,43.036776,12.678565
2826,In progress,Medium,Email,Pricing and licensing,2023-08-09 12:55:35.000000,,Custom software development,Tier 1,Slovenia,46.1491664,14.9860106
2827,Resolved,High,Email,Bug report,2023-08-09 15:05:57.000000,,Custom software development,Tier 1,Spain,39.67337,-4.767726
2828,Closed,Low,Email,Feature request,2023-08-09 21:25:41.000000,2023-08-16 19:31:27.310,Other,Tier 2,Italy,43.036776,12.678565
2829,Resolved,High,Chat,Pricing and licensing,2023-08-09 10:58:57.000000,,Ready to use Software,Tier 1,Republic of Ireland,53.094024,-8.019675
2830,Closed,Low,Chat,Feature request,2023-08-09 13:11:08.000000,2023-08-11 22:56:17.620,Custom software development,Tier 1,France,48.864716,2.349014
2831,Resolved,High,Chat,Bug report,2023-08-09 21:11:17.000000,,Custom software development,Tier 2,Bulgaria,42.7249925,25.4833039
2832,In progress,Low,Email,Bug report,2023-08-09 07:50:28.000000,,Custom software development,Tier 2,United Kingdom,55.378052,-3.435973
2833,Closed,Low,Email,Product setup,2023-08-09 04:29:00.000000,2023-08-15 12:47:52.166,Ready to use Software,Tier 2,Czech Republic,49.8037633,15.4749126
2834,Closed,Low,Phone,Other,2023-08-10 22:52:16.000000,2023-08-16 01:53:00.783,Ready to use Software,Tier 2,Spain,39.67337,-4.767726
2835,In progress,High,Email,Other,2023-08-11 00:17:52.000000,,Ready to use Software,Tier 2,Bulgaria,42.7249925,25.4833039
2836,Closed,Low,Email,Purchasing and invoicing,2023-08-11 02:15:02.000000,2023-08-16 00:10:37.934,Custom software development,Tier 1,Germany,51.165691,10.451526
2837,Resolved,Medium,Email,Pricing and Licensing,2023-08-11 20:51:17.000000,,Custom software development,Tier 1,Republic of Ireland,53.094024,-8.019675
2838,Closed,Medium,Phone,Purchasing and invoicing,2023-08-11 08:48:56.000000,2023-08-15 12:39:56.599,Training and Consulting Services,Tier 1,Greece,39.368279,21.863141
2839,Closed,Medium,Email,Feature request,2023-08-12 03:20:44.000000,2023-08-18 16:42:54.276,Ready to use Software,Tier 1,Czech Republic,49.8037633,15.4749126
2840,Closed,Low,Chat,Product setup,2023-08-12 03:26:09.000000,2023-08-12 10:28:14.148,Other,Tier 1,Germany,51.165691,10.451526
2841,Closed,High,Chat,Purchasing and invoicing,2023-08-11 19:00:10.000000,2023-08-13 14:00:56.283,Ready to use Software,Tier 1,Poland,52.536273,19.050639
2842,Closed,High,Email,Purchasing and invoicing,2023-08-12 12:58:38.000000,2023-08-18 09:54:19.810,Custom software development,Tier 1,Greece,39.368279,21.863141
2843,In progress,Medium,Email,Feature request,2023-08-12 08:28:51.000000,,Other,Tier 2,Republic of Ireland,53.094024,-8.019675
2844,Closed,Medium,Chat,Purchasing and invoicing,2023-08-12 18:25:33.000000,2023-08-15 06:22:47.587,Ready to use Software,Tier 2,France,48.864716,2.349014
2845,In progress,Low,Phone,Feature request,2023-08-12 05:08:42.000000,,Ready to use Software,Tier 1,Germany,51.165691,10.451526
2855,Closed,High,Chat,Feature request,2023-08-13 08:29:18.000000,2023-08-16 06:55:33.130,Ready to use Software,Tier 1,Greece,39.368279,21.863141
2856,Closed,Low,Email,Pricing and licensing,2023-08-14 17:58:32.000000,2023-08-16 21:00:03.001,Ready to use Software,Tier 2,Bulgaria,42.7249925,25.4833039
2857,Closed,Medium,Email,Feature request,2023-08-14 23:11:08.000000,2023-08-19 17:00:57.430,Other,Tier 2,Italy,43.036776,12.678565
2858,Closed,High,Email,Product setup,2023-08-14 11:57:39.000000,2023-08-17 15:55:35.506,Ready to use Software,Tier 2,Italy,43.036776,12.678565
2859,Closed,Low,Chat,Bug report,2023-08-14 20:56:36.000000,2023-08-16 14:56:40.595,Training and Consulting Services,Tier 1,Germany,51.165691,10.451526
2860,Resolved,Medium,Chat,Other,2023-08-14 20:34:25.000000,,Other,Tier 1,Austria,47.6964719,13.3457347
2861,Resolved,Low,Email,Other,2023-08-14 16:56:01.000000,,Other,Tier 1,Slovenia,46.1491664,14.9860106
2862,In progress,Medium,Email,Feature request,2023-08-14 06:02:34.000000,,Ready to use Software,Tier 1,Germany,51.165691,10.451526
2863,Closed,Medium,Phone,Pricing and Licensing,2023-08-15 01:53:06.000000,2023-08-17 23:43:57.123,Custom software development,Tier 1,Poland,52.536273,19.050639
2864,Resolved,High,Phone,Pricing and licensing,2023-08-14 20:03:00.000000,,Ready to use Software,Tier 1,Greece,39.368279,21.863141
2865,Closed,Low,Email,Product setup,2023-08-15 10:38:25.000000,2023-08-18 21:42:14.769,Ready to use Software,Tier 1,Spain,39.67337,-4.767726
2866,Closed,Low,Email,Feature request,2023-08-16 00:32:14.000000,2023-08-21 01:06:32.909,Ready to use Software,Tier 2,Italy,43.036776,12.678565
2867,In progress,Low,Phone,Pricing and Licensing,2023-08-15 23:42:47.000000,,Custom software development,Tier 1,Austria,47.6964719,13.3457347
2868,Resolved,Low,Email,Training request,2023-08-16 02:59:05.000000,,Training and Consulting Services,Tier 1,Poland,52.536273,19.050639
2869,Resolved,Low,Email,Other,2023-08-15 10:18:13.000000,,Other,Tier 1,Italy,43.036776,12.678565
2870,Closed,High,Phone,Pricing and licensing,2023-08-16 01:06:22.000000,2023-08-20 17:14:14.090,Custom software development,Tier 1,Germany,51.165691,10.451526
2871,Closed,High,Email,Feature request,2023-08-15 11:04:55.000000,2023-08-20 15:29:58.527,Ready to use Software,Tier 1,Greece,39.368279,21.863141
2872,In progress,Medium,Email,Pricing and licensing,2023-08-16 01:39:32.000000,,Ready to use Software,Tier 1,Greece,39.368279,21.863141
2873,Closed,Low,Email,Product setup,2023-08-15 06:44:06.000000,2023-08-17 05:40:40.569,Ready to use Software,Tier 1,Poland,52.536273,19.050639
2874,In progress,Medium,Phone,Product setup,2023-08-15 06:20:17.000000,,Training and Consulting Services,Tier 2,Poland,52.536273,19.050639
2875,Resolved,Low,Chat,Purchasing and invoicing,2023-08-15 10:57:33.000000,,Ready to use Software,Tier 1,Slovenia,46.1491664,14.9860106
2876,Closed,Medium,Email,Purchasing and invoicing,2023-08-16 02:36:53.000000,2023-08-23 16:02:43.299,Ready to use Software,Tier 1,Germany,51.165691,10.451526
2877,Resolved,Low,Email,Pricing and Licensing,2023-08-16 02:21:29.000000,,Custom software development,Tier 1,Poland,52.536273,19.050639
2878,Closed,Low,Chat,Feature request,2023-08-15 06:33:23.000000,2023-08-22 02:41:29.058,Other,Tier 2,Bulgaria,42.7249925,25.4833039
2879,Closed,Low,Phone,Pricing and Licensing,2023-08-16 02:12:35.000000,2023-08-19 19:40:32.289,Custom software development,Tier 1,Republic of Ireland,53.094024,-8.019675
2881,Closed,High,Email,Purchasing and invoicing,2023-08-16 22:24:27.000000,2023-08-22 21:51:13.864,Custom software development,Tier 1,Republic of Ireland,53.094024,-8.019675
2883,In progress,Medium,Email,Pricing and licensing,2023-08-16 06:17:56.000000,,Ready to use Software,Tier 1,Republic of Ireland,53.094024,-8.019675
2885,In progress,Medium,Email,Bug report,2023-08-16 07:47:10.000000,,Training and Consulting Services,Tier 2,Slovenia,46.1491664,14.9860106
2886,Resolved,Low,Chat,Bug report,2023-08-16 20:29:03.000000,,Ready to use Software,Tier 2,Italy,43.036776,12.678565
2887,Closed,High,Email,Feature request,2023-08-17 09:41:13.000000,2023-08-20 08:31:22.522,Other,Tier 2,Poland,52.536273,19.050639
2888,In progress,Medium,Chat,Purchasing and invoicing,2023-08-17 14:40:47.000000,,Custom software development,Tier 1,Poland,52.536273,19.050639
2889,In progress,Low,Chat,Feature request,2023-08-17 19:50:32.000000,,Custom software development,Tier 1,United Kingdom,55.378052,-3.435973
2890,In progress,Low,Chat,Pricing and Licensing,2023-08-17 11:17:22.000000,,Custom software development,Tier 1,Italy,43.036776,12.678565
2891,Closed,Medium,Chat,Pricing and licensing,2023-08-17 18:57:40.000000,2023-08-24 03:05:40.778,Training and Consulting Services,Tier 1,France,48.864716,2.349014
2892,Closed,Medium,Email,Product setup,2023-08-19 00:56:43.000000,2023-08-24 05:49:50.521,Ready to use Software,Tier 1,France,48.864716,2.349014
2893,Resolved,Low,Email,Pricing and Licensing,2023-08-18 06:50:04.000000,,Custom software development,Tier 1,Greece,39.368279,21.863141
2894,Resolved,Low,Email,Pricing and licensing,2023-08-19 02:39:00.000000,,Custom software development,Tier 1,Italy,43.036776,12.678565
2896,Resolved,Medium,Email,Pricing and Licensing,2023-08-19 00:57:09.000000,,Custom software development,Tier 1,Czech Republic,49.8037633,15.4749126
2897,Resolved,High,Chat,Purchasing and invoicing,2023-08-19 03:15:59.000000,,Ready to use Software,Tier 1,Bulgaria,42.7249925,25.4833039
2899,Closed,Low,Email,Product setup,2023-08-18 22:46:47.000000,2023-08-24 23:39:51.001,Ready to use Software,Tier 1,United Kingdom,55.378052,-3.435973
2900,Resolved,Low,Email,Pricing and licensing,2023-08-19 19:51:41.000000,,Ready to use Software,Tier 1,United Kingdom,55.378052,-3.435973
2901,Closed,Low,Email,Pricing and licensing,2023-08-19 14:37:55.000000,2023-08-22 12:21:58.690,Ready to use Software,Tier 1,Germany,51.165691,10.451526
2912,In progress,Medium,Email,Other,2023-08-20 04:54:54.000000,,Ready to use Software,Tier 1,Poland,52.536273,19.050639
2913,Closed,Medium,Email,Purchasing and invoicing,2023-08-21 06:02:11.000000,2023-08-25 23:52:14.552,Other,Tier 1,Poland,52.536273,19.050639
2914,Closed,Low,Chat,Product setup,2023-08-21 09:14:23.000000,2023-08-22 11:42:01.925,Training and Consulting Services,Tier 1,Greece,39.368279,21.863141
2915,Resolved,Medium,Email,Product setup,2023-08-21 14:03:05.000000,,Training and Consulting Services,Tier 1,Czech Republic,49.8037633,15.4749126
1618,Closed,Medium,Email,Product setup,2023-03-17 06:32:50.000000,2023-03-24 05:48:54.840,Ready to use Software,Tier 1,Italy,43.036776,12.678565
1619,Resolved,Low,Email,Product setup,2023-03-17 14:58:28.000000,,Other,Tier 1,Austria,47.6964719,13.3457347
1626,Resolved,High,Email,Feature request,2023-03-18 04:21:14.000000,,Ready to use Software,Tier 1,Germany,51.165691,10.451526
1627,Closed,Low,Email,Product setup,2023-03-18 10:34:51.000000,2023-03-21 06:40:49.149,Training and Consulting Services,Tier 1,Bulgaria,42.7249925,25.4833039
1628,Resolved,High,Email,Bug report,2023-03-18 12:08:35.000000,,Ready to use Software,Tier 1,Czech Republic,49.8037633,15.4749126
1629,Closed,Low,Chat,Feature request,2023-03-19 03:00:11.000000,2023-03-25 06:09:45.781,Custom software development,Tier 1,Slovenia,46.1491664,14.9860106
1630,Resolved,Low,Phone,Feature request,2023-03-18 12:59:42.000000,,Ready to use Software,Tier 1,Slovenia,46.1491664,14.9860106
1631,In progress,Low,Phone,Product setup,2023-03-19 22:00:21.000000,,Ready to use Software,Tier 1,Poland,52.536273,19.050639
1632,Resolved,Low,Email,Feature request,2023-03-20 01:00:31.000000,,Custom software development,Tier 1,Germany,51.165691,10.451526
1633,Closed,High,Email,Purchasing and invoicing,2023-03-19 18:00:56.000000,2023-03-23 01:20:44.488,Training and Consulting Services,Tier 1,United Kingdom,55.378052,-3.435973
1634,Closed,Medium,Chat,Other,2023-03-20 02:55:52.000000,2023-03-22 02:25:45.004,Ready to use Software,Tier 1,Bulgaria,42.7249925,25.4833039
1635,Closed,Medium,Email,Pricing and licensing,2023-03-20 02:09:59.000000,2023-03-22 08:18:02.024,Ready to use Software,Tier 1,Greece,39.368279,21.863141
1636,Closed,Low,Chat,Product setup,2023-03-20 02:50:17.000000,2023-03-24 23:58:48.694,Custom software development,Tier 1,Greece,39.368279,21.863141
1637,In progress,Low,Phone,Product setup,2023-03-19 16:53:48.000000,,Custom software development,Tier 1,Italy,43.036776,12.678565
1638,Closed,Medium,Email,Feature request,2023-03-20 17:23:05.000000,2023-03-26 14:19:09.243,Ready to use Software,Tier 1,Poland,52.536273,19.050639
1639,In progress,Low,Email,Feature request,2023-03-20 23:10:24.000000,,Other,Tier 2,Germany,51.165691,10.451526
1640,Resolved,High,Phone,Product setup,2023-03-20 11:20:34.000000,,Custom software development,Tier 1,Slovenia,46.1491664,14.9860106
1641,Resolved,Medium,Email,Product setup,2023-03-21 02:27:49.000000,,Other,Tier 1,Slovenia,46.1491664,14.9860106
1642,Closed,Low,Phone,Product setup,2023-03-20 20:27:35.000000,2023-03-21 15:47:51.601,Training and Consulting Services,Tier 2,United Kingdom,55.378052,-3.435973
1643,Closed,Low,Chat,Product setup,2023-03-21 01:49:15.000000,2023-03-27 06:31:49.859,Custom software development,Tier 1,Spain,39.67337,-4.767726
1644,Closed,Low,Email,Feature request,2023-03-20 05:25:09.000000,2023-03-23 16:14:20.275,Other,Tier 1,Spain,39.67337,-4.767726
1645,Closed,Medium,Email,Bug report,2023-03-20 22:36:23.000000,2023-03-25 15:04:25.169,Ready to use Software,Tier 1,United Kingdom,55.378052,-3.435973
1646,Closed,Low,Email,Purchasing and invoicing,2023-03-21 23:11:31.000000,2023-03-25 05:06:59.698,Custom software development,Tier 1,France,48.864716,2.349014
1647,Closed,Low,Chat,Feature request,2023-03-21 04:03:07.000000,2023-03-22 00:08:10.747,Ready to use Software,Tier 2,Poland,52.536273,19.050639
1648,Closed,High,Phone,Product setup,2023-03-21 12:43:34.000000,2023-03-27 20:18:22.233,Ready to use Software,Tier 2,Germany,51.165691,10.451526
1649,Resolved,Low,Chat,Training request,2023-03-21 14:42:02.000000,,Training and Consulting Services,Tier 1,Italy,43.036776,12.678565
1650,In progress,Medium,Email,Other,2023-03-22 08:26:56.000000,,Ready to use Software,Tier 1,France,48.864716,2.349014
1651,Resolved,Low,Email,Feature request,2023-03-22 04:13:36.000000,,Other,Tier 1,Greece,39.368279,21.863141
1652,Closed,Medium,Chat,Feature request,2023-03-22 09:00:47.000000,2023-03-28 02:56:13.924,Custom software development,Tier 2,Austria,47.6964719,13.3457347
1653,Resolved,Medium,Email,Product setup,2023-03-22 05:30:24.000000,,Training and Consulting Services,Tier 1,Greece,39.368279,21.863141
1654,Closed,High,Email,Product setup,2023-03-22 11:55:34.000000,2023-03-26 13:47:14.007,Custom software development,Tier 2,United Kingdom,55.378052,-3.435973
1655,Closed,Low,Email,Product setup,2023-03-22 22:21:14.000000,2023-03-28 13:44:24.901,Custom software development,Tier 1,Slovenia,46.1491664,14.9860106
1656,Closed,Low,Email,Product setup,2023-03-23 10:03:44.000000,2023-03-27 09:44:59.781,Ready to use Software,Tier 2,Bulgaria,42.7249925,25.4833039
1657,Closed,Medium,Phone,Bug report,2023-03-23 17:40:59.000000,2023-03-26 16:44:13.548,Ready to use Software,Tier 1,Spain,39.67337,-4.767726
1658,Closed,High,Email,Other,2023-03-23 17:58:43.000000,2023-03-24 14:57:00.137,Custom software development,Tier 1,United Kingdom,55.378052,-3.435973
1659,Resolved,Low,Email,Bug report,2023-03-23 18:27:04.000000,,Training and Consulting Services,Tier 2,Greece,39.368279,21.863141
1660,In progress,Low,Email,Feature request,2023-03-24 02:39:46.000000,,Other,Tier 2,Italy,43.036776,12.678565
1661,Closed,Medium,Chat,Pricing and licensing,2023-03-23 09:03:29.000000,2023-03-25 16:11:32.025,Training and Consulting Services,Tier 1,Italy,43.036776,12.678565
1665,Resolved,Medium,Email,Feature request,2023-03-24 11:33:22.000000,,Custom software development,Tier 1,France,48.864716,2.349014
1666,In progress,Medium,Email,Product setup,2023-03-25 02:12:44.000000,,Custom software development,Tier 1,Greece,39.368279,21.863141
1668,Closed,Medium,Email,Purchasing and invoicing,2023-03-24 08:18:03.000000,2023-03-27 01:12:50.181,Custom software development,Tier 1,Germany,51.165691,10.451526
1669,Closed,Medium,Email,Feature request,2023-03-24 15:22:39.000000,2023-03-25 08:20:03.104,Ready to use Software,Tier 1,Greece,39.368279,21.863141
1670,Closed,Low,Email,Feature request,2023-03-25 00:23:23.000000,2023-03-27 01:37:43.086,Custom software development,Tier 1,Germany,51.165691,10.451526
1671,Closed,High,Email,Purchasing and invoicing,2023-03-24 17:35:36.000000,2023-03-28 07:42:05.694,Other,Tier 1,Germany,51.165691,10.451526
1673,Closed,High,Chat,Feature request,2023-03-25 01:33:29.000000,2023-03-27 20:01:01.835,Ready to use Software,Tier 1,France,48.864716,2.349014
1674,Resolved,Medium,Email,Feature request,2023-03-24 10:37:36.000000,,Ready to use Software,Tier 1,Poland,52.536273,19.050639
1675,Closed,Low,Email,Purchasing and invoicing,2023-03-25 20:02:04.000000,2023-03-31 17:22:17.080,Training and Consulting Services,Tier 1,Italy,43.036776,12.678565
1676,In progress,Low,Email,Product setup,2023-03-25 21:27:15.000000,,Ready to use Software,Tier 1,Czech Republic,49.8037633,15.4749126
1677,Closed,Low,Email,Product setup,2023-03-25 06:51:23.000000,2023-03-28 04:42:48.713,Ready to use Software,Tier 1,United Kingdom,55.378052,-3.435973
1690,Closed,Low,Chat,Bug report,2023-03-26 17:36:41.000000,2023-03-29 23:50:54.196,Custom software development,Tier 2,Italy,43.036776,12.678565
1691,Resolved,Low,Phone,Other,2023-03-26 05:47:02.000000,,Ready to use Software,Tier 1,Austria,47.6964719,13.3457347
1692,In progress,Low,Email,Pricing and licensing,2023-03-27 20:55:41.000000,,Ready to use Software,Tier 1,Germany,51.165691,10.451526
1693,Closed,Medium,Chat,Bug report,2023-03-27 13:48:08.000000,2023-04-01 22:55:36.112,Ready to use Software,Tier 1,Bulgaria,42.7249925,25.4833039
1694,In progress,High,Email,Feature request,2023-03-27 23:39:56.000000,,Ready to use Software,Tier 1,United Kingdom,55.378052,-3.435973
1695,Resolved,Low,Chat,Product setup,2023-03-27 12:57:08.000000,,Custom software development,Tier 1,Republic of Ireland,53.094024,-8.019675
1696,In progress,Low,Phone,Other,2023-03-27 18:12:36.000000,,Other,Tier 1,Austria,47.6964719,13.3457347
1697,In progress,Low,Phone,Product setup,2023-03-28 04:41:10.000000,,Other,Tier 1,Poland,52.536273,19.050639
1698,Resolved,Low,Chat,Feature request,2023-03-28 09:44:27.000000,,Other,Tier 1,Italy,43.036776,12.678565
1699,Closed,Medium,Email,Product setup,2023-03-28 19:16:48.000000,2023-04-01 23:47:19.557,Training and Consulting Services,Tier 1,Slovenia,46.1491664,14.9860106
1700,Closed,High,Phone,Product setup,2023-03-28 20:37:36.000000,2023-04-03 03:59:17.013,Ready to use Software,Tier 1,Czech Republic,49.8037633,15.4749126
1701,In progress,Low,Chat,Feature request,2023-03-29 00:46:16.000000,,Other,Tier 2,Italy,43.036776,12.678565
1702,Resolved,Low,Email,Purchasing and invoicing,2023-03-28 12:09:43.000000,,Ready to use Software,Tier 1,Greece,39.368279,21.863141
1703,Closed,High,Phone,Feature request,2023-03-29 15:10:19.000000,2023-04-01 14:55:43.931,Ready to use Software,Tier 1,Italy,43.036776,12.678565
1704,Resolved,Medium,Email,Product setup,2023-03-29 05:29:54.000000,,Training and Consulting Services,Tier 2,Poland,52.536273,19.050639
1705,Closed,Medium,Email,Pricing and licensing,2023-03-29 07:32:03.000000,2023-04-03 20:48:13.775,Training and Consulting Services,Tier 2,Italy,43.036776,12.678565
1706,In progress,Low,Email,Product setup,2023-03-29 21:06:26.000000,,Ready to use Software,Tier 1,Bulgaria,42.7249925,25.4833039
1707,Resolved,Medium,Chat,Pricing and licensing,2023-03-29 12:39:21.000000,,Custom software development,Tier 1,France,48.864716,2.349014
1708,Closed,Low,Chat,Other,2023-03-29 08:00:01.000000,2023-04-02 14:05:12.467,Custom software development,Tier 1,Czech Republic,49.8037633,15.4749126
1709,In progress,Low,Chat,Training request,2023-03-30 00:14:43.000000,,Training and Consulting Services,Tier 2,United Kingdom,55.378052,-3.435973
1710,Closed,Low,Email,Product setup,2023-03-30 22:00:20.000000,2023-04-01 04:57:24.245,Ready to use Software,Tier 2,Poland,52.536273,19.050639
1711,Closed,High,Email,Product setup,2023-03-30 19:51:14.000000,2023-04-04 20:33:53.055,Ready to use Software,Tier 2,Spain,39.67337,-4.767726
1712,Closed,Low,Email,Feature request,2023-03-30 17:19:08.000000,2023-04-05 17:54:11.236,Ready to use Software,Tier 2,Italy,43.036776,12.678565
1713,Closed,High,Email,Feature request,2023-03-30 15:29:45.000000,2023-04-01 11:01:00.364,Ready to use Software,Tier 2,Spain,39.67337,-4.767726
1714,Closed,High,Email,Bug report,2023-03-30 21:10:34.000000,2023-04-03 06:53:18.201,Ready to use Software,Tier 2,Republic of Ireland,53.094024,-8.019675
1715,Closed,Medium,Email,Pricing and licensing,2023-03-31 02:34:43.000000,2023-04-05 17:55:35.134,Custom software development,Tier 1,Germany,51.165691,10.451526
1717,Closed,Medium,Chat,Other,2023-03-30 08:23:37.000000,2023-04-02 02:37:48.569,Custom software development,Tier 1,Greece,39.368279,21.863141
1718,Resolved,Low,Chat,Pricing and licensing,2023-03-31 02:31:49.000000,,Ready to use Software,Tier 1,Slovenia,46.1491664,14.9860106
1719,In progress,Low,Chat,Product setup,2023-03-30 11:13:06.000000,,Ready to use Software,Tier 1,Slovenia,46.1491664,14.9860106
1720,Resolved,Low,Email,Bug report,2023-03-30 16:29:28.000000,,Ready to use Software,Tier 1,Italy,43.036776,12.678565
1721,Closed,Low,Email,Product setup,2023-03-30 19:37:40.000000,2023-04-05 20:32:25.225,Ready to use Software,Tier 1,Slovenia,46.1491664,14.9860106
1722,Resolved,Low,Chat,Feature request,2023-03-31 00:59:16.000000,,Custom software development,Tier 1,France,48.864716,2.349014
1723,Closed,Low,Email,Bug report,2023-03-31 08:57:23.000000,2023-04-04 18:58:40.304,Ready to use Software,Tier 1,Germany,51.165691,10.451526
1725,Closed,Low,Email,Purchasing and invoicing,2023-03-31 07:10:35.000000,2023-04-05 18:21:19.117,Custom software development,Tier 1,Greece,39.368279,21.863141
1726,Closed,High,Chat,Feature request,2023-03-31 15:40:29.000000,2023-04-05 17:53:32.106,Ready to use Software,Tier 1,Italy,43.036776,12.678565
1727,Resolved,Low,Chat,Feature request,2023-03-31 12:54:42.000000,,Ready to use Software,Tier 1,Greece,39.368279,21.863141
1728,Resolved,High,Email,Feature request,2023-03-31 21:02:56.000000,,Ready to use Software,Tier 2,Poland,52.536273,19.050639
1729,In progress,High,Email,Product setup,2023-04-01 02:38:17.000000,,Ready to use Software,Tier 1,Bulgaria,42.7249925,25.4833039
1730,In progress,Medium,Chat,Product setup,2023-04-01 08:42:45.000000,,Custom software development,Tier 2,Poland,52.536273,19.050639
1731,Resolved,Low,Email,Feature request,2023-04-01 23:34:47.000000,,Other,Tier 1,Germany,51.165691,10.451526
1732,In progress,Low,Email,Training request,2023-04-01 23:44:41.000000,,Training and Consulting Services,Tier 1,Greece,39.368279,21.863141
1733,Closed,Medium,Email,Pricing and licensing,2023-04-01 23:19:16.000000,2023-04-05 12:00:48.234,Other,Tier 1,Slovenia,46.1491664,14.9860106
1748,Closed,Low,Chat,Feature request,2023-04-02 19:10:55.000000,2023-04-07 18:40:32.430,Custom software development,Tier 2,Czech Republic,49.8037633,15.4749126
1749,In progress,Medium,Phone,Purchasing and invoicing,2023-04-02 08:44:24.000000,,Other,Tier 1,Germany,51.165691,10.451526
1750,Resolved,Low,Phone,Pricing and licensing,2023-04-02 20:03:14.000000,,Custom software development,Tier 1,Italy,43.036776,12.678565
1751,Resolved,High,Email,Product setup,2023-04-02 19:53:36.000000,,Other,Tier 2,Poland,52.536273,19.050639
1752,Closed,Low,Chat,Pricing and licensing,2023-04-03 03:30:34.000000,2023-04-04 19:18:58.166,Custom software development,Tier 1,Germany,51.165691,10.451526
1753,Closed,Low,Email,Pricing and licensing,2023-04-03 09:55:15.000000,2023-04-09 23:16:42.492,Ready to use Software,Tier 2,Austria,47.6964719,13.3457347
1754,Closed,Medium,Chat,Bug report,2023-04-03 04:18:01.000000,2023-04-05 05:39:23.773,Ready to use Software,Tier 1,Spain,39.67337,-4.767726
1755,Closed,High,Email,Product setup,2023-04-03 08:51:54.000000,2023-04-07 14:02:06.721,Ready to use Software,Tier 1,Poland,52.536273,19.050639
1756,Resolved,Low,Email,Product setup,2023-04-03 09:19:08.000000,,Other,Tier 1,Germany,51.165691,10.451526
1757,In progress,High,Chat,Product setup,2023-04-03 11:05:23.000000,,Ready to use Software,Tier 1,Austria,47.6964719,13.3457347
1759,Closed,Low,Chat,Feature request,2023-04-03 21:17:33.000000,2023-04-06 08:50:03.120,Custom software development,Tier 1,Austria,47.6964719,13.3457347
1761,Closed,Low,Email,Other,2023-04-04 17:34:57.000000,2023-04-06 13:45:39.852,Custom software development,Tier 1,Austria,47.6964719,13.3457347
1762,Closed,Low,Chat,Product setup,2023-04-05 02:42:38.000000,2023-04-06 22:42:09.362,Ready to use Software,Tier 1,France,48.864716,2.349014
1763,Resolved,Low,Chat,Bug report,2023-04-04 16:31:49.000000,,Ready to use Software,Tier 1,Poland,52.536273,19.050639
1764,Closed,Low,Chat,Bug report,2023-04-04 12:56:01.000000,2023-04-11 17:23:00.322,Training and Consulting Services,Tier 1,Austria,47.6964719,13.3457347
1765,Resolved,Low,Chat,Pricing and licensing,2023-04-04 15:05:30.000000,,Ready to use Software,Tier 2,United Kingdom,55.378052,-3.435973
1766,Closed,Low,Email,Other,2023-04-05 06:02:11.000000,2023-04-10 09:37:15.775,Other,Tier 2,United Kingdom,55.378052,-3.435973
1767,Closed,High,Chat,Product setup,2023-04-05 14:03:11.000000,2023-04-07 23:31:44.116,Ready to use Software,Tier 1,Poland,52.536273,19.050639
1768,In progress,Low,Chat,Product setup,2023-04-06 01:15:23.000000,,Training and Consulting Services,Tier 1,Bulgaria,42.7249925,25.4833039
1769,In progress,Low,Email,Feature request,2023-04-05 15:07:48.000000,,Custom software development,Tier 2,Germany,51.165691,10.451526
1770,Open,Medium,Email,Pricing and licensing,2023-04-05 20:27:41.000000,,Ready to use Software,Tier 1,Germany,51.165691,10.451526
1771,Closed,High,Chat,Product setup,2023-04-05 11:14:31.000000,2023-04-10 15:50:46.185,Ready to use Software,Tier 1,Poland,52.536273,19.050639
1772,Closed,Medium,Chat,Feature request,2023-04-06 07:30:54.000000,2023-04-10 10:27:41.963,Ready to use Software,Tier 1,Germany,51.165691,10.451526
1773,Resolved,High,Email,Pricing and Licensing,2023-04-06 21:18:15.000000,,Custom software development,Tier 1,Italy,43.036776,12.678565
1774,Closed,Medium,Email,Bug report,2023-04-06 06:59:03.000000,2023-04-11 00:43:22.970,Custom software development,Tier 2,Slovenia,46.1491664,14.9860106
1775,Closed,Medium,Email,Product setup,2023-04-06 22:15:46.000000,2023-04-11 22:33:56.302,Ready to use Software,Tier 1,Republic of Ireland,53.094024,-8.019675
1777,Closed,Medium,Email,Product setup,2023-04-06 08:54:37.000000,2023-04-13 09:41:34.713,Other,Tier 1,Italy,43.036776,12.678565
1778,In progress,Medium,Email,Training request,2023-04-06 22:43:11.000000,,Training and Consulting Services,Tier 2,France,48.864716,2.349014
1779,Closed,Medium,Email,Product setup,2023-04-07 06:13:34.000000,2023-04-09 02:53:40.684,Ready to use Software,Tier 1,Bulgaria,42.7249925,25.4833039
1780,Resolved,Low,Chat,Product setup,2023-04-08 02:19:14.000000,,Ready to use Software,Tier 2,Germany,51.165691,10.451526
1782,In progress,Low,Email,Pricing and licensing,2023-04-07 22:21:00.000000,,Ready to use Software,Tier 1,Germany,51.165691,10.451526
1783,Closed,Medium,Email,Feature request,2023-04-07 09:02:22.000000,2023-04-13 18:00:07.175,Ready to use Software,Tier 2,Slovenia,46.1491664,14.9860106
1784,Closed,Medium,Email,Product setup,2023-04-07 11:46:50.000000,2023-04-08 22:41:52.978,Ready to use Software,Tier 1,Italy,43.036776,12.678565
1801,In progress,High,Phone,Feature request,2023-04-09 15:16:06.000000,,Custom software development,Tier 1,Poland,52.536273,19.050639
1802,In progress,Low,Chat,Pricing and Licensing,2023-04-09 22:24:07.000000,,Custom software development,Tier 1,Greece,39.368279,21.863141
1803,Closed,Low,Email,Other,2023-04-09 05:54:49.000000,2023-04-16 08:28:36.335,Custom software development,Tier 1,Spain,39.67337,-4.767726
1804,In progress,Medium,Chat,Product setup,2023-04-09 21:35:53.000000,,Ready to use Software,Tier 2,Bulgaria,42.7249925,25.4833039
1805,Resolved,Low,Email,Pricing and licensing,2023-04-09 20:50:10.000000,,Ready to use Software,Tier 1,Austria,47.6964719,13.3457347
1806,Closed,Low,Email,Pricing and licensing,2023-04-09 05:08:39.000000,2023-04-13 09:14:08.222,Custom software development,Tier 1,France,48.864716,2.349014
1807,In progress,Medium,Email,Product setup,2023-04-10 20:07:38.000000,,Other,Tier 1,France,48.864716,2.349014
1808,Resolved,Low,Chat,Feature request,2023-04-11 02:37:41.000000,,Ready to use Software,Tier 1,Italy,43.036776,12.678565
1809,Closed,High,Chat,Feature request,2023-04-10 16:36:32.000000,2023-04-13 02:16:29.206,Ready to use Software,Tier 1,United Kingdom,55.378052,-3.435973
1810,Closed,Medium,Chat,Product setup,2023-04-10 16:46:24.000000,2023-04-14 19:06:51.153,Training and Consulting Services,Tier 1,Bulgaria,42.7249925,25.4833039
1811,Closed,Medium,Email,Pricing and Licensing,2023-04-10 20:21:25.000000,2023-04-17 13:26:21.572,Custom software development,Tier 1,Italy,43.036776,12.678565
1812,In progress,High,Phone,Product setup,2023-04-10 23:44:07.000000,,Ready to use Software,Tier 1,United Kingdom,55.378052,-3.435973
1813,In progress,High,Chat,Purchasing and invoicing,2023-04-11 02:39:59.000000,,Ready to use Software,Tier 2,Greece,39.368279,21.863141
1814,Closed,Medium,Email,Pricing and licensing,2023-04-11 12:22:38.000000,2023-04-14 17:24:10.560,Other,Tier 1,Greece,39.368279,21.863141
1815,Closed,Low,Chat,Training request,2023-04-11 21:54:18.000000,2023-04-17 16:34:42.697,Training and Consulting Services,Tier 1,Italy,43.036776,12.678565
1816,Closed,Low,Phone,Feature request,2023-04-11 05:46:54.000000,2023-04-13 18:50:31.114,Ready to use Software,Tier 1,Austria,47.6964719,13.3457347
1817,Resolved,Low,Email,Purchasing and invoicing,2023-04-11 05:35:11.000000,,Ready to use Software,Tier 1,Germany,51.165691,10.451526
1818,Resolved,Low,Chat,Pricing and Licensing,2023-04-11 13:01:04.000000,,Custom software development,Tier 1,United Kingdom,55.378052,-3.435973
1819,Resolved,Low,Email,Product setup,2023-04-11 15:17:59.000000,,Other,Tier 2,Republic of Ireland,53.094024,-8.019675
1820,Resolved,Low,Email,Other,2023-04-11 21:12:33.000000,,Ready to use Software,Tier 1,Slovenia,46.1491664,14.9860106
1821,In progress,Low,Email,Feature request,2023-04-11 21:28:21.000000,,Custom software development,Tier 2,United Kingdom,55.378052,-3.435973
1822,Closed,Low,Phone,Pricing and licensing,2023-04-11 21:15:06.000000,2023-04-17 03:25:21.555,Ready to use Software,Tier 1,Italy,43.036776,12.678565
1823,In progress,Medium,Chat,Product setup,2023-04-11 11:16:39.000000,,Other,Tier 1,Italy,43.036776,12.678565
1824,Resolved,Low,Chat,Purchasing and invoicing,2023-04-11 04:07:48.000000,,Ready to use Software,Tier 1,France,48.864716,2.349014
1825,Closed,Low,Email,Feature request,2023-04-11 17:44:37.000000,2023-04-18 05:29:04.747,Ready to use Software,Tier 1,Poland,52.536273,19.050639
1826,Resolved,Low,Chat,Pricing and licensing,2023-04-12 09:24:50.000000,,Ready to use Software,Tier 2,Germany,51.165691,10.451526
1827,Resolved,Medium,Email,Pricing and Licensing,2023-04-12 06:54:55.000000,,Custom software development,Tier 1,Italy,43.036776,12.678565
1828,Closed,Low,Phone,Pricing and Licensing,2023-04-12 19:36:14.000000,2023-04-17 13:41:54.173,Custom software development,Tier 1,United Kingdom,55.378052,-3.435973
1829,Resolved,Low,Chat,Feature request,2023-04-13 03:18:18.000000,,Ready to use Software,Tier 2,Poland,52.536273,19.050639
1830,Closed,High,Chat,Pricing and licensing,2023-04-13 03:28:44.000000,2023-04-17 12:07:14.575,Ready to use Software,Tier 1,Bulgaria,42.7249925,25.4833039
1831,In progress,Medium,Email,Feature request,2023-04-12 12:21:31.000000,,Custom software development,Tier 1,United Kingdom,55.378052,-3.435973
1832,In progress,Medium,Email,Feature request,2023-04-12 12:29:48.000000,,Custom software development,Tier 1,Italy,43.036776,12.678565
1833,Resolved,High,Email,Product setup,2023-04-12 18:38:23.000000,,Other,Tier 1,Republic of Ireland,53.094024,-8.019675
1834,Resolved,Medium,Email,Purchasing and invoicing,2023-04-13 22:53:11.000000,,Ready to use Software,Tier 1,United Kingdom,55.378052,-3.435973
1835,Closed,Low,Phone,Pricing and licensing,2023-04-13 23:59:15.000000,2023-04-19 14:09:15.945,Training and Consulting Services,Tier 1,United Kingdom,55.378052,-3.435973
1836,Closed,Low,Chat,Product setup,2023-04-14 02:21:58.000000,2023-04-20 08:09:59.004,Ready to use Software,Tier 2,Czech Republic,49.8037633,15.4749126
1838,Resolved,Low,Chat,Bug report,2023-04-13 05:38:11.000000,,Custom software development,Tier 1,Poland,52.536273,19.050639
1839,Closed,Low,Email,Training request,2023-04-14 01:53:53.000000,2023-04-19 21:15:10.178,Training and Consulting Services,Tier 1,Poland,52.536273,19.050639
1840,In progress,Low,Chat,Bug report,2023-04-13 04:46:33.000000,,Custom software development,Tier 1,United Kingdom,55.378052,-3.435973
1841,Closed,Low,Email,Purchasing and invoicing,2023-04-13 07:49:42.000000,2023-04-16 13:35:22.230,Training and Consulting Services,Tier 1,Slovenia,46.1491664,14.9860106
1842,Closed,Medium,Chat,Pricing and licensing,2023-04-14 14:24:24.000000,2023-04-15 14:06:11.334,Training and Consulting Services,Tier 1,Spain,39.67337,-4.767726
1844,Resolved,Low,Chat,Feature request,2023-04-14 05:08:18.000000,,Custom software development,Tier 1,Greece,39.368279,21.863141
1845,Closed,Medium,Chat,Bug report,2023-04-14 17:04:45.000000,2023-04-18 05:11:25.657,Ready to use Software,Tier 1,Germany,51.165691,10.451526
1846,Closed,Medium,Email,Purchasing and invoicing,2023-04-15 23:19:28.000000,2023-04-16 17:58:36.418,Ready to use Software,Tier 2,Bulgaria,42.7249925,25.4833039
1847,Closed,Medium,Email,Feature request,2023-04-15 23:16:48.000000,2023-04-20 17:10:26.823,Ready to use Software,Tier 2,Italy,43.036776,12.678565
1849,In progress,High,Chat,Pricing and licensing,2023-04-15 18:20:11.000000,,Custom software development,Tier 1,Italy,43.036776,12.678565
1858,Resolved,Low,Chat,Purchasing and invoicing,2023-04-16 12:24:34.000000,,Ready to use Software,Tier 1,Italy,43.036776,12.678565
1859,In progress,High,Chat,Other,2023-04-17 01:38:28.000000,,Custom software development,Tier 1,Bulgaria,42.7249925,25.4833039
1860,Resolved,Medium,Email,Bug report,2023-04-16 12:37:24.000000,,Custom software development,Tier 1,Germany,51.165691,10.451526
1861,Resolved,Medium,Email,Product setup,2023-04-16 12:28:16.000000,,Training and Consulting Services,Tier 1,Czech Republic,49.8037633,15.4749126
1862,Resolved,Medium,Chat,Purchasing and invoicing,2023-04-17 02:55:36.000000,,Training and Consulting Services,Tier 2,Germany,51.165691,10.451526
1863,Closed,High,Email,Purchasing and invoicing,2023-04-17 19:18:43.000000,2023-04-23 16:00:06.343,Other,Tier 2,Italy,43.036776,12.678565
1864,Closed,Medium,Email,Feature request,2023-04-17 20:20:30.000000,2023-04-24 13:26:46.462,Custom software development,Tier 1,Germany,51.165691,10.451526
1865,Closed,Low,Chat,Feature request,2023-04-17 16:14:44.000000,2023-04-22 23:46:28.047,Custom software development,Tier 2,United Kingdom,55.378052,-3.435973
1866,In progress,Medium,Email,Purchasing and invoicing,2023-04-17 23:02:22.000000,,Custom software development,Tier 1,Slovenia,46.1491664,14.9860106
1867,Closed,Medium,Chat,Product setup,2023-04-17 19:48:18.000000,2023-04-21 05:58:28.038,Ready to use Software,Tier 1,Poland,52.536273,19.050639
1868,Resolved,Low,Phone,Pricing and licensing,2023-04-17 17:01:40.000000,,Custom software development,Tier 1,Austria,47.6964719,13.3457347
1869,Resolved,Medium,Email,Purchasing and invoicing,2023-04-17 08:59:54.000000,,Custom software development,Tier 1,Poland,52.536273,19.050639
1870,Closed,High,Email,Product setup,2023-04-19 01:47:02.000000,2023-04-20 22:48:35.089,Ready to use Software,Tier 1,Italy,43.036776,12.678565
1871,Closed,Low,Email,Training request,2023-04-18 21:48:33.000000,2023-04-23 19:41:16.353,Training and Consulting Services,Tier 1,Slovenia,46.1491664,14.9860106
1872,Closed,High,Email,Product setup,2023-04-18 17:56:21.000000,2023-04-20 18:58:10.640,Ready to use Software,Tier 2,Slovenia,46.1491664,14.9860106
1873,Closed,Low,Phone,Feature request,2023-04-18 20:22:40.000000,2023-04-19 08:02:03.461,Custom software development,Tier 1,Poland,52.536273,19.050639
1874,In progress,Low,Email,Other,2023-04-18 12:58:20.000000,,Ready to use Software,Tier 2,Italy,43.036776,12.678565
1875,Resolved,Medium,Chat,Pricing and licensing,2023-04-18 16:00:17.000000,,Ready to use Software,Tier 2,Germany,51.165691,10.451526
1876,Closed,Low,Email,Feature request,2023-04-18 22:29:18.000000,2023-04-24 04:05:29.801,Ready to use Software,Tier 1,Poland,52.536273,19.050639
1877,Resolved,Medium,Email,Product setup,2023-04-18 21:37:19.000000,,Other,Tier 1,Germany,51.165691,10.451526
1878,Closed,Low,Email,Product setup,2023-04-18 16:51:38.000000,2023-04-19 07:52:50.806,Ready to use Software,Tier 1,Austria,47.6964719,13.3457347
1879,In progress,Low,Email,Purchasing and invoicing,2023-04-19 02:00:04.000000,,Ready to use Software,Tier 1,Italy,43.036776,12.678565
1880,Resolved,Low,Email,Bug report,2023-04-19 17:44:33.000000,,Custom software development,Tier 1,Germany,51.165691,10.451526
1881,Resolved,High,Chat,Purchasing and invoicing,2023-04-20 02:56:27.000000,,Ready to use Software,Tier 1,Italy,43.036776,12.678565
1882,Resolved,Medium,Chat,Feature request,2023-04-19 06:54:38.000000,,Ready to use Software,Tier 1,United Kingdom,55.378052,-3.435973
1883,In progress,Low,Chat,Feature request,2023-04-19 19:12:56.000000,,Custom software development,Tier 1,Slovenia,46.1491664,14.9860106
1884,Closed,High,Email,Bug report,2023-04-19 17:35:20.000000,2023-04-24 05:51:49.879,Custom software development,Tier 2,Spain,39.67337,-4.767726
1885,Closed,Medium,Phone,Other,2023-04-19 04:38:17.000000,2023-04-23 02:31:35.947,Ready to use Software,Tier 1,Italy,43.036776,12.678565
1886,Resolved,Low,Chat,Bug report,2023-04-19 09:03:07.000000,,Ready to use Software,Tier 2,France,48.864716,2.349014
1887,Closed,Low,Chat,Pricing and licensing,2023-04-19 09:08:23.000000,2023-04-23 13:56:22.695,Custom software development,Tier 1,Germany,51.165691,10.451526
1888,In progress,Low,Email,Purchasing and invoicing,2023-04-20 09:20:43.000000,,Ready to use Software,Tier 1,Poland,52.536273,19.050639
1889,Closed,Low,Email,Pricing and licensing,2023-04-20 07:15:00.000000,2023-04-24 17:20:29.936,Custom software development,Tier 1,Italy,43.036776,12.678565
1890,Resolved,High,Email,Purchasing and invoicing,2023-04-20 06:50:32.000000,,Ready to use Software,Tier 1,Greece,39.368279,21.863141
1891,Resolved,Low,Email,Pricing and licensing,2023-04-20 08:04:48.000000,,Other,Tier 1,Germany,51.165691,10.451526
1892,Resolved,Low,Email,Other,2023-04-20 14:08:09.000000,,Custom software development,Tier 1,Republic of Ireland,53.094024,-8.019675
1893,Closed,Low,Phone,Feature request,2023-04-20 12:25:00.000000,2023-04-24 14:46:09.992,Ready to use Software,Tier 1,Slovenia,46.1491664,14.9860106
1894,Resolved,Medium,Chat,Feature request,2023-04-21 03:58:35.000000,,Other,Tier 1,Germany,51.165691,10.451526
1895,Closed,Low,Email,Product setup,2023-04-20 04:51:56.000000,2023-04-23 00:20:52.445,Other,Tier 1,Republic of Ireland,53.094024,-8.019675
1896,Closed,Low,Email,Other,2023-04-20 23:33:22.000000,2023-04-22 08:49:52.724,Training and Consulting Services,Tier 1,Republic of Ireland,53.094024,-8.019675
1897,Resolved,Medium,Chat,Purchasing and invoicing,2023-04-21 18:40:38.000000,,Training and Consulting Services,Tier 1,Germany,51.165691,10.451526
1898,Resolved,Low,Email,Product setup,2023-04-21 22:39:35.000000,,Custom software development,Tier 2,Germany,51.165691,10.451526
1899,In progress,Low,Email,Purchasing and invoicing,2023-04-21 19:42:29.000000,,Training and Consulting Services,Tier 2,Italy,43.036776,12.678565
1900,In progress,Low,Email,Other,2023-04-21 22:14:08.000000,,Other,Tier 2,Spain,39.67337,-4.767726
1901,Closed,Medium,Email,Feature request,2023-04-21 07:00:43.000000,2023-04-27 18:31:30.072,Ready to use Software,Tier 1,Republic of Ireland,53.094024,-8.019675
1902,Resolved,Low,Chat,Product setup,2023-04-22 02:59:18.000000,,Training and Consulting Services,Tier 1,Germany,51.165691,10.451526
1903,Resolved,High,Phone,Training request,2023-04-21 21:29:36.000000,,Training and Consulting Services,Tier 1,Bulgaria,42.7249925,25.4833039
1904,Resolved,Low,Chat,Other,2023-04-21 10:37:18.000000,,Ready to use Software,Tier 2,Spain,39.67337,-4.767726
1905,In progress,Low,Email,Product setup,2023-04-23 02:56:34.000000,,Ready to use Software,Tier 2,United Kingdom,55.378052,-3.435973
1911,Closed,High,Email,Product setup,2023-04-23 10:37:05.000000,2023-04-27 21:42:53.357,Other,Tier 2,Republic of Ireland,53.094024,-8.019675
1912,Resolved,Medium,Chat,Product setup,2023-04-23 20:15:55.000000,,Other,Tier 1,Germany,51.165691,10.451526
1913,Resolved,Medium,Chat,Other,2023-04-23 21:18:47.000000,,Training and Consulting Services,Tier 1,Slovenia,46.1491664,14.9860106
1914,Closed,Low,Email,Product setup,2023-04-24 15:26:34.000000,2023-04-24 23:02:43.998,Ready to use Software,Tier 1,Greece,39.368279,21.863141
1915,In progress,Low,Phone,Product setup,2023-04-24 11:32:10.000000,,Ready to use Software,Tier 1,Czech Republic,49.8037633,15.4749126
1916,Closed,Low,Email,Product setup,2023-04-24 12:29:14.000000,2023-04-28 05:09:48.054,Ready to use Software,Tier 1,United Kingdom,55.378052,-3.435973
1917,Closed,Low,Email,Bug report,2023-04-24 13:05:20.000000,2023-04-27 19:40:55.781,Custom software development,Tier 1,Republic of Ireland,53.094024,-8.019675
1918,Resolved,Medium,Email,Product setup,2023-04-24 06:39:48.000000,,Ready to use Software,Tier 1,Italy,43.036776,12.678565
1919,In progress,Low,Chat,Other,2023-04-24 09:18:34.000000,,Other,Tier 1,Germany,51.165691,10.451526
1920,Closed,Medium,Email,Purchasing and invoicing,2023-04-24 21:08:16.000000,2023-04-29 23:56:54.432,Custom software development,Tier 2,Slovenia,46.1491664,14.9860106
1921,Resolved,Medium,Chat,Other,2023-04-24 17:49:38.000000,,Ready to use Software,Tier 1,United Kingdom,55.378052,-3.435973
1922,In progress,Low,Email,Feature request,2023-04-24 05:45:52.000000,,Custom software development,Tier 1,Germany,51.165691,10.451526
1923,Closed,Medium,Chat,Feature request,2023-04-25 23:44:53.000000,2023-05-01 07:22:27.372,Custom software development,Tier 1,United Kingdom,55.378052,-3.435973
1924,Closed,High,Chat,Pricing and licensing,2023-04-26 01:29:53.000000,2023-04-30 12:26:32.999,Training and Consulting Services,Tier 1,Austria,47.6964719,13.3457347
1925,Resolved,High,Email,Product setup,2023-04-25 08:12:52.000000,,Ready to use Software,Tier 2,Poland,52.536273,19.050639
1927,In progress,Low,Chat,Other,2023-04-25 19:06:36.000000,,Custom software development,Tier 2,France,48.864716,2.349014
1928,In progress,Medium,Email,Training request,2023-04-25 04:40:34.000000,,Training and Consulting Services,Tier 2,United Kingdom,55.378052,-3.435973
1929,Closed,Medium,Email,Other,2023-04-26 03:46:34.000000,2023-04-28 02:46:32.011,Other,Tier 1,France,48.864716,2.349014
1930,Closed,Low,Chat,Feature request,2023-04-25 20:29:32.000000,2023-04-29 23:03:39.818,Ready to use Software,Tier 1,Italy,43.036776,12.678565
1931,Closed,Low,Email,Bug report,2023-04-26 07:07:27.000000,2023-05-01 17:19:37.868,Training and Consulting Services,Tier 2,Spain,39.67337,-4.767726
1932,Open,High,Email,Training request,2023-04-26 15:36:51.000000,,Training and Consulting Services,Tier 1,Italy,43.036776,12.678565
1933,Closed,Low,Chat,Feature request,2023-04-27 01:03:39.000000,2023-04-28 20:58:24.213,Custom software development,Tier 2,United Kingdom,55.378052,-3.435973
1934,Closed,Low,Email,Pricing and Licensing,2023-04-26 16:39:40.000000,2023-04-27 23:21:47.828,Custom software development,Tier 1,France,48.864716,2.349014
1937,Closed,Low,Email,Other,2023-04-28 08:17:19.000000,2023-04-29 13:04:12.218,Ready to use Software,Tier 1,Italy,43.036776,12.678565
1938,Closed,Medium,Email,Pricing and licensing,2023-04-28 16:45:26.000000,2023-04-29 14:51:18.165,Ready to use Software,Tier 2,Germany,51.165691,10.451526
1939,In progress,Low,Chat,Other,2023-04-28 05:42:28.000000,,Custom software development,Tier 1,Czech Republic,49.8037633,15.4749126
1940,Closed,Low,Chat,Feature request,2023-04-28 12:54:40.000000,2023-04-29 22:02:21.327,Ready to use Software,Tier 1,Germany,51.165691,10.451526
1942,Closed,Medium,Email,Other,2023-04-28 04:22:07.000000,2023-05-01 23:11:46.252,Ready to use Software,Tier 1,Austria,47.6964719,13.3457347
1943,Resolved,Low,Email,Product setup,2023-04-29 03:21:47.000000,,Ready to use Software,Tier 1,Italy,43.036776,12.678565
1945,Resolved,Medium,Chat,Feature request,2023-04-29 17:16:32.000000,,Ready to use Software,Tier 1,Spain,39.67337,-4.767726
1946,Closed,High,Email,Training request,2023-04-29 13:39:04.000000,2023-05-03 17:30:12.106,Training and Consulting Services,Tier 2,Italy,43.036776,12.678565
1956,Resolved,Low,Email,Pricing and licensing,2023-04-29 06:53:31.000000,,Other,Tier 1,Bulgaria,42.7249925,25.4833039
1957,Resolved,Low,Email,Feature request,2023-04-29 05:59:28.000000,,Ready to use Software,Tier 1,Slovenia,46.1491664,14.9860106
1958,Resolved,Low,Chat,Product setup,2023-04-29 22:57:03.000000,,Other,Tier 2,France,48.864716,2.349014
1959,Closed,Low,Email,Other,2023-04-29 13:21:27.000000,2023-05-02 21:33:29.038,Other,Tier 1,Czech Republic,49.8037633,15.4749126
1960,Closed,Low,Email,Bug report,2023-04-30 08:40:44.000000,2023-05-05 03:59:04.013,Ready to use Software,Tier 1,Poland,52.536273,19.050639
1961,Closed,High,Email,Purchasing and invoicing,2023-04-30 15:33:18.000000,2023-05-05 09:15:28.633,Ready to use Software,Tier 1,Poland,52.536273,19.050639
1962,In progress,Low,Email,Pricing and licensing,2023-04-30 23:22:21.000000,,Custom software development,Tier 1,Germany,51.165691,10.451526
1963,Closed,Medium,Phone,Purchasing and invoicing,2023-05-01 00:47:07.000000,2023-05-02 20:49:26.699,Custom software development,Tier 2,Slovenia,46.1491664,14.9860106
1964,Resolved,Low,Email,Bug report,2023-04-30 23:57:12.000000,,Custom software development,Tier 1,Spain,39.67337,-4.767726
1965,Closed,Medium,Email,Product setup,2023-04-30 05:00:56.000000,2023-05-04 22:24:21.580,Ready to use Software,Tier 2,Germany,51.165691,10.451526
1966,Closed,High,Chat,Product setup,2023-04-30 12:01:49.000000,2023-05-04 04:08:58.706,Ready to use Software,Tier 2,Czech Republic,49.8037633,15.4749126
1974,In progress,Medium,Email,Other,2023-05-01 07:26:27.000000,,Custom software development,Tier 1,United Kingdom,55.378052,-3.435973
1975,Resolved,Low,Email,Pricing and licensing,2023-05-01 04:15:50.000000,,Other,Tier 1,Czech Republic,49.8037633,15.4749126
1976,Closed,Medium,Email,Feature request,2023-05-01 21:16:37.000000,2023-05-04 09:39:04.898,Custom software development,Tier 1,Italy,43.036776,12.678565
1977,Closed,Low,Email,Feature request,2023-05-01 23:32:21.000000,2023-05-08 02:43:07.487,Ready to use Software,Tier 1,Poland,52.536273,19.050639
1978,Resolved,Low,Phone,Pricing and licensing,2023-05-01 18:14:01.000000,,Custom software development,Tier 2,Poland,52.536273,19.050639
1979,Closed,Low,Phone,Purchasing and invoicing,2023-05-02 01:28:26.000000,2023-05-08 00:51:15.920,Training and Consulting Services,Tier 1,France,48.864716,2.349014
1980,Closed,Low,Email,Pricing and licensing,2023-05-01 10:56:45.000000,2023-05-07 00:19:11.231,Ready to use Software,Tier 2,Austria,47.6964719,13.3457347
1981,Resolved,Low,Email,Product setup,2023-05-01 12:53:32.000000,,Custom software development,Tier 1,Italy,43.036776,12.678565
1982,Closed,Low,Phone,Purchasing and invoicing,2023-05-01 22:01:41.000000,2023-05-05 05:20:09.634,Ready to use Software,Tier 1,Germany,51.165691,10.451526
1983,In progress,Low,Chat,Product setup,2023-05-01 20:05:00.000000,,Custom software development,Tier 2,Republic of Ireland,53.094024,-8.019675
1984,In progress,Low,Chat,Feature request,2023-05-01 14:53:43.000000,,Custom software development,Tier 1,Czech Republic,49.8037633,15.4749126
1985,Resolved,Medium,Email,Training request,2023-05-02 14:43:37.000000,,Training and Consulting Services,Tier 1,France,48.864716,2.349014
1986,Closed,Low,Email,Pricing and licensing,2023-05-03 03:45:36.000000,2023-05-06 03:30:12.998,Training and Consulting Services,Tier 1,Republic of Ireland,53.094024,-8.019675
1987,Closed,Medium,Email,Product setup,2023-05-02 12:46:52.000000,2023-05-06 01:47:00.763,Custom software development,Tier 2,Czech Republic,49.8037633,15.4749126
1988,Resolved,Low,Chat,Purchasing and invoicing,2023-05-02 19:29:28.000000,,Other,Tier 2,Greece,39.368279,21.863141
1989,In progress,High,Phone,Pricing and licensing,2023-05-02 21:56:22.000000,,Custom software development,Tier 1,United Kingdom,55.378052,-3.435973
1990,Resolved,Low,Email,Purchasing and invoicing,2023-05-02 08:01:40.000000,,Ready to use Software,Tier 2,Poland,52.536273,19.050639
1991,Closed,Low,Chat,Pricing and licensing,2023-05-02 15:10:59.000000,2023-05-10 10:41:46.943,Custom software development,Tier 1,Bulgaria,42.7249925,25.4833039
1992,Resolved,Medium,Phone,Feature request,2023-05-02 20:16:34.000000,,Custom software development,Tier 1,Bulgaria,42.7249925,25.4833039
1993,Closed,Medium,Phone,Training request,2023-05-02 20:37:56.000000,2023-05-05 17:49:51.492,Training and Consulting Services,Tier 1,Germany,51.165691,10.451526
1994,Resolved,Low,Chat,Other,2023-05-03 01:28:57.000000,,Ready to use Software,Tier 1,Germany,51.165691,10.451526
1995,Resolved,Medium,Phone,Other,2023-05-03 08:53:08.000000,,Ready to use Software,Tier 1,United Kingdom,55.378052,-3.435973
1996,Closed,Medium,Phone,Pricing and licensing,2023-05-03 20:14:03.000000,2023-05-10 01:07:26.470,Ready to use Software,Tier 1,Poland,52.536273,19.050639
1997,Resolved,Low,Email,Product setup,2023-05-03 17:03:01.000000,,Custom software development,Tier 2,United Kingdom,55.378052,-3.435973
1998,Closed,Medium,Email,Product setup,2023-05-03 20:48:44.000000,2023-05-06 00:58:19.062,Other,Tier 2,United Kingdom,55.378052,-3.435973
1999,In progress,Low,Phone,Product setup,2023-05-03 22:09:48.000000,,Custom software development,Tier 2,Slovenia,46.1491664,14.9860106
2000,In progress,Low,Email,Feature request,2023-05-03 14:20:16.000000,,Custom software development,Tier 1,Republic of Ireland,53.094024,-8.019675
2001,Resolved,Medium,Email,Bug report,2023-05-03 12:38:01.000000,,Ready to use Software,Tier 1,Bulgaria,42.7249925,25.4833039
2002,In progress,Low,Email,Pricing and licensing,2023-05-03 10:59:01.000000,,Custom software development,Tier 1,Italy,43.036776,12.678565
2003,Resolved,High,Chat,Product setup,2023-05-04 03:36:36.000000,,Training and Consulting Services,Tier 2,Spain,39.67337,-4.767726
2004,Resolved,Medium,Email,Product setup,2023-05-03 13:38:59.000000,,Custom software development,Tier 1,Greece,39.368279,21.863141
2005,Closed,Low,Email,Other,2023-05-04 01:34:00.000000,2023-05-07 20:44:26.494,Custom software development,Tier 1,Germany,51.165691,10.451526
2006,Closed,High,Email,Feature request,2023-05-03 09:48:01.000000,2023-05-10 03:40:36.389,Ready to use Software,Tier 1,Italy,43.036776,12.678565
2007,Closed,Low,Chat,Product setup,2023-05-04 23:26:02.000000,2023-05-07 08:27:03.391,Ready to use Software,Tier 1,Republic of Ireland,53.094024,-8.019675
2008,Closed,Medium,Chat,Product setup,2023-05-04 05:22:03.000000,2023-05-09 15:15:04.640,Other,Tier 2,France,48.864716,2.349014
2010,In progress,Medium,Email,Product setup,2023-05-04 15:42:39.000000,,Custom software development,Tier 1,France,48.864716,2.349014
2011,Closed,Medium,Chat,Pricing and licensing,2023-05-05 18:09:14.000000,2023-05-07 17:49:05.673,Ready to use Software,Tier 1,Slovenia,46.1491664,14.9860106
2012,Closed,Low,Chat,Bug report,2023-05-06 03:50:12.000000,2023-05-12 10:20:38.867,Custom software development,Tier 1,Austria,47.6964719,13.3457347
2014,Closed,High,Email,Other,2023-05-05 14:41:49.000000,2023-05-09 09:07:17.942,Training and Consulting Services,Tier 1,Republic of Ireland,53.094024,-8.019675
2015,Closed,Low,Email,Feature request,2023-05-05 07:03:46.000000,2023-05-11 11:17:16.574,Ready to use Software,Tier 1,Italy,43.036776,12.678565
2016,In progress,Medium,Email,Purchasing and invoicing,2023-05-05 20:30:48.000000,,Ready to use Software,Tier 1,Spain,39.67337,-4.767726
2017,Closed,Low,Email,Product setup,2023-05-05 05:32:00.000000,2023-05-10 17:56:52.380,Ready to use Software,Tier 2,Czech Republic,49.8037633,15.4749126
2018,Closed,Low,Chat,Feature request,2023-05-05 19:10:06.000000,2023-05-06 10:11:03.256,Ready to use Software,Tier 1,Republic of Ireland,53.094024,-8.019675
2019,Resolved,Low,Chat,Bug report,2023-05-05 09:54:12.000000,,Ready to use Software,Tier 1,Austria,47.6964719,13.3457347
2020,Closed,High,Email,Feature request,2023-05-05 13:06:10.000000,2023-05-11 09:38:05.478,Custom software development,Tier 1,United Kingdom,55.378052,-3.435973
2021,In progress,High,Chat,Feature request,2023-05-05 19:16:20.000000,,Ready to use Software,Tier 1,Slovenia,46.1491664,14.9860106
2022,Closed,Low,Email,Training request,2023-05-05 10:02:46.000000,2023-05-07 04:45:15.866,Training and Consulting Services,Tier 1,Italy,43.036776,12.678565
2023,Closed,Low,Email,Product setup,2023-05-05 11:13:24.000000,2023-05-10 00:00:44.554,Custom software development,Tier 1,Poland,52.536273,19.050639
2028,Closed,Low,Email,Pricing and licensing,2023-05-07 03:05:51.000000,2023-05-14 14:58:08.130,Custom software development,Tier 1,Czech Republic,49.8037633,15.4749126
2029,Resolved,Medium,Email,Pricing and licensing,2023-05-06 12:37:48.000000,,Other,Tier 1,Italy,43.036776,12.678565
2030,Closed,Low,Email,Pricing and licensing,2023-05-07 01:39:46.000000,2023-05-12 09:55:44.029,Custom software development,Tier 1,France,48.864716,2.349014
2031,In progress,Low,Chat,Bug report,2023-05-08 00:26:09.000000,,Custom software development,Tier 1,United Kingdom,55.378052,-3.435973
2032,Resolved,Low,Chat,Purchasing and invoicing,2023-05-07 12:37:05.000000,,Training and Consulting Services,Tier 1,Czech Republic,49.8037633,15.4749126
2034,Closed,Low,Email,Purchasing and invoicing,2023-05-07 06:10:20.000000,2023-05-08 07:56:39.793,Other,Tier 1,United Kingdom,55.378052,-3.435973
2035,Closed,Low,Email,Product setup,2023-05-07 09:31:03.000000,2023-05-12 23:11:35.054,Training and Consulting Services,Tier 1,Czech Republic,49.8037633,15.4749126
2036,Closed,Medium,Email,Product setup,2023-05-08 17:48:01.000000,2023-05-10 18:39:58.288,Ready to use Software,Tier 1,Czech Republic,49.8037633,15.4749126
2039,Closed,Low,Email,Purchasing and invoicing,2023-05-08 21:48:29.000000,2023-05-14 12:42:36.152,Ready to use Software,Tier 1,Poland,52.536273,19.050639
2040,Resolved,Low,Email,Pricing and licensing,2023-05-08 05:35:22.000000,,Training and Consulting Services,Tier 1,United Kingdom,55.378052,-3.435973
2041,Resolved,Low,Email,Bug report,2023-05-08 15:40:37.000000,,Ready to use Software,Tier 1,Poland,52.536273,19.050639
2042,In progress,Low,Email,Other,2023-05-09 00:38:25.000000,,Training and Consulting Services,Tier 1,Czech Republic,49.8037633,15.4749126
2044,In progress,High,Chat,Product setup,2023-05-09 08:50:43.000000,,Ready to use Software,Tier 1,Italy,43.036776,12.678565
2045,Closed,Low,Chat,Product setup,2023-05-09 16:52:20.000000,2023-05-12 15:00:54.393,Custom software development,Tier 1,Italy,43.036776,12.678565
2046,Resolved,Low,Email,Other,2023-05-09 09:51:28.000000,,Ready to use Software,Tier 1,Italy,43.036776,12.678565
2048,In progress,Medium,Email,Product setup,2023-05-09 15:18:13.000000,,Training and Consulting Services,Tier 1,Bulgaria,42.7249925,25.4833039
2049,In progress,Low,Email,Product setup,2023-05-09 18:34:05.000000,,Ready to use Software,Tier 1,Poland,52.536273,19.050639
2050,Resolved,Low,Chat,Pricing and licensing,2023-05-09 21:18:14.000000,,Training and Consulting Services,Tier 2,Poland,52.536273,19.050639
2051,Closed,Low,Chat,Product setup,2023-05-09 14:37:17.000000,2023-05-13 12:21:45.922,Training and Consulting Services,Tier 1,Slovenia,46.1491664,14.9860106
2052,Closed,Low,Email,Other,2023-05-09 08:26:33.000000,2023-05-15 00:12:07.971,Ready to use Software,Tier 1,Italy,43.036776,12.678565
2053,Closed,High,Chat,Pricing and licensing,2023-05-10 12:52:46.000000,2023-05-16 15:15:13.130,Training and Consulting Services,Tier 2,Greece,39.368279,21.863141
2054,In progress,Medium,Email,Feature request,2023-05-10 09:10:23.000000,,Custom software development,Tier 1,Greece,39.368279,21.863141
2055,In progress,Medium,Email,Pricing and licensing,2023-05-10 15:21:39.000000,,Custom software development,Tier 1,Czech Republic,49.8037633,15.4749126
2056,Resolved,Medium,Chat,Product setup,2023-05-10 11:53:38.000000,,Other,Tier 1,Austria,47.6964719,13.3457347
2057,In progress,Medium,Chat,Pricing and licensing,2023-05-10 11:28:39.000000,,Ready to use Software,Tier 2,Czech Republic,49.8037633,15.4749126
2058,Closed,Medium,Chat,Product setup,2023-05-11 21:27:13.000000,2023-05-18 03:39:28.797,Ready to use Software,Tier 1,Austria,47.6964719,13.3457347
2059,Closed,High,Email,Pricing and licensing,2023-05-11 13:22:13.000000,2023-05-16 02:40:49.380,Ready to use Software,Tier 1,Bulgaria,42.7249925,25.4833039
2060,Resolved,Medium,Email,Other,2023-05-11 16:59:40.000000,,Custom software development,Tier 1,France,48.864716,2.349014
2061,Resolved,Low,Email,Product setup,2023-05-11 12:25:23.000000,,Custom software development,Tier 2,Austria,47.6964719,13.3457347
2062,Resolved,Low,Email,Purchasing and invoicing,2023-05-12 00:43:34.000000,,Training and Consulting Services,Tier 1,France,48.864716,2.349014
2063,In progress,Medium,Phone,Product setup,2023-05-12 03:30:50.000000,,Ready to use Software,Tier 1,Poland,52.536273,19.050639
2064,In progress,Low,Email,Pricing and licensing,2023-05-12 18:34:05.000000,,Custom software development,Tier 1,Republic of Ireland,53.094024,-8.019675
2065,Resolved,Low,Phone,Training request,2023-05-12 11:03:57.000000,,Training and Consulting Services,Tier 1,Spain,39.67337,-4.767726
2066,In progress,Medium,Chat,Pricing and licensing,2023-05-12 22:22:10.000000,,Other,Tier 1,France,48.864716,2.349014
2067,Resolved,Low,Phone,Purchasing and invoicing,2023-05-12 18:15:05.000000,,Training and Consulting Services,Tier 1,United Kingdom,55.378052,-3.435973
2068,Closed,Low,Phone,Feature request,2023-05-12 11:15:56.000000,2023-05-17 19:43:19.310,Ready to use Software,Tier 1,Austria,47.6964719,13.3457347
2069,Resolved,Low,Email,Feature request,2023-05-12 07:53:23.000000,,Custom software development,Tier 1,France,48.864716,2.349014
2070,Closed,Low,Email,Purchasing and invoicing,2023-05-12 10:59:06.000000,2023-05-19 04:28:36.111,Training and Consulting Services,Tier 1,Greece,39.368279,21.863141
2071,Closed,Medium,Email,Feature request,2023-05-12 18:29:08.000000,2023-05-15 17:07:59.014,Other,Tier 1,Germany,51.165691,10.451526
2072,Closed,High,Email,Other,2023-05-12 08:35:31.000000,2023-05-18 23:50:49.099,Ready to use Software,Tier 2,Slovenia,46.1491664,14.9860106
2073,Closed,Medium,Phone,Pricing and licensing,2023-05-12 15:55:15.000000,2023-05-17 15:57:22.626,Ready to use Software,Tier 1,Italy,43.036776,12.678565
2074,Closed,Low,Chat,Product setup,2023-05-12 23:05:07.000000,2023-05-18 02:22:44.909,Custom software development,Tier 1,Poland,52.536273,19.050639
2075,Resolved,Low,Phone,Feature request,2023-05-12 10:29:46.000000,,Other,Tier 1,Republic of Ireland,53.094024,-8.019675
2076,Resolved,Medium,Phone,Feature request,2023-05-12 19:03:27.000000,,Ready to use Software,Tier 2,Germany,51.165691,10.451526
2077,In progress,Low,Phone,Other,2023-05-13 00:05:30.000000,,Custom software development,Tier 1,Austria,47.6964719,13.3457347
2078,Resolved,Low,Chat,Feature request,2023-05-13 06:46:34.000000,,Custom software development,Tier 1,Italy,43.036776,12.678565
2079,Closed,Medium,Email,Pricing and licensing,2023-05-13 12:43:04.000000,2023-05-19 22:40:24.604,Custom software development,Tier 2,Republic of Ireland,53.094024,-8.019675
2080,Closed,Medium,Email,Purchasing and invoicing,2023-05-13 09:51:33.000000,2023-05-16 00:37:24.205,Other,Tier 1,France,48.864716,2.349014
2081,Closed,Medium,Phone,Other,2023-05-13 09:21:54.000000,2023-05-17 12:58:41.127,Ready to use Software,Tier 1,Bulgaria,42.7249925,25.4833039
2082,Resolved,High,Email,Pricing and licensing,2023-05-13 23:26:09.000000,,Ready to use Software,Tier 1,Germany,51.165691,10.451526
2098,Closed,Low,Chat,Product setup,2023-05-14 11:00:55.000000,2023-05-16 21:36:53.922,Ready to use Software,Tier 1,France,48.864716,2.349014
2099,Closed,Low,Chat,Product setup,2023-05-15 00:14:21.000000,2023-05-18 06:09:46.952,Custom software development,Tier 2,Austria,47.6964719,13.3457347
2100,Closed,Medium,Chat,Product setup,2023-05-14 14:45:06.000000,2023-05-17 19:59:08.430,Other,Tier 1,Germany,51.165691,10.451526
2101,In progress,High,Phone,Purchasing and invoicing,2023-05-14 12:14:16.000000,,Ready to use Software,Tier 2,France,48.864716,2.349014
2102,In progress,High,Phone,Product setup,2023-05-15 05:57:53.000000,,Ready to use Software,Tier 2,Germany,51.165691,10.451526
2103,Resolved,Medium,Chat,Feature request,2023-05-15 07:43:26.000000,,Custom software development,Tier 1,Poland,52.536273,19.050639
2104,Closed,Low,Email,Purchasing and invoicing,2023-05-15 16:26:38.000000,2023-05-22 09:05:17.071,Training and Consulting Services,Tier 1,Bulgaria,42.7249925,25.4833039
2105,Resolved,Medium,Chat,Product setup,2023-05-15 20:01:57.000000,,Training and Consulting Services,Tier 1,United Kingdom,55.378052,-3.435973
2106,Resolved,Low,Email,Pricing and licensing,2023-05-16 03:05:02.000000,,Ready to use Software,Tier 1,Austria,47.6964719,13.3457347
2107,Closed,Medium,Email,Product setup,2023-05-15 23:19:14.000000,2023-05-22 00:05:18.878,Ready to use Software,Tier 1,Greece,39.368279,21.863141
2108,Closed,High,Chat,Feature request,2023-05-15 19:39:38.000000,2023-05-20 07:56:32.959,Ready to use Software,Tier 1,Austria,47.6964719,13.3457347
2109,Resolved,Medium,Chat,Purchasing and invoicing,2023-05-15 20:04:49.000000,,Ready to use Software,Tier 1,Bulgaria,42.7249925,25.4833039
2110,In progress,Low,Email,Feature request,2023-05-16 22:30:30.000000,,Custom software development,Tier 1,Italy,43.036776,12.678565
2111,Resolved,Low,Email,Pricing and licensing,2023-05-16 14:50:40.000000,,Ready to use Software,Tier 1,Greece,39.368279,21.863141
2112,Closed,Low,Chat,Product setup,2023-05-16 11:04:29.000000,2023-05-20 04:12:06.972,Custom software development,Tier 1,Germany,51.165691,10.451526
2113,Closed,Low,Chat,Product setup,2023-05-16 23:50:27.000000,2023-05-22 03:08:04.531,Other,Tier 1,Italy,43.036776,12.678565
2114,Closed,Low,Chat,Pricing and licensing,2023-05-16 09:34:49.000000,2023-05-23 23:59:02.103,Custom software development,Tier 2,Austria,47.6964719,13.3457347
2115,Closed,Low,Chat,Product setup,2023-05-17 00:33:58.000000,2023-05-20 22:40:34.701,Ready to use Software,Tier 1,Bulgaria,42.7249925,25.4833039
2117,Closed,Medium,Chat,Product setup,2023-05-16 04:32:51.000000,2023-05-19 04:41:34.497,Custom software development,Tier 2,Italy,43.036776,12.678565
2118,Closed,Medium,Chat,Feature request,2023-05-17 00:59:57.000000,2023-05-19 16:57:54.594,Custom software development,Tier 1,Germany,51.165691,10.451526
2120,Closed,Low,Chat,Bug report,2023-05-17 08:10:13.000000,2023-05-23 02:29:27.089,Ready to use Software,Tier 1,Italy,43.036776,12.678565
2121,In progress,Low,Phone,Purchasing and invoicing,2023-05-18 00:17:37.000000,,Training and Consulting Services,Tier 2,France,48.864716,2.349014
2122,In progress,Medium,Email,Product setup,2023-05-17 05:38:33.000000,,Training and Consulting Services,Tier 1,Germany,51.165691,10.451526
2123,Resolved,High,Chat,Bug report,2023-05-17 10:42:41.000000,,Ready to use Software,Tier 2,Austria,47.6964719,13.3457347
2124,Closed,High,Chat,Bug report,2023-05-17 15:46:25.000000,2023-05-21 15:41:57.196,Ready to use Software,Tier 1,Germany,51.165691,10.451526
2125,Closed,Low,Email,Product setup,2023-05-17 07:05:58.000000,2023-05-20 03:07:27.813,Custom software development,Tier 1,United Kingdom,55.378052,-3.435973
2126,In progress,Medium,Email,Bug report,2023-05-17 06:54:50.000000,,Training and Consulting Services,Tier 2,Poland,52.536273,19.050639
2127,In progress,Medium,Chat,Purchasing and invoicing,2023-05-18 02:19:04.000000,,Ready to use Software,Tier 1,France,48.864716,2.349014
2128,Closed,Low,Email,Other,2023-05-17 05:39:16.000000,2023-05-23 18:58:54.153,Ready to use Software,Tier 1,Bulgaria,42.7249925,25.4833039
2129,Closed,Medium,Email,Pricing and licensing,2023-05-17 17:35:55.000000,2023-05-24 02:33:49.608,Ready to use Software,Tier 1,Spain,39.67337,-4.767726
2130,Resolved,Low,Email,Product setup,2023-05-17 12:56:49.000000,,Other,Tier 2,Greece,39.368279,21.863141
2131,Closed,Low,Email,Feature request,2023-05-17 22:09:46.000000,2023-05-23 12:34:33.353,Ready to use Software,Tier 2,Italy,43.036776,12.678565
2132,Closed,Low,Chat,Product setup,2023-05-18 00:47:12.000000,2023-05-21 03:13:04.985,Other,Tier 1,Bulgaria,42.7249925,25.4833039
2133,Closed,Low,Email,Pricing and licensing,2023-05-18 08:35:32.000000,2023-05-21 06:53:00.644,Training and Consulting Services,Tier 2,France,48.864716,2.349014
2134,In progress,Low,Chat,Bug report,2023-05-18 06:59:48.000000,,Ready to use Software,Tier 1,Poland,52.536273,19.050639
2135,Resolved,Low,Phone,Feature request,2023-05-18 09:54:00.000000,,Ready to use Software,Tier 1,Austria,47.6964719,13.3457347
2136,Closed,Low,Chat,Product setup,2023-05-18 18:04:54.000000,2023-05-22 19:21:10.897,Ready to use Software,Tier 2,France,48.864716,2.349014
2137,Resolved,High,Email,Product setup,2023-05-18 10:09:03.000000,,Other,Tier 1,Bulgaria,42.7249925,25.4833039
2138,Resolved,Low,Chat,Other,2023-05-18 05:02:52.000000,,Training and Consulting Services,Tier 1,Republic of Ireland,53.094024,-8.019675
2139,Resolved,Medium,Email,Purchasing and invoicing,2023-05-18 04:56:39.000000,,Ready to use Software,Tier 1,France,48.864716,2.349014
2140,Closed,High,Chat,Feature request,2023-05-19 13:18:12.000000,2023-05-21 06:59:57.500,Ready to use Software,Tier 2,Italy,43.036776,12.678565
2141,Closed,Low,Chat,Feature request,2023-05-19 13:21:45.000000,2023-05-25 20:23:30.373,Ready to use Software,Tier 2,France,48.864716,2.349014
2142,Resolved,Medium,Email,Pricing and licensing,2023-05-20 00:11:47.000000,,Custom software development,Tier 1,Spain,39.67337,-4.767726
2143,Closed,Medium,Email,Bug report,2023-05-19 22:13:22.000000,2023-05-24 05:14:10.751,Ready to use Software,Tier 1,United Kingdom,55.378052,-3.435973
2144,Closed,Low,Email,Feature request,2023-05-20 02:25:42.000000,2023-05-24 09:30:16.069,Ready to use Software,Tier 1,Germany,51.165691,10.451526
2145,Resolved,Medium,Chat,Product setup,2023-05-20 02:52:07.000000,,Ready to use Software,Tier 2,Italy,43.036776,12.678565
2146,In progress,Low,Email,Feature request,2023-05-19 14:51:14.000000,,Custom software development,Tier 1,United Kingdom,55.378052,-3.435973
2147,Resolved,High,Email,Feature request,2023-05-20 04:38:09.000000,,Other,Tier 1,Germany,51.165691,10.451526
2151,Resolved,Low,Email,Feature request,2023-05-20 18:53:34.000000,,Ready to use Software,Tier 1,Greece,39.368279,21.863141
2152,In progress,Low,Chat,Product setup,2023-05-20 08:03:32.000000,,Ready to use Software,Tier 1,Spain,39.67337,-4.767726
2153,Resolved,Low,Phone,Purchasing and invoicing,2023-05-20 19:44:42.000000,,Ready to use Software,Tier 1,Greece,39.368279,21.863141
2154,In progress,Medium,Email,Product setup,2023-05-21 14:36:31.000000,,Custom software development,Tier 1,Austria,47.6964719,13.3457347
2155,Closed,High,Email,Other,2023-05-21 11:27:31.000000,2023-05-23 18:44:52.583,Training and Consulting Services,Tier 1,Republic of Ireland,53.094024,-8.019675
2156,Resolved,Medium,Phone,Product setup,2023-05-22 00:41:47.000000,,Custom software development,Tier 1,France,48.864716,2.349014
2161,Closed,Medium,Phone,Product setup,2023-05-22 20:48:25.000000,2023-05-25 21:34:10.715,Other,Tier 2,Republic of Ireland,53.094024,-8.019675
2162,Resolved,Medium,Email,Bug report,2023-05-22 09:23:12.000000,,Ready to use Software,Tier 1,Poland,52.536273,19.050639
2163,Resolved,Medium,Email,Product setup,2023-05-22 22:39:02.000000,,Training and Consulting Services,Tier 1,United Kingdom,55.378052,-3.435973
2164,Resolved,High,Email,Bug report,2023-05-23 01:17:37.000000,,Custom software development,Tier 1,Poland,52.536273,19.050639
2165,Closed,Low,Phone,Pricing and licensing,2023-05-22 15:49:12.000000,2023-05-30 01:17:35.675,Ready to use Software,Tier 2,Greece,39.368279,21.863141
2166,Resolved,Medium,Phone,Bug report,2023-05-22 22:21:23.000000,,Training and Consulting Services,Tier 2,Austria,47.6964719,13.3457347
2167,In progress,Low,Chat,Pricing and licensing,2023-05-22 07:46:21.000000,,Ready to use Software,Tier 1,France,48.864716,2.349014
2168,Resolved,Medium,Phone,Pricing and licensing,2023-05-22 11:29:34.000000,,Ready to use Software,Tier 1,Greece,39.368279,21.863141
2169,Closed,Medium,Email,Purchasing and invoicing,2023-05-22 16:09:17.000000,2023-05-28 10:54:22.059,Training and Consulting Services,Tier 2,Republic of Ireland,53.094024,-8.019675
2170,Resolved,Low,Email,Feature request,2023-05-22 14:26:47.000000,,Other,Tier 1,Spain,39.67337,-4.767726
2171,In progress,Low,Email,Bug report,2023-05-22 13:23:54.000000,,Ready to use Software,Tier 1,France,48.864716,2.349014
2172,Closed,Low,Chat,Other,2023-05-22 19:13:22.000000,2023-05-26 06:02:06.883,Custom software development,Tier 1,Italy,43.036776,12.678565
2173,Closed,Medium,Email,Pricing and licensing,2023-05-23 00:37:08.000000,2023-05-29 10:12:47.136,Other,Tier 1,Germany,51.165691,10.451526
2174,In progress,Medium,Email,Pricing and licensing,2023-05-22 05:35:36.000000,,Ready to use Software,Tier 2,Slovenia,46.1491664,14.9860106
2175,Closed,Low,Email,Pricing and licensing,2023-05-22 08:58:52.000000,2023-05-28 04:51:19.704,Training and Consulting Services,Tier 1,United Kingdom,55.378052,-3.435973
2176,Closed,Medium,Chat,Training request,2023-05-24 02:40:09.000000,2023-05-30 05:50:59.629,Training and Consulting Services,Tier 1,France,48.864716,2.349014
2177,Closed,Medium,Chat,Pricing and licensing,2023-05-23 09:53:45.000000,2023-05-27 11:39:39.441,Training and Consulting Services,Tier 1,United Kingdom,55.378052,-3.435973
2178,Closed,Low,Email,Product setup,2023-05-23 04:49:48.000000,2023-05-27 01:17:43.611,Training and Consulting Services,Tier 1,United Kingdom,55.378052,-3.435973
2179,Closed,Medium,Email,Product setup,2023-05-23 15:32:40.000000,2023-05-25 23:30:42.427,Other,Tier 1,Germany,51.165691,10.451526
2180,Closed,High,Email,Product setup,2023-05-23 10:23:44.000000,2023-05-26 23:57:12.185,Custom software development,Tier 1,Germany,51.165691,10.451526
2183,In progress,Medium,Email,Feature request,2023-05-23 06:47:45.000000,,Custom software development,Tier 2,Republic of Ireland,53.094024,-8.019675
2184,Resolved,High,Email,Product setup,2023-05-24 07:30:28.000000,,Training and Consulting Services,Tier 1,Bulgaria,42.7249925,25.4833039
2185,Resolved,Low,Chat,Product setup,2023-05-24 11:40:10.000000,,Ready to use Software,Tier 1,Poland,52.536273,19.050639
2186,In progress,Low,Chat,Feature request,2023-05-25 01:59:19.000000,,Ready to use Software,Tier 2,Slovenia,46.1491664,14.9860106
2188,Closed,High,Chat,Product setup,2023-05-25 02:52:47.000000,2023-05-30 23:17:18.764,Other,Tier 1,Germany,51.165691,10.451526
2189,Closed,Low,Chat,Pricing and licensing,2023-05-24 17:25:23.000000,2023-05-30 04:06:24.941,Ready to use Software,Tier 1,Greece,39.368279,21.863141
2190,Closed,Low,Email,Pricing and licensing,2023-05-24 05:25:21.000000,2023-05-25 19:58:34.677,Other,Tier 1,Italy,43.036776,12.678565
2192,Resolved,High,Email,Feature request,2023-05-24 04:06:54.000000,,Custom software development,Tier 1,Poland,52.536273,19.050639
2193,Closed,Medium,Chat,Purchasing and invoicing,2023-05-24 09:42:39.000000,2023-05-29 22:48:13.192,Other,Tier 1,Czech Republic,49.8037633,15.4749126
2194,Resolved,Medium,Chat,Pricing and licensing,2023-05-25 04:10:39.000000,,Custom software development,Tier 2,Spain,39.67337,-4.767726
2195,Closed,Low,Email,Feature request,2023-05-25 07:02:20.000000,2023-05-30 05:50:52.452,Ready to use Software,Tier 1,Slovenia,46.1491664,14.9860106
2196,In progress,Low,Chat,Bug report,2023-05-25 20:37:26.000000,,Ready to use Software,Tier 1,Germany,51.165691,10.451526
2197,Resolved,Low,Chat,Bug report,2023-05-26 03:58:35.000000,,Ready to use Software,Tier 1,Slovenia,46.1491664,14.9860106
2198,In progress,Low,Email,Purchasing and invoicing,2023-05-25 09:26:04.000000,,Custom software development,Tier 1,Slovenia,46.1491664,14.9860106
2199,Closed,High,Phone,Feature request,2023-05-25 18:47:02.000000,2023-05-28 14:22:53.251,Ready to use Software,Tier 1,Poland,52.536273,19.050639
2200,Resolved,Low,Chat,Product setup,2023-05-26 00:08:06.000000,,Custom software development,Tier 1,Austria,47.6964719,13.3457347
2201,Closed,High,Chat,Pricing and licensing,2023-05-25 17:55:06.000000,2023-05-30 23:42:59.030,Ready to use Software,Tier 2,Bulgaria,42.7249925,25.4833039
2202,Closed,Low,Email,Product setup,2023-05-25 21:33:19.000000,2023-05-29 18:15:35.291,Custom software development,Tier 1,Republic of Ireland,53.094024,-8.019675
2203,Resolved,Medium,Email,Pricing and licensing,2023-05-25 17:52:26.000000,,Ready to use Software,Tier 1,United Kingdom,55.378052,-3.435973
2204,Resolved,Low,Email,Product setup,2023-05-26 22:49:22.000000,,Custom software development,Tier 1,Slovenia,46.1491664,14.9860106
2205,Closed,Medium,Email,Feature request,2023-05-27 01:16:25.000000,2023-05-29 13:39:39.304,Other,Tier 2,Greece,39.368279,21.863141
2206,Resolved,Low,Email,Pricing and licensing,2023-05-26 15:09:54.000000,,Custom software development,Tier 1,Germany,51.165691,10.451526
2207,Resolved,Low,Email,Other,2023-05-26 11:39:45.000000,,Custom software development,Tier 1,France,48.864716,2.349014
2208,Resolved,Medium,Email,Pricing and licensing,2023-05-27 02:47:11.000000,,Custom software development,Tier 1,Bulgaria,42.7249925,25.4833039
2209,In progress,Low,Chat,Product setup,2023-05-26 20:39:38.000000,,Ready to use Software,Tier 1,Poland,52.536273,19.050639
2219,Closed,Low,Email,Bug report,2023-05-28 22:01:07.000000,2023-06-01 02:33:24.235,Ready to use Software,Tier 1,Poland,52.536273,19.050639
2220,Resolved,Low,Email,Feature request,2023-05-28 21:35:16.000000,,Other,Tier 1,Poland,52.536273,19.050639
2221,Closed,Medium,Chat,Feature request,2023-05-29 03:04:13.000000,2023-06-04 19:07:12.234,Ready to use Software,Tier 1,Poland,52.536273,19.050639
2222,Resolved,Low,Email,Bug report,2023-05-28 07:21:55.000000,,Custom software development,Tier 1,Poland,52.536273,19.050639
2223,Closed,High,Email,Purchasing and invoicing,2023-05-29 19:46:30.000000,2023-06-04 11:23:00.645,Other,Tier 1,Spain,39.67337,-4.767726
2224,Resolved,Medium,Chat,Product setup,2023-05-29 04:44:02.000000,,Custom software development,Tier 1,Greece,39.368279,21.863141
2225,Resolved,Low,Chat,Purchasing and invoicing,2023-05-30 06:42:21.000000,,Other,Tier 2,Italy,43.036776,12.678565
2226,Resolved,Low,Chat,Feature request,2023-05-30 19:57:45.000000,,Ready to use Software,Tier 1,United Kingdom,55.378052,-3.435973
2227,In progress,High,Phone,Pricing and licensing,2023-05-30 22:33:13.000000,,Ready to use Software,Tier 1,Slovenia,46.1491664,14.9860106
2228,In progress,Medium,Chat,Pricing and licensing,2023-05-30 12:36:51.000000,,Ready to use Software,Tier 2,Austria,47.6964719,13.3457347
2229,Closed,Medium,Chat,Purchasing and invoicing,2023-05-30 17:39:34.000000,2023-06-03 18:37:17.792,Ready to use Software,Tier 2,Czech Republic,49.8037633,15.4749126
2230,In progress,Low,Phone,Purchasing and invoicing,2023-05-31 16:33:45.000000,,Training and Consulting Services,Tier 1,Austria,47.6964719,13.3457347
2231,Resolved,High,Email,Other,2023-05-31 21:08:54.000000,,Ready to use Software,Tier 1,United Kingdom,55.378052,-3.435973
2232,Resolved,Low,Email,Product setup,2023-06-01 02:08:57.000000,,Custom software development,Tier 1,France,48.864716,2.349014
2233,Resolved,Low,Chat,Product setup,2023-05-31 13:43:09.000000,,Ready to use Software,Tier 2,Germany,51.165691,10.451526
2234,Resolved,Low,Chat,Product setup,2023-05-31 05:43:07.000000,,Ready to use Software,Tier 2,Germany,51.165691,10.451526
2235,Closed,Low,Chat,Other,2023-05-31 19:37:38.000000,2023-06-08 00:31:06.840,Custom software development,Tier 2,Czech Republic,49.8037633,15.4749126
2236,Resolved,Medium,Phone,Pricing and licensing,2023-05-31 04:42:59.000000,,Ready to use Software,Tier 1,Germany,51.165691,10.451526
2237,Resolved,Low,Email,Feature request,2023-05-31 09:35:05.000000,,Ready to use Software,Tier 1,Greece,39.368279,21.863141
2238,In progress,High,Email,Feature request,2023-05-31 19:30:07.000000,,Other,Tier 1,France,48.864716,2.349014
2239,Closed,Low,Chat,Feature request,2023-05-31 11:51:56.000000,2023-06-08 03:48:01.818,Ready to use Software,Tier 1,Germany,51.165691,10.451526
2240,Resolved,Low,Email,Product setup,2023-05-31 22:01:38.000000,,Training and Consulting Services,Tier 1,United Kingdom,55.378052,-3.435973
2241,Closed,Medium,Chat,Feature request,2023-06-01 13:58:22.000000,2023-06-08 07:00:23.752,Custom software development,Tier 1,Austria,47.6964719,13.3457347
2242,In progress,Low,Email,Bug report,2023-06-01 10:03:01.000000,,Ready to use Software,Tier 1,Poland,52.536273,19.050639
2243,Resolved,High,Chat,Feature request,2023-06-01 11:22:16.000000,,Ready to use Software,Tier 2,Czech Republic,49.8037633,15.4749126
2244,Closed,High,Chat,Feature request,2023-06-02 03:48:05.000000,2023-06-06 11:24:09.657,Ready to use Software,Tier 2,Poland,52.536273,19.050639
2245,In progress,High,Chat,Product setup,2023-06-01 21:36:29.000000,,Other,Tier 1,Bulgaria,42.7249925,25.4833039
2246,In progress,Low,Chat,Feature request,2023-06-02 19:45:26.000000,,Other,Tier 1,Slovenia,46.1491664,14.9860106
2247,Resolved,Low,Phone,Purchasing and invoicing,2023-06-02 04:48:15.000000,,Ready to use Software,Tier 1,United Kingdom,55.378052,-3.435973
2248,In progress,Low,Phone,Product setup,2023-06-02 20:43:08.000000,,Ready to use Software,Tier 2,Republic of Ireland,53.094024,-8.019675
2249,Closed,Low,Chat,Pricing and licensing,2023-06-02 21:57:50.000000,2023-06-06 07:42:17.913,Other,Tier 1,Germany,51.165691,10.451526
2250,Closed,Low,Chat,Purchasing and invoicing,2023-06-02 07:33:53.000000,2023-06-07 08:57:13.459,Custom software development,Tier 1,Italy,43.036776,12.678565
2251,Closed,Low,Email,Purchasing and invoicing,2023-06-02 15:24:06.000000,2023-06-07 21:29:48.937,Custom software development,Tier 2,Czech Republic,49.8037633,15.4749126
2252,Resolved,Low,Email,Product setup,2023-06-03 13:56:16.000000,,Ready to use Software,Tier 1,Republic of Ireland,53.094024,-8.019675
2253,Closed,Medium,Chat,Pricing and Licensing,2023-06-03 14:52:50.000000,2023-06-08 03:17:28.213,Custom software development,Tier 1,Italy,43.036776,12.678565
2254,Resolved,Low,Chat,Bug report,2023-06-03 04:48:39.000000,,Training and Consulting Services,Tier 1,Poland,52.536273,19.050639
2255,Resolved,Low,Chat,Feature request,2023-06-03 09:01:48.000000,,Ready to use Software,Tier 1,France,48.864716,2.349014
2267,Closed,Low,Email,Pricing and licensing,2023-06-04 09:31:08.000000,2023-06-07 20:20:44.286,Ready to use Software,Tier 1,United Kingdom,55.378052,-3.435973
2268,Closed,Medium,Email,Other,2023-06-04 22:21:52.000000,2023-06-08 08:11:09.489,Other,Tier 1,Republic of Ireland,53.094024,-8.019675
2269,Closed,Medium,Email,Product setup,2023-06-04 16:39:07.000000,2023-06-06 20:24:21.224,Ready to use Software,Tier 1,Poland,52.536273,19.050639
2270,Closed,Low,Email,Pricing and licensing,2023-06-05 20:13:03.000000,2023-06-08 07:47:15.852,Ready to use Software,Tier 1,Poland,52.536273,19.050639
2271,Resolved,Low,Chat,Purchasing and invoicing,2023-06-05 11:21:15.000000,,Ready to use Software,Tier 1,Greece,39.368279,21.863141
2272,Closed,Low,Email,Product setup,2023-06-05 14:43:50.000000,2023-06-08 12:57:18.250,Other,Tier 1,Republic of Ireland,53.094024,-8.019675
3547,Resolved,Medium,Chat,Other,2023-11-08 07:07:36.000000,,Training and Consulting Services,Tier 1,Italy,43.036776,12.678565
3548,Resolved,Low,Email,Other,2023-11-08 16:37:14.000000,,Custom software development,Tier 1,Germany,51.165691,10.451526
3550,Resolved,Medium,Chat,Product setup,2023-11-08 17:19:12.000000,,Ready to use Software,Tier 2,Slovenia,46.1491664,14.9860106
3551,Closed,High,Email,Feature request,2023-11-09 02:27:37.000000,2023-11-13 06:16:10.810,Ready to use Software,Tier 1,Poland,52.536273,19.050639
3552,In progress,Low,Chat,Other,2023-11-08 12:52:27.000000,,Custom software development,Tier 1,France,48.864716,2.349014
3553,Closed,High,Email,Training request,2023-11-09 09:47:36.000000,2023-11-11 13:15:25.577,Training and Consulting Services,Tier 1,France,48.864716,2.349014
3554,In progress,Low,Email,Pricing and licensing,2023-11-10 01:45:50.000000,,Ready to use Software,Tier 1,Spain,39.67337,-4.767726
3555,Closed,Low,Email,Product setup,2023-11-10 02:18:44.000000,2023-11-12 16:59:49.006,Other,Tier 1,Germany,51.165691,10.451526
3556,Closed,Low,Email,Pricing and licensing,2023-11-10 04:18:57.000000,2023-11-11 13:49:31.395,Custom software development,Tier 1,Austria,47.6964719,13.3457347
3557,Closed,Medium,Chat,Purchasing and invoicing,2023-11-09 13:15:53.000000,2023-11-14 17:20:54.896,Ready to use Software,Tier 1,Bulgaria,42.7249925,25.4833039
3559,Closed,High,Email,Bug report,2023-11-09 08:02:00.000000,2023-11-13 10:56:39.370,Custom software development,Tier 1,Italy,43.036776,12.678565
3560,Closed,Medium,Chat,Feature request,2023-11-09 10:13:12.000000,2023-11-11 09:05:30.016,Other,Tier 1,Greece,39.368279,21.863141
3561,Resolved,Medium,Email,Pricing and Licensing,2023-11-09 05:43:22.000000,,Custom software development,Tier 1,Spain,39.67337,-4.767726
3562,Closed,High,Email,Pricing and licensing,2023-11-10 19:10:13.000000,2023-11-14 03:30:20.368,Ready to use Software,Tier 1,Italy,43.036776,12.678565
3563,Closed,Medium,Chat,Product setup,2023-11-10 05:57:33.000000,2023-11-16 15:05:05.029,Ready to use Software,Tier 1,Italy,43.036776,12.678565
3565,Closed,Low,Email,Other,2023-11-10 17:56:25.000000,2023-11-12 17:07:48.613,Ready to use Software,Tier 2,Italy,43.036776,12.678565
3566,Closed,Low,Phone,Product setup,2023-11-11 04:46:05.000000,2023-11-12 10:51:43.135,Ready to use Software,Tier 1,Austria,47.6964719,13.3457347
3567,Closed,High,Email,Product setup,2023-11-10 16:46:55.000000,2023-11-10 22:43:18.718,Other,Tier 1,Czech Republic,49.8037633,15.4749126
3568,Resolved,Low,Chat,Product setup,2023-11-10 11:58:51.000000,,Other,Tier 1,Germany,51.165691,10.451526
3569,Closed,Medium,Email,Pricing and licensing,2023-11-11 05:40:59.000000,2023-11-15 09:41:38.375,Custom software development,Tier 1,Bulgaria,42.7249925,25.4833039
3570,Closed,Low,Email,Feature request,2023-11-11 13:50:21.000000,2023-11-13 02:10:46.329,Other,Tier 1,Italy,43.036776,12.678565
3571,Resolved,High,Phone,Feature request,2023-11-11 05:34:31.000000,,Ready to use Software,Tier 1,Poland,52.536273,19.050639
3572,Closed,Low,Chat,Purchasing and invoicing,2023-11-12 01:11:44.000000,2023-11-18 16:13:15.404,Ready to use Software,Tier 1,Bulgaria,42.7249925,25.4833039
3573,Closed,High,Email,Purchasing and invoicing,2023-11-11 05:18:43.000000,2023-11-14 12:27:01.975,Ready to use Software,Tier 1,Austria,47.6964719,13.3457347
3574,Closed,Medium,Email,Other,2023-11-12 15:50:47.000000,2023-11-17 10:30:44.468,Ready to use Software,Tier 1,Czech Republic,49.8037633,15.4749126
3575,Closed,Medium,Email,Pricing and licensing,2023-11-12 05:16:05.000000,2023-11-14 08:51:38.102,Ready to use Software,Tier 1,Slovenia,46.1491664,14.9860106
3576,Closed,Low,Email,Product setup,2023-11-12 21:48:39.000000,2023-11-19 09:28:40.833,Training and Consulting Services,Tier 2,Republic of Ireland,53.094024,-8.019675
3584,Resolved,Medium,Phone,Feature request,2023-11-13 21:51:30.000000,,Other,Tier 1,France,48.864716,2.349014
3585,In progress,Low,Email,Product setup,2023-11-13 20:05:45.000000,,Ready to use Software,Tier 1,Poland,52.536273,19.050639
3586,In progress,Low,Email,Purchasing and invoicing,2023-11-13 13:27:15.000000,,Custom software development,Tier 1,Republic of Ireland,53.094024,-8.019675
3587,Closed,Low,Email,Pricing and licensing,2023-11-13 14:31:45.000000,2023-11-20 12:23:36.641,Training and Consulting Services,Tier 2,United Kingdom,55.378052,-3.435973
3588,Resolved,High,Chat,Product setup,2023-11-14 04:03:20.000000,,Ready to use Software,Tier 1,United Kingdom,55.378052,-3.435973
3589,Closed,Low,Email,Purchasing and invoicing,2023-11-13 16:46:21.000000,2023-11-17 19:09:24.856,Ready to use Software,Tier 1,Bulgaria,42.7249925,25.4833039
3590,In progress,Low,Chat,Product setup,2023-11-13 09:21:58.000000,,Custom software development,Tier 2,Germany,51.165691,10.451526
3591,Closed,Medium,Email,Feature request,2023-11-14 14:45:25.000000,2023-11-19 21:11:33.535,Ready to use Software,Tier 1,Germany,51.165691,10.451526
3592,Closed,High,Phone,Product setup,2023-11-14 17:05:31.000000,2023-11-17 16:57:55.801,Ready to use Software,Tier 1,Poland,52.536273,19.050639
3593,In progress,Low,Chat,Pricing and licensing,2023-11-14 10:07:29.000000,,Custom software development,Tier 1,Italy,43.036776,12.678565
3594,Closed,Low,Email,Feature request,2023-11-14 21:11:11.000000,2023-11-17 02:05:21.314,Ready to use Software,Tier 1,Italy,43.036776,12.678565
3595,In progress,Low,Email,Training request,2023-11-14 14:01:58.000000,,Training and Consulting Services,Tier 1,Slovenia,46.1491664,14.9860106
3596,Closed,High,Email,Product setup,2023-11-15 02:15:29.000000,2023-11-18 09:30:29.339,Ready to use Software,Tier 1,Spain,39.67337,-4.767726
3597,Resolved,Medium,Phone,Pricing and licensing,2023-11-14 10:20:32.000000,,Ready to use Software,Tier 2,United Kingdom,55.378052,-3.435973
3598,In progress,High,Email,Product setup,2023-11-14 07:14:10.000000,,Ready to use Software,Tier 1,Bulgaria,42.7249925,25.4833039
3599,Resolved,High,Chat,Pricing and licensing,2023-11-14 10:51:57.000000,,Ready to use Software,Tier 1,Czech Republic,49.8037633,15.4749126
3600,Resolved,Low,Email,Product setup,2023-11-15 18:43:51.000000,,Other,Tier 1,Republic of Ireland,53.094024,-8.019675
3601,Closed,Low,Phone,Pricing and Licensing,2023-11-16 00:04:12.000000,2023-11-20 23:06:36.958,Custom software development,Tier 1,Slovenia,46.1491664,14.9860106
3602,In progress,Medium,Chat,Product setup,2023-11-15 21:13:20.000000,,Training and Consulting Services,Tier 1,United Kingdom,55.378052,-3.435973
3603,In progress,Low,Chat,Pricing and licensing,2023-11-15 20:32:02.000000,,Ready to use Software,Tier 2,United Kingdom,55.378052,-3.435973
3604,Closed,Low,Email,Bug report,2023-11-16 03:41:22.000000,2023-11-19 04:49:52.404,Ready to use Software,Tier 1,United Kingdom,55.378052,-3.435973
3605,In progress,Medium,Email,Pricing and licensing,2023-11-15 13:13:13.000000,,Other,Tier 1,Poland,52.536273,19.050639
3606,Resolved,Low,Email,Feature request,2023-11-16 00:48:19.000000,,Ready to use Software,Tier 1,Greece,39.368279,21.863141
3607,Closed,Medium,Chat,Other,2023-11-15 22:46:50.000000,2023-11-20 21:54:34.844,Training and Consulting Services,Tier 1,United Kingdom,55.378052,-3.435973
3608,Closed,Low,Chat,Product setup,2023-11-16 19:57:42.000000,2023-11-20 09:12:35.098,Ready to use Software,Tier 1,United Kingdom,55.378052,-3.435973
3609,Closed,Low,Email,Product setup,2023-11-16 07:43:21.000000,2023-11-18 20:21:53.571,Ready to use Software,Tier 1,Greece,39.368279,21.863141
3610,In progress,Medium,Chat,Purchasing and invoicing,2023-11-16 17:28:46.000000,,Ready to use Software,Tier 2,Germany,51.165691,10.451526
3611,Closed,High,Email,Pricing and licensing,2023-11-16 10:59:23.000000,2023-11-19 01:54:24.237,Custom software development,Tier 1,Germany,51.165691,10.451526
3612,Closed,Low,Chat,Pricing and licensing,2023-11-16 21:11:44.000000,2023-11-23 11:43:33.174,Training and Consulting Services,Tier 1,Poland,52.536273,19.050639
3613,Resolved,Low,Chat,Pricing and licensing,2023-11-16 08:18:36.000000,,Custom software development,Tier 2,Republic of Ireland,53.094024,-8.019675
3614,Closed,Low,Email,Product setup,2023-11-16 05:09:43.000000,2023-11-21 09:11:24.627,Training and Consulting Services,Tier 2,Poland,52.536273,19.050639
3615,In progress,Low,Chat,Training request,2023-11-18 02:49:34.000000,,Training and Consulting Services,Tier 1,Bulgaria,42.7249925,25.4833039
3616,In progress,Low,Email,Feature request,2023-11-17 10:21:24.000000,,Ready to use Software,Tier 1,United Kingdom,55.378052,-3.435973
3617,Resolved,Medium,Email,Product setup,2023-11-17 12:52:27.000000,,Other,Tier 2,Slovenia,46.1491664,14.9860106
3618,Closed,Medium,Email,Feature request,2023-11-18 00:40:21.000000,2023-11-22 19:00:31.698,Ready to use Software,Tier 1,France,48.864716,2.349014
3619,Closed,Medium,Email,Feature request,2023-11-17 15:04:40.000000,2023-11-21 23:23:31.103,Custom software development,Tier 1,Czech Republic,49.8037633,15.4749126
3620,Resolved,Low,Email,Pricing and Licensing,2023-11-18 01:00:23.000000,,Custom software development,Tier 1,Czech Republic,49.8037633,15.4749126
3621,Closed,Low,Chat,Pricing and licensing,2023-11-17 20:36:27.000000,2023-11-22 16:59:44.363,Custom software development,Tier 1,Italy,43.036776,12.678565
3622,Closed,Low,Chat,Pricing and licensing,2023-11-17 15:27:31.000000,2023-11-21 03:31:09.747,Other,Tier 1,Germany,51.165691,10.451526
3628,Closed,Low,Chat,Bug report,2023-11-18 07:08:40.000000,2023-11-21 03:53:33.279,Other,Tier 2,Spain,39.67337,-4.767726
3629,Closed,Low,Chat,Purchasing and invoicing,2023-11-18 16:16:30.000000,2023-11-20 01:08:12.616,Other,Tier 1,United Kingdom,55.378052,-3.435973
3630,Resolved,Medium,Email,Purchasing and invoicing,2023-11-19 01:23:28.000000,,Ready to use Software,Tier 1,Slovenia,46.1491664,14.9860106
3631,Resolved,Low,Phone,Product setup,2023-11-20 01:03:12.000000,,Ready to use Software,Tier 1,Spain,39.67337,-4.767726
3632,Closed,Low,Phone,Feature request,2023-11-19 06:53:46.000000,2023-11-23 18:50:58.897,Ready to use Software,Tier 1,Slovenia,46.1491664,14.9860106
3633,Resolved,Low,Email,Pricing and licensing,2023-11-19 06:06:29.000000,,Training and Consulting Services,Tier 1,Spain,39.67337,-4.767726
3634,Resolved,Low,Email,Feature request,2023-11-19 12:13:50.000000,,Custom software development,Tier 1,Germany,51.165691,10.451526
3641,Closed,Low,Phone,Pricing and licensing,2023-11-19 13:01:12.000000,2023-11-23 23:41:37.754,Other,Tier 1,Italy,43.036776,12.678565
3642,Closed,Medium,Email,Purchasing and invoicing,2023-11-21 02:50:19.000000,2023-11-22 12:30:38.703,Other,Tier 1,Germany,51.165691,10.451526
3643,Closed,Low,Chat,Pricing and licensing,2023-11-20 20:38:44.000000,2023-11-23 06:12:42.895,Other,Tier 1,Slovenia,46.1491664,14.9860106
3644,In progress,High,Phone,Product setup,2023-11-20 09:03:51.000000,,Ready to use Software,Tier 1,Italy,43.036776,12.678565
3646,Closed,High,Email,Feature request,2023-11-20 13:48:59.000000,2023-11-22 17:20:25.919,Custom software development,Tier 1,Slovenia,46.1491664,14.9860106
3647,Closed,Low,Email,Product setup,2023-11-20 21:00:41.000000,2023-11-25 02:10:11.409,Ready to use Software,Tier 2,Italy,43.036776,12.678565
3648,Resolved,High,Chat,Product setup,2023-11-20 11:00:11.000000,,Training and Consulting Services,Tier 1,Germany,51.165691,10.451526
3649,In progress,Medium,Email,Bug report,2023-11-21 00:02:57.000000,,Ready to use Software,Tier 1,France,48.864716,2.349014
3650,Closed,Medium,Email,Feature request,2023-11-21 12:35:59.000000,2023-11-25 18:08:16.433,Other,Tier 1,Germany,51.165691,10.451526
3651,Closed,Low,Email,Bug report,2023-11-21 05:03:06.000000,2023-11-23 18:13:17.468,Other,Tier 2,Republic of Ireland,53.094024,-8.019675
3652,Closed,Low,Chat,Feature request,2023-11-22 03:55:54.000000,2023-11-28 14:45:24.561,Custom software development,Tier 1,United Kingdom,55.378052,-3.435973
3653,Closed,Medium,Email,Pricing and licensing,2023-11-21 11:59:06.000000,2023-11-28 21:21:40.214,Custom software development,Tier 1,Poland,52.536273,19.050639
3654,Closed,Medium,Chat,Feature request,2023-11-22 00:03:23.000000,2023-11-25 08:22:09.186,Ready to use Software,Tier 2,Bulgaria,42.7249925,25.4833039
3655,Closed,High,Email,Product setup,2023-11-22 04:09:47.000000,2023-11-26 21:01:47.907,Ready to use Software,Tier 1,Italy,43.036776,12.678565
3656,Closed,Medium,Chat,Other,2023-11-21 11:29:06.000000,2023-11-25 02:09:00.820,Other,Tier 1,Spain,39.67337,-4.767726
3657,Closed,High,Chat,Pricing and licensing,2023-11-21 20:47:44.000000,2023-11-28 15:29:28.038,Ready to use Software,Tier 1,Italy,43.036776,12.678565
3658,Resolved,Medium,Chat,Purchasing and invoicing,2023-11-22 14:08:52.000000,,Custom software development,Tier 1,Austria,47.6964719,13.3457347
3659,Resolved,High,Chat,Pricing and licensing,2023-11-22 09:35:34.000000,,Ready to use Software,Tier 2,Czech Republic,49.8037633,15.4749126
3660,In progress,Low,Email,Product setup,2023-11-22 20:51:37.000000,,Ready to use Software,Tier 1,Italy,43.036776,12.678565
3661,Closed,High,Chat,Feature request,2023-11-22 14:38:49.000000,2023-11-24 11:35:48.615,Custom software development,Tier 2,United Kingdom,55.378052,-3.435973
3662,Closed,High,Chat,Pricing and Licensing,2023-11-22 16:28:44.000000,2023-11-25 01:15:00.984,Custom software development,Tier 1,Poland,52.536273,19.050639
3663,Closed,Low,Email,Pricing and Licensing,2023-11-22 11:02:56.000000,2023-11-25 15:26:27.423,Custom software development,Tier 1,Poland,52.536273,19.050639
3664,Closed,Medium,Chat,Product setup,2023-11-23 04:44:36.000000,2023-11-25 09:40:35.829,Ready to use Software,Tier 2,Poland,52.536273,19.050639
3665,Resolved,Low,Chat,Product setup,2023-11-22 19:26:53.000000,,Custom software development,Tier 2,Poland,52.536273,19.050639
3669,In progress,Low,Chat,Pricing and licensing,2023-11-23 11:42:07.000000,,Ready to use Software,Tier 1,Germany,51.165691,10.451526
3670,Resolved,Medium,Chat,Bug report,2023-11-24 00:35:42.000000,,Custom software development,Tier 1,Italy,43.036776,12.678565
3671,Resolved,High,Chat,Pricing and licensing,2023-11-23 10:58:08.000000,,Ready to use Software,Tier 1,Poland,52.536273,19.050639
3672,Resolved,Low,Chat,Purchasing and invoicing,2023-11-23 15:29:17.000000,,Training and Consulting Services,Tier 2,Czech Republic,49.8037633,15.4749126
3673,Closed,Medium,Email,Purchasing and invoicing,2023-11-23 15:29:18.000000,2023-11-27 05:15:06.461,Ready to use Software,Tier 1,Greece,39.368279,21.863141
3674,Resolved,Low,Chat,Feature request,2023-11-24 05:20:37.000000,,Ready to use Software,Tier 1,France,48.864716,2.349014
3675,Closed,Low,Email,Other,2023-11-24 15:39:39.000000,2023-12-01 01:17:19.707,Training and Consulting Services,Tier 1,Poland,52.536273,19.050639
3677,Resolved,High,Email,Product setup,2023-11-24 06:46:54.000000,,Ready to use Software,Tier 2,Austria,47.6964719,13.3457347
3678,Closed,Medium,Email,Bug report,2023-11-24 19:47:52.000000,2023-11-29 13:36:39.053,Ready to use Software,Tier 1,Germany,51.165691,10.451526
3679,Resolved,Medium,Email,Training request,2023-11-24 07:11:22.000000,,Training and Consulting Services,Tier 2,Poland,52.536273,19.050639
3680,Closed,High,Email,Other,2023-11-25 04:36:32.000000,2023-11-28 10:24:03.358,Training and Consulting Services,Tier 1,Italy,43.036776,12.678565
3681,Closed,Low,Email,Pricing and licensing,2023-11-24 15:27:27.000000,2023-12-01 05:57:06.012,Custom software development,Tier 1,Germany,51.165691,10.451526
3682,Closed,Low,Phone,Feature request,2023-11-24 16:18:52.000000,2023-11-27 08:54:51.261,Custom software development,Tier 1,United Kingdom,55.378052,-3.435973
3683,Resolved,Low,Email,Pricing and licensing,2023-11-24 09:11:59.000000,,Ready to use Software,Tier 1,Republic of Ireland,53.094024,-8.019675
3684,Closed,Low,Chat,Product setup,2023-11-24 12:46:27.000000,2023-11-27 07:32:50.356,Ready to use Software,Tier 2,Germany,51.165691,10.451526
3685,Resolved,Low,Chat,Product setup,2023-11-24 20:45:32.000000,,Ready to use Software,Tier 1,Italy,43.036776,12.678565
3686,Closed,Low,Chat,Bug report,2023-11-26 00:03:37.000000,2023-12-01 13:17:48.509,Ready to use Software,Tier 1,Germany,51.165691,10.451526
3693,Resolved,High,Chat,Bug report,2023-11-25 16:16:49.000000,,Ready to use Software,Tier 1,Czech Republic,49.8037633,15.4749126
3695,In progress,Low,Chat,Feature request,2023-11-26 21:49:41.000000,,Ready to use Software,Tier 1,Poland,52.536273,19.050639
3696,Closed,Low,Chat,Product setup,2023-11-26 07:11:43.000000,2023-11-28 19:04:56.562,Custom software development,Tier 2,Austria,47.6964719,13.3457347
3697,Closed,Medium,Email,Product setup,2023-11-27 19:51:28.000000,2023-11-29 20:18:54.852,Ready to use Software,Tier 2,France,48.864716,2.349014
3698,Closed,High,Email,Product setup,2023-11-27 14:25:50.000000,2023-12-01 19:43:25.517,Ready to use Software,Tier 1,Italy,43.036776,12.678565
3699,Resolved,Medium,Email,Bug report,2023-11-27 08:24:46.000000,,Custom software development,Tier 2,United Kingdom,55.378052,-3.435973
3700,In progress,High,Chat,Feature request,2023-11-27 12:00:19.000000,,Custom software development,Tier 1,Italy,43.036776,12.678565
3701,Closed,High,Email,Purchasing and invoicing,2023-11-27 19:41:58.000000,2023-12-03 01:09:57.817,Custom software development,Tier 1,United Kingdom,55.378052,-3.435973
3703,Closed,Low,Email,Pricing and Licensing,2023-11-28 01:44:12.000000,2023-12-04 05:07:55.689,Custom software development,Tier 1,United Kingdom,55.378052,-3.435973
3704,Resolved,High,Chat,Product setup,2023-11-27 11:31:14.000000,,Ready to use Software,Tier 2,Italy,43.036776,12.678565
3705,Closed,Low,Chat,Purchasing and invoicing,2023-11-27 09:05:38.000000,2023-11-29 16:11:56.076,Other,Tier 1,Poland,52.536273,19.050639
3706,Closed,Low,Email,Bug report,2023-11-27 06:35:50.000000,2023-12-01 16:33:59.547,Training and Consulting Services,Tier 1,Germany,51.165691,10.451526
3707,Resolved,Low,Email,Product setup,2023-11-28 06:50:18.000000,,Ready to use Software,Tier 1,Italy,43.036776,12.678565
3708,Resolved,Medium,Email,Purchasing and invoicing,2023-11-28 07:08:15.000000,,Custom software development,Tier 2,France,48.864716,2.349014
3709,Closed,Low,Email,Feature request,2023-11-28 15:37:48.000000,2023-12-04 04:49:46.167,Other,Tier 1,Italy,43.036776,12.678565
3710,In progress,Low,Email,Product setup,2023-11-28 12:52:47.000000,,Ready to use Software,Tier 1,Italy,43.036776,12.678565
3711,Resolved,Low,Email,Product setup,2023-11-28 23:20:48.000000,,Ready to use Software,Tier 1,Slovenia,46.1491664,14.9860106
3712,Closed,High,Email,Feature request,2023-11-29 07:28:15.000000,2023-12-02 18:11:35.646,Custom software development,Tier 2,Poland,52.536273,19.050639
3713,In progress,Low,Email,Bug report,2023-11-29 20:15:55.000000,,Ready to use Software,Tier 1,Greece,39.368279,21.863141
3715,Closed,Medium,Chat,Purchasing and invoicing,2023-11-29 09:46:58.000000,2023-12-02 00:30:09.755,Other,Tier 1,Poland,52.536273,19.050639
3716,In progress,Low,Chat,Product setup,2023-11-29 08:34:33.000000,,Training and Consulting Services,Tier 1,France,48.864716,2.349014
3717,Resolved,Medium,Phone,Pricing and Licensing,2023-11-29 18:23:18.000000,,Custom software development,Tier 1,Germany,51.165691,10.451526
3718,In progress,Medium,Chat,Feature request,2023-11-29 16:04:30.000000,,Custom software development,Tier 1,Italy,43.036776,12.678565
3719,Closed,Medium,Chat,Pricing and licensing,2023-11-29 07:12:23.000000,2023-12-01 19:41:03.937,Training and Consulting Services,Tier 1,Germany,51.165691,10.451526
3720,Closed,Medium,Phone,Feature request,2023-11-29 08:46:33.000000,2023-11-30 07:23:36.007,Ready to use Software,Tier 1,Poland,52.536273,19.050639
3721,Closed,High,Email,Pricing and licensing,2023-11-29 05:31:07.000000,2023-12-02 18:42:56.063,Ready to use Software,Tier 1,Bulgaria,42.7249925,25.4833039
3722,Closed,Low,Phone,Pricing and licensing,2023-11-29 17:46:20.000000,2023-12-04 13:32:26.265,Other,Tier 1,Czech Republic,49.8037633,15.4749126
3723,Closed,Low,Email,Feature request,2023-11-30 01:07:50.000000,2023-12-03 15:03:22.863,Custom software development,Tier 1,United Kingdom,55.378052,-3.435973
3724,Resolved,High,Email,Purchasing and invoicing,2023-11-30 12:39:04.000000,,Custom software development,Tier 1,Greece,39.368279,21.863141
3725,Closed,Low,Phone,Pricing and licensing,2023-11-30 17:40:21.000000,2023-12-05 10:59:18.649,Ready to use Software,Tier 1,Germany,51.165691,10.451526
3726,Closed,Low,Email,Pricing and licensing,2023-11-30 13:39:54.000000,2023-12-02 15:41:13.881,Ready to use Software,Tier 2,Poland,52.536273,19.050639
3727,Resolved,High,Chat,Feature request,2023-11-30 20:07:53.000000,,Ready to use Software,Tier 1,Greece,39.368279,21.863141
3728,Resolved,High,Email,Product setup,2023-11-30 20:06:50.000000,,Custom software development,Tier 2,Austria,47.6964719,13.3457347
3729,Closed,Medium,Email,Bug report,2023-12-01 03:24:05.000000,2023-12-04 07:37:45.890,Custom software development,Tier 1,Republic of Ireland,53.094024,-8.019675
3730,Closed,Low,Chat,Product setup,2023-11-30 06:16:32.000000,2023-12-03 11:06:34.581,Custom software development,Tier 2,Italy,43.036776,12.678565
3731,Closed,Low,Phone,Feature request,2023-11-30 18:33:41.000000,2023-12-04 06:57:47.948,Ready to use Software,Tier 1,Czech Republic,49.8037633,15.4749126
3732,Resolved,Low,Email,Pricing and licensing,2023-11-30 06:43:27.000000,,Ready to use Software,Tier 1,Germany,51.165691,10.451526
3733,Closed,High,Email,Pricing and licensing,2023-11-30 15:52:26.000000,2023-12-03 20:48:35.141,Ready to use Software,Tier 1,Spain,39.67337,-4.767726
3734,Closed,Low,Email,Purchasing and invoicing,2023-11-30 16:14:08.000000,2023-12-07 03:40:45.899,Training and Consulting Services,Tier 1,Poland,52.536273,19.050639
3735,Closed,Low,Chat,Bug report,2023-11-30 20:41:41.000000,2023-12-04 19:20:14.709,Custom software development,Tier 1,Italy,43.036776,12.678565
3736,Closed,Low,Chat,Product setup,2023-11-30 17:36:28.000000,2023-12-03 16:50:48.097,Other,Tier 1,Italy,43.036776,12.678565
3737,In progress,Low,Email,Pricing and licensing,2023-12-01 09:12:24.000000,,Custom software development,Tier 1,United Kingdom,55.378052,-3.435973
3738,In progress,Low,Email,Other,2023-12-01 15:27:24.000000,,Custom software development,Tier 1,Greece,39.368279,21.863141
3739,Closed,Medium,Email,Purchasing and invoicing,2023-12-01 11:10:41.000000,2023-12-02 20:24:12.487,Ready to use Software,Tier 2,Bulgaria,42.7249925,25.4833039
3740,Open,High,Chat,Product setup,2023-12-01 10:04:05.000000,,Training and Consulting Services,Tier 2,Austria,47.6964719,13.3457347
3741,Open,Low,Chat,Pricing and licensing,2023-12-02 03:07:45.000000,,Ready to use Software,Tier 1,Austria,47.6964719,13.3457347
3742,Closed,Medium,Email,Product setup,2023-12-01 13:23:02.000000,2023-12-03 17:45:18.724,Ready to use Software,Tier 1,Austria,47.6964719,13.3457347
3743,In progress,Medium,Chat,Product setup,2023-12-02 03:43:53.000000,,Ready to use Software,Tier 2,Poland,52.536273,19.050639
3744,Closed,High,Chat,Feature request,2023-12-02 08:13:09.000000,2023-12-03 18:34:01.259,Ready to use Software,Tier 2,Austria,47.6964719,13.3457347
3745,Closed,Low,Email,Feature request,2023-12-02 08:47:24.000000,2023-12-08 08:15:28.282,Ready to use Software,Tier 1,Spain,39.67337,-4.767726
3746,Closed,High,Email,Bug report,2023-12-02 22:40:06.000000,2023-12-04 22:56:55.322,Custom software development,Tier 1,Republic of Ireland,53.094024,-8.019675
3752,Closed,Low,Email,Purchasing and invoicing,2023-12-02 20:47:24.000000,2023-12-05 07:36:21.463,Ready to use Software,Tier 1,Greece,39.368279,21.863141
3753,Resolved,Low,Chat,Pricing and licensing,2023-12-02 06:33:34.000000,,Ready to use Software,Tier 2,Bulgaria,42.7249925,25.4833039
3755,In progress,Medium,Chat,Product setup,2023-12-03 12:41:59.000000,,Custom software development,Tier 1,Italy,43.036776,12.678565
3756,Closed,Low,Email,Pricing and licensing,2023-12-04 04:02:15.000000,2023-12-05 15:43:26.233,Training and Consulting Services,Tier 1,Germany,51.165691,10.451526
3757,Closed,High,Chat,Pricing and licensing,2023-12-03 14:36:37.000000,2023-12-04 08:06:42.475,Ready to use Software,Tier 1,France,48.864716,2.349014
3758,Closed,Low,Chat,Training request,2023-12-03 17:13:20.000000,2023-12-04 08:25:54.323,Training and Consulting Services,Tier 1,Czech Republic,49.8037633,15.4749126
3759,Resolved,Low,Chat,Feature request,2023-12-03 21:40:24.000000,,Ready to use Software,Tier 1,Italy,43.036776,12.678565
3760,Closed,Medium,Email,Pricing and licensing,2023-12-03 13:41:50.000000,2023-12-07 21:10:38.006,Custom software development,Tier 1,Italy,43.036776,12.678565
3762,Closed,Low,Chat,Product setup,2023-12-04 08:02:19.000000,2023-12-04 12:42:26.615,Custom software development,Tier 1,Poland,52.536273,19.050639
3763,Resolved,High,Email,Product setup,2023-12-04 19:53:51.000000,,Ready to use Software,Tier 1,Germany,51.165691,10.451526
3765,Closed,Low,Email,Feature request,2023-12-04 09:44:02.000000,2023-12-06 00:56:51.557,Ready to use Software,Tier 1,Poland,52.536273,19.050639
3766,Closed,Low,Email,Pricing and licensing,2023-12-04 22:21:19.000000,2023-12-07 22:57:35.043,Custom software development,Tier 1,Republic of Ireland,53.094024,-8.019675
3767,Closed,High,Chat,Pricing and licensing,2023-12-05 01:25:55.000000,2023-12-05 13:44:34.955,Training and Consulting Services,Tier 1,Austria,47.6964719,13.3457347
3770,Closed,Medium,Email,Purchasing and invoicing,2023-12-04 23:47:16.000000,2023-12-08 06:51:55.046,Other,Tier 1,France,48.864716,2.349014
3771,In progress,Low,Chat,Other,2023-12-04 09:19:29.000000,,Ready to use Software,Tier 1,France,48.864716,2.349014
3772,Closed,Low,Email,Pricing and licensing,2023-12-04 12:48:05.000000,2023-12-07 00:47:49.502,Custom software development,Tier 1,United Kingdom,55.378052,-3.435973
3773,Closed,Low,Email,Bug report,2023-12-05 14:29:27.000000,2023-12-08 08:37:04.994,Ready to use Software,Tier 1,Greece,39.368279,21.863141
3774,Closed,High,Chat,Product setup,2023-12-06 01:35:11.000000,2023-12-10 17:52:35.100,Custom software development,Tier 1,Bulgaria,42.7249925,25.4833039
3775,Closed,Medium,Chat,Product setup,2023-12-05 22:34:01.000000,2023-12-07 04:33:35.908,Ready to use Software,Tier 2,Italy,43.036776,12.678565
3776,Resolved,Low,Chat,Product setup,2023-12-05 07:07:14.000000,,Custom software development,Tier 1,United Kingdom,55.378052,-3.435973
3777,Closed,Medium,Email,Bug report,2023-12-05 21:10:33.000000,2023-12-09 08:38:51.968,Ready to use Software,Tier 1,Poland,52.536273,19.050639
3778,Closed,Low,Chat,Bug report,2023-12-05 22:19:35.000000,2023-12-10 03:49:01.307,Training and Consulting Services,Tier 1,Slovenia,46.1491664,14.9860106
3779,Closed,Medium,Email,Product setup,2023-12-05 08:25:18.000000,2023-12-07 03:42:39.242,Other,Tier 1,Italy,43.036776,12.678565
3780,Closed,Low,Chat,Feature request,2023-12-05 21:52:36.000000,2023-12-10 17:33:55.627,Ready to use Software,Tier 1,Germany,51.165691,10.451526
3781,In progress,Low,Email,Product setup,2023-12-05 14:49:17.000000,,Other,Tier 1,Italy,43.036776,12.678565
3782,Closed,Medium,Email,Pricing and licensing,2023-12-06 12:16:35.000000,2023-12-08 17:38:42.779,Custom software development,Tier 2,Czech Republic,49.8037633,15.4749126
3783,Closed,Low,Chat,Purchasing and invoicing,2023-12-06 05:28:18.000000,2023-12-11 21:25:40.114,Custom software development,Tier 1,Italy,43.036776,12.678565
3784,Closed,Low,Chat,Pricing and licensing,2023-12-07 02:29:10.000000,2023-12-14 11:10:35.682,Training and Consulting Services,Tier 1,Germany,51.165691,10.451526
3785,Closed,Low,Email,Product setup,2023-12-06 18:58:09.000000,2023-12-12 10:41:20.381,Ready to use Software,Tier 1,Germany,51.165691,10.451526
3786,Resolved,Medium,Email,Bug report,2023-12-06 14:54:13.000000,,Ready to use Software,Tier 1,Poland,52.536273,19.050639
3787,Open,Medium,Email,Purchasing and invoicing,2023-12-06 08:52:38.000000,,Custom software development,Tier 1,Poland,52.536273,19.050639
3788,Closed,Medium,Email,Product setup,2023-12-06 22:56:14.000000,2023-12-10 23:35:49.204,Custom software development,Tier 1,Poland,52.536273,19.050639
3789,Resolved,Low,Chat,Feature request,2023-12-07 23:49:15.000000,,Ready to use Software,Tier 1,United Kingdom,55.378052,-3.435973
3790,Closed,Medium,Chat,Feature request,2023-12-08 03:00:48.000000,2023-12-11 04:17:24.502,Other,Tier 1,Bulgaria,42.7249925,25.4833039
3791,In progress,High,Email,Pricing and licensing,2023-12-07 07:56:44.000000,,Ready to use Software,Tier 1,Austria,47.6964719,13.3457347
3792,Closed,Medium,Email,Bug report,2023-12-07 08:27:04.000000,2023-12-09 22:28:07.642,Training and Consulting Services,Tier 1,United Kingdom,55.378052,-3.435973
3793,Open,Low,Chat,Product setup,2023-12-08 01:45:23.000000,,Other,Tier 1,Bulgaria,42.7249925,25.4833039
3794,Resolved,Low,Email,Pricing and licensing,2023-12-07 06:47:33.000000,,Training and Consulting Services,Tier 1,Greece,39.368279,21.863141
3795,Closed,Medium,Chat,Pricing and licensing,2023-12-08 03:35:46.000000,2023-12-13 06:34:20.291,Other,Tier 1,France,48.864716,2.349014
3797,Closed,Low,Email,Pricing and licensing,2023-12-07 06:02:40.000000,2023-12-09 05:41:37.367,Other,Tier 1,Poland,52.536273,19.050639
3798,Closed,Low,Email,Purchasing and invoicing,2023-12-09 00:29:32.000000,2023-12-11 16:43:58.545,Other,Tier 1,Italy,43.036776,12.678565
3799,Resolved,Medium,Chat,Purchasing and invoicing,2023-12-09 03:29:50.000000,,Ready to use Software,Tier 1,Italy,43.036776,12.678565
3801,Closed,Medium,Email,Pricing and licensing,2023-12-09 02:05:54.000000,2023-12-10 17:38:57.580,Ready to use Software,Tier 2,Spain,39.67337,-4.767726
3802,Closed,Low,Chat,Product setup,2023-12-08 20:21:56.000000,2023-12-14 05:13:08.598,Custom software development,Tier 1,United Kingdom,55.378052,-3.435973
3803,Closed,Low,Email,Pricing and licensing,2023-12-08 16:28:58.000000,2023-12-11 12:23:29.124,Ready to use Software,Tier 2,Czech Republic,49.8037633,15.4749126
3804,Closed,Low,Email,Pricing and licensing,2023-12-08 21:08:01.000000,2023-12-11 15:59:44.964,Custom software development,Tier 1,Republic of Ireland,53.094024,-8.019675
3805,Closed,Low,Email,Product setup,2023-12-08 15:42:36.000000,2023-12-16 09:29:50.965,Ready to use Software,Tier 2,Poland,52.536273,19.050639
3806,Closed,Low,Phone,Product setup,2023-12-08 18:42:26.000000,2023-12-13 20:43:06.424,Ready to use Software,Tier 2,United Kingdom,55.378052,-3.435973
3812,Closed,Medium,Chat,Pricing and licensing,2023-12-09 23:12:30.000000,2023-12-13 13:49:25.059,Ready to use Software,Tier 1,Greece,39.368279,21.863141
3813,Closed,Medium,Email,Purchasing and invoicing,2023-12-09 07:41:17.000000,2023-12-14 06:17:24.194,Training and Consulting Services,Tier 1,Germany,51.165691,10.451526
3814,Closed,Medium,Email,Training request,2023-12-09 14:47:02.000000,2023-12-11 20:50:56.721,Training and Consulting Services,Tier 1,Germany,51.165691,10.451526
3815,Closed,Low,Chat,Other,2023-12-09 14:30:21.000000,2023-12-14 22:41:41.684,Training and Consulting Services,Tier 2,Poland,52.536273,19.050639
3816,Resolved,High,Phone,Other,2023-12-10 01:53:54.000000,,Ready to use Software,Tier 1,Slovenia,46.1491664,14.9860106
3817,Closed,Low,Chat,Feature request,2023-12-10 05:08:27.000000,2023-12-17 02:39:52.700,Custom software development,Tier 1,United Kingdom,55.378052,-3.435973
3818,Open,Low,Chat,Pricing and licensing,2023-12-11 03:40:41.000000,,Custom software development,Tier 1,Italy,43.036776,12.678565
3819,Closed,Low,Email,Training request,2023-12-10 22:29:44.000000,2023-12-14 18:06:02.770,Training and Consulting Services,Tier 2,Italy,43.036776,12.678565
3820,Closed,Medium,Email,Other,2023-12-11 01:12:57.000000,2023-12-16 18:00:43.791,Training and Consulting Services,Tier 2,Czech Republic,49.8037633,15.4749126
3821,Closed,Low,Chat,Feature request,2023-12-11 00:12:58.000000,2023-12-13 04:50:03.306,Custom software development,Tier 2,Greece,39.368279,21.863141
3822,In progress,Low,Email,Product setup,2023-12-10 20:47:58.000000,,Ready to use Software,Tier 1,Poland,52.536273,19.050639
3828,Closed,Low,Email,Product setup,2023-12-11 11:10:27.000000,2023-12-16 21:42:19.394,Ready to use Software,Tier 2,Czech Republic,49.8037633,15.4749126
3829,In progress,Low,Email,Product setup,2023-12-12 03:06:52.000000,,Other,Tier 1,United Kingdom,55.378052,-3.435973
3830,Open,Low,Email,Feature request,2023-12-11 06:00:06.000000,,Custom software development,Tier 1,Republic of Ireland,53.094024,-8.019675
3831,Resolved,Low,Chat,Purchasing and invoicing,2023-12-11 12:52:40.000000,,Custom software development,Tier 1,Spain,39.67337,-4.767726
3832,Closed,Medium,Phone,Product setup,2023-12-11 06:16:44.000000,2023-12-14 18:50:50.028,Custom software development,Tier 1,Germany,51.165691,10.451526
3833,Closed,High,Email,Feature request,2023-12-12 00:50:54.000000,2023-12-15 13:36:40.643,Custom software development,Tier 2,Slovenia,46.1491664,14.9860106
3834,Closed,Medium,Email,Feature request,2023-12-11 09:32:49.000000,2023-12-18 09:09:36.937,Ready to use Software,Tier 1,United Kingdom,55.378052,-3.435973
3835,In progress,Low,Chat,Other,2023-12-11 19:58:22.000000,,Other,Tier 1,Germany,51.165691,10.451526
3837,Closed,Low,Email,Pricing and licensing,2023-12-12 11:24:10.000000,2023-12-14 07:37:14.997,Training and Consulting Services,Tier 1,France,48.864716,2.349014
3838,Resolved,Medium,Chat,Feature request,2023-12-12 20:38:11.000000,,Ready to use Software,Tier 2,Greece,39.368279,21.863141
3839,Resolved,Low,Email,Bug report,2023-12-12 13:40:16.000000,,Ready to use Software,Tier 1,Slovenia,46.1491664,14.9860106
3840,Closed,Medium,Chat,Product setup,2023-12-12 23:31:41.000000,2023-12-19 07:18:05.426,Ready to use Software,Tier 1,France,48.864716,2.349014
3841,Closed,Low,Email,Product setup,2023-12-12 11:13:31.000000,2023-12-13 13:00:06.345,Ready to use Software,Tier 1,Austria,47.6964719,13.3457347
3842,Resolved,Low,Chat,Product setup,2023-12-12 05:10:31.000000,,Custom software development,Tier 1,Republic of Ireland,53.094024,-8.019675
3843,Closed,Medium,Email,Purchasing and invoicing,2023-12-13 13:49:29.000000,2023-12-18 04:28:04.477,Custom software development,Tier 2,Germany,51.165691,10.451526
3844,Closed,High,Email,Product setup,2023-12-14 00:06:23.000000,2023-12-17 00:01:35.143,Ready to use Software,Tier 1,Germany,51.165691,10.451526
3845,Closed,Medium,Email,Feature request,2023-12-13 23:00:56.000000,2023-12-15 05:52:04.974,Ready to use Software,Tier 1,Italy,43.036776,12.678565
3846,In progress,High,Email,Purchasing and invoicing,2023-12-13 10:24:35.000000,,Custom software development,Tier 1,Italy,43.036776,12.678565
3847,Resolved,Medium,Email,Pricing and licensing,2023-12-13 15:53:21.000000,,Training and Consulting Services,Tier 2,Slovenia,46.1491664,14.9860106
3849,Closed,Medium,Email,Feature request,2023-12-14 02:04:05.000000,2023-12-17 07:02:15.722,Custom software development,Tier 2,Germany,51.165691,10.451526
3850,Closed,Low,Chat,Pricing and licensing,2023-12-13 10:54:19.000000,2023-12-18 18:25:58.452,Ready to use Software,Tier 1,Poland,52.536273,19.050639
3851,Resolved,Medium,Email,Other,2023-12-13 14:15:55.000000,,Custom software development,Tier 1,Czech Republic,49.8037633,15.4749126
3852,Resolved,Medium,Email,Product setup,2023-12-14 22:49:40.000000,,Training and Consulting Services,Tier 1,United Kingdom,55.378052,-3.435973
3854,Closed,Low,Email,Product setup,2023-12-14 09:06:46.000000,2023-12-18 15:39:29.477,Other,Tier 1,Spain,39.67337,-4.767726
3855,Closed,Low,Chat,Feature request,2023-12-14 22:09:24.000000,2023-12-16 22:57:30.064,Ready to use Software,Tier 1,Spain,39.67337,-4.767726
3856,Closed,Medium,Email,Product setup,2023-12-14 20:45:25.000000,2023-12-16 16:32:48.407,Ready to use Software,Tier 2,France,48.864716,2.349014
3857,Resolved,Medium,Chat,Bug report,2023-12-14 20:07:48.000000,,Other,Tier 2,Slovenia,46.1491664,14.9860106
3858,Closed,Medium,Chat,Other,2023-12-14 22:23:53.000000,2023-12-18 10:25:06.337,Ready to use Software,Tier 1,Austria,47.6964719,13.3457347
3860,Closed,Low,Email,Pricing and licensing,2023-12-16 01:30:21.000000,2023-12-18 07:44:56.417,Other,Tier 1,France,48.864716,2.349014
3862,Open,Low,Email,Product setup,2023-12-15 15:06:09.000000,,Ready to use Software,Tier 2,Slovenia,46.1491664,14.9860106
3863,In progress,Low,Email,Product setup,2023-12-15 18:19:40.000000,,Ready to use Software,Tier 1,Republic of Ireland,53.094024,-8.019675
3870,Open,Low,Email,Feature request,2023-12-16 11:13:16.000000,,Custom software development,Tier 2,Austria,47.6964719,13.3457347
3871,Closed,Low,Chat,Product setup,2023-12-17 01:08:02.000000,2023-12-22 14:44:27.287,Custom software development,Tier 1,Germany,51.165691,10.451526
3872,Closed,High,Chat,Other,2023-12-18 02:01:13.000000,2023-12-24 15:32:11.996,Custom software development,Tier 1,United Kingdom,55.378052,-3.435973
3873,Closed,Low,Email,Purchasing and invoicing,2023-12-17 13:24:18.000000,2023-12-20 03:17:45.472,Training and Consulting Services,Tier 2,Slovenia,46.1491664,14.9860106
3874,In progress,Low,Chat,Pricing and licensing,2023-12-17 08:40:04.000000,,Other,Tier 1,Czech Republic,49.8037633,15.4749126
3880,Closed,Low,Chat,Other,2023-12-17 15:12:25.000000,2023-12-23 16:49:37.206,Ready to use Software,Tier 1,Republic of Ireland,53.094024,-8.019675
3881,Closed,High,Chat,Feature request,2023-12-17 08:01:30.000000,2023-12-19 10:11:51.961,Custom software development,Tier 1,Germany,51.165691,10.451526
3882,In progress,Low,Phone,Feature request,2023-12-17 06:45:34.000000,,Custom software development,Tier 1,Austria,47.6964719,13.3457347
3883,Resolved,Medium,Email,Product setup,2023-12-18 03:44:09.000000,,Ready to use Software,Tier 1,France,48.864716,2.349014
3884,Closed,Low,Phone,Purchasing and invoicing,2023-12-19 04:41:27.000000,2023-12-22 09:50:07.150,Ready to use Software,Tier 1,Czech Republic,49.8037633,15.4749126
3885,In progress,Medium,Email,Product setup,2023-12-18 13:45:38.000000,,Training and Consulting Services,Tier 1,Germany,51.165691,10.451526
3886,In progress,Low,Phone,Pricing and licensing,2023-12-18 11:00:25.000000,,Custom software development,Tier 1,Republic of Ireland,53.094024,-8.019675
3887,Closed,Medium,Email,Bug report,2023-12-19 04:25:00.000000,2023-12-22 17:33:03.147,Custom software development,Tier 1,Germany,51.165691,10.451526
3888,Resolved,Medium,Phone,Pricing and licensing,2023-12-18 22:02:21.000000,,Training and Consulting Services,Tier 1,Poland,52.536273,19.050639
3889,Closed,Medium,Chat,Product setup,2023-12-18 22:25:51.000000,2023-12-20 14:08:28.906,Training and Consulting Services,Tier 1,United Kingdom,55.378052,-3.435973
3890,Closed,Low,Chat,Product setup,2023-12-18 13:25:11.000000,2023-12-19 22:19:15.565,Training and Consulting Services,Tier 2,Slovenia,46.1491664,14.9860106
3891,Resolved,Low,Email,Bug report,2023-12-18 15:20:16.000000,,Custom software development,Tier 1,Italy,43.036776,12.678565
3892,In progress,Medium,Email,Product setup,2023-12-18 18:29:29.000000,,Ready to use Software,Tier 2,Poland,52.536273,19.050639
3893,Closed,Medium,Chat,Product setup,2023-12-19 16:34:41.000000,2023-12-24 09:39:30.349,Ready to use Software,Tier 1,Slovenia,46.1491664,14.9860106
3895,Resolved,Medium,Chat,Product setup,2023-12-19 10:55:21.000000,,Custom software development,Tier 2,France,48.864716,2.349014
3898,Resolved,Low,Chat,Pricing and licensing,2023-12-19 10:13:51.000000,,Training and Consulting Services,Tier 2,Italy,43.036776,12.678565
3900,Closed,Low,Chat,Product setup,2023-12-19 05:47:28.000000,2023-12-24 02:14:46.561,Custom software development,Tier 1,France,48.864716,2.349014
3901,Resolved,Low,Email,Purchasing and invoicing,2023-12-20 00:57:37.000000,,Ready to use Software,Tier 1,Republic of Ireland,53.094024,-8.019675
3902,Closed,Medium,Email,Product setup,2023-12-20 04:05:20.000000,2023-12-24 15:51:40.594,Custom software development,Tier 2,Italy,43.036776,12.678565
3903,Open,High,Email,Other,2023-12-19 13:47:16.000000,,Ready to use Software,Tier 1,United Kingdom,55.378052,-3.435973
3904,Resolved,Low,Email,Product setup,2023-12-19 10:32:23.000000,,Other,Tier 1,Poland,52.536273,19.050639
3905,Resolved,Low,Email,Training request,2023-12-20 08:14:23.000000,,Training and Consulting Services,Tier 2,Poland,52.536273,19.050639
3906,Closed,Low,Chat,Pricing and licensing,2023-12-20 11:19:31.000000,2023-12-21 15:31:47.846,Ready to use Software,Tier 2,Italy,43.036776,12.678565
3907,Open,Low,Email,Other,2023-12-21 03:08:52.000000,,Ready to use Software,Tier 1,Italy,43.036776,12.678565
3908,Resolved,High,Email,Pricing and licensing,2023-12-20 23:03:42.000000,,Training and Consulting Services,Tier 1,Poland,52.536273,19.050639
3909,Resolved,Low,Chat,Pricing and licensing,2023-12-20 07:51:25.000000,,Ready to use Software,Tier 1,Republic of Ireland,53.094024,-8.019675
3910,Closed,Low,Chat,Pricing and licensing,2023-12-21 04:24:36.000000,2023-12-25 17:13:16.886,Other,Tier 1,Slovenia,46.1491664,14.9860106
3911,In progress,Low,Chat,Feature request,2023-12-20 17:04:35.000000,,Ready to use Software,Tier 1,Greece,39.368279,21.863141
3912,Resolved,Low,Phone,Pricing and licensing,2023-12-21 00:52:48.000000,,Training and Consulting Services,Tier 1,Poland,52.536273,19.050639
3913,Closed,High,Chat,Product setup,2023-12-21 20:58:23.000000,2023-12-28 12:18:38.866,Custom software development,Tier 2,Germany,51.165691,10.451526
3914,Open,Medium,Email,Product setup,2023-12-22 01:19:02.000000,,Training and Consulting Services,Tier 1,Czech Republic,49.8037633,15.4749126
3915,Closed,High,Email,Bug report,2023-12-22 01:46:12.000000,2023-12-24 02:44:18.168,Ready to use Software,Tier 1,Italy,43.036776,12.678565
3916,Closed,Medium,Email,Other,2023-12-21 14:23:15.000000,2023-12-28 03:14:35.000,Training and Consulting Services,Tier 1,Germany,51.165691,10.451526
3917,Resolved,Medium,Chat,Purchasing and invoicing,2023-12-21 23:53:16.000000,,Other,Tier 1,United Kingdom,55.378052,-3.435973
3918,Closed,Low,Chat,Product setup,2023-12-22 13:37:49.000000,2023-12-23 16:17:04.205,Ready to use Software,Tier 2,Slovenia,46.1491664,14.9860106
3919,Closed,Low,Chat,Feature request,2023-12-22 09:43:16.000000,2023-12-26 14:22:05.271,Custom software development,Tier 1,Slovenia,46.1491664,14.9860106
3920,Resolved,Medium,Phone,Product setup,2023-12-22 20:36:22.000000,,Ready to use Software,Tier 1,Bulgaria,42.7249925,25.4833039
3921,Resolved,High,Email,Bug report,2023-12-22 07:52:27.000000,,Ready to use Software,Tier 2,Italy,43.036776,12.678565
3922,Closed,Low,Chat,Feature request,2023-12-22 18:17:01.000000,2023-12-30 00:25:45.472,Ready to use Software,Tier 1,Germany,51.165691,10.451526
3923,Resolved,Low,Chat,Product setup,2023-12-22 18:30:59.000000,,Ready to use Software,Tier 1,Czech Republic,49.8037633,15.4749126
3924,Closed,Medium,Email,Feature request,2023-12-22 22:12:34.000000,2023-12-26 11:18:55.826,Ready to use Software,Tier 1,France,48.864716,2.349014
3925,Closed,Low,Email,Product setup,2023-12-23 03:04:33.000000,2023-12-25 00:21:46.318,Ready to use Software,Tier 1,Germany,51.165691,10.451526
3926,Closed,Low,Email,Product setup,2023-12-22 12:38:22.000000,2023-12-26 07:25:59.347,Other,Tier 1,Bulgaria,42.7249925,25.4833039
3927,Closed,Low,Email,Purchasing and invoicing,2023-12-22 16:16:19.000000,2023-12-29 05:45:39.678,Ready to use Software,Tier 1,Germany,51.165691,10.451526
3928,Resolved,Medium,Email,Feature request,2023-12-23 14:16:43.000000,,Other,Tier 1,Czech Republic,49.8037633,15.4749126
3929,Closed,Medium,Chat,Purchasing and invoicing,2023-12-23 05:25:38.000000,2023-12-23 19:10:52.684,Ready to use Software,Tier 1,United Kingdom,55.378052,-3.435973
3930,Closed,High,Chat,Feature request,2023-12-23 09:29:19.000000,2023-12-26 19:55:26.133,Other,Tier 2,Republic of Ireland,53.094024,-8.019675
3965,Resolved,Medium,Chat,Pricing and licensing,2023-12-27 20:48:43.000000,,Ready to use Software,Tier 1,Republic of Ireland,53.094024,-8.019675
3966,Resolved,High,Email,Bug report,2023-12-27 16:10:03.000000,,Custom software development,Tier 1,Germany,51.165691,10.451526
3967,Resolved,Low,Email,Product setup,2023-12-28 01:16:47.000000,,Custom software development,Tier 2,United Kingdom,55.378052,-3.435973
3968,Closed,Low,Email,Product setup,2023-12-27 09:33:46.000000,2023-12-28 19:27:50.013,Ready to use Software,Tier 1,Austria,47.6964719,13.3457347
3970,Open,Low,Email,Product setup,2023-12-27 05:37:16.000000,,Custom software development,Tier 2,France,48.864716,2.349014
3971,Resolved,High,Chat,Product setup,2023-12-28 00:22:36.000000,,Custom software development,Tier 1,Italy,43.036776,12.678565
3972,Resolved,High,Chat,Product setup,2023-12-27 23:55:02.000000,,Ready to use Software,Tier 2,Austria,47.6964719,13.3457347
3973,Closed,High,Email,Pricing and licensing,2023-12-27 20:22:32.000000,2023-12-30 04:38:36.857,Other,Tier 1,Italy,43.036776,12.678565
3975,Closed,High,Email,Product setup,2023-12-29 00:21:47.000000,2023-12-30 09:11:11.071,Ready to use Software,Tier 2,United Kingdom,55.378052,-3.435973
3976,Resolved,Medium,Chat,Feature request,2023-12-28 17:19:41.000000,,Custom software development,Tier 1,Germany,51.165691,10.451526
3978,Closed,Low,Email,Feature request,2023-12-30 02:30:01.000000,2024-01-02 03:24:55.622,Custom software development,Tier 1,Poland,52.536273,19.050639
3979,Closed,Low,Email,Pricing and licensing,2023-12-29 19:27:25.000000,2024-01-01 04:55:57.414,Ready to use Software,Tier 2,United Kingdom,55.378052,-3.435973
3981,Resolved,Low,Chat,Bug report,2023-12-29 19:59:36.000000,,Ready to use Software,Tier 1,United Kingdom,55.378052,-3.435973
3982,Closed,High,Email,Feature request,2023-12-29 21:43:21.000000,2024-01-02 20:41:48.588,Ready to use Software,Tier 1,Germany,51.165691,10.451526
3983,Resolved,High,Email,Product setup,2023-12-29 17:16:43.000000,,Ready to use Software,Tier 1,Greece,39.368279,21.863141
3984,Resolved,Medium,Chat,Bug report,2023-12-29 19:00:44.000000,,Ready to use Software,Tier 1,Spain,39.67337,-4.767726
3985,Closed,Low,Chat,Feature request,2023-12-29 21:29:15.000000,2024-01-02 12:37:59.534,Custom software development,Tier 2,Slovenia,46.1491664,14.9860106
3986,In progress,High,Email,Purchasing and invoicing,2023-12-30 02:52:38.000000,,Training and Consulting Services,Tier 1,Slovenia,46.1491664,14.9860106
3987,Resolved,Low,Chat,Product setup,2023-12-29 20:20:30.000000,,Custom software development,Tier 2,France,48.864716,2.349014
3988,Resolved,Low,Email,Product setup,2023-12-29 08:33:04.000000,,Ready to use Software,Tier 1,Spain,39.67337,-4.767726
3996,Resolved,Medium,Email,Pricing and licensing,2023-12-30 08:11:44.000000,,Custom software development,Tier 1,Slovenia,46.1491664,14.9860106
3997,Resolved,High,Email,Feature request,2023-12-30 09:51:54.000000,,Other,Tier 2,Republic of Ireland,53.094024,-8.019675
3998,Resolved,Low,Email,Product setup,2023-12-30 18:16:56.000000,,Custom software development,Tier 1,Republic of Ireland,53.094024,-8.019675
3999,Resolved,High,Email,Feature request,2023-12-31 00:49:51.000000,,Custom software development,Tier 1,Germany,51.165691,10.451526
